content,label
"Amaran: Percubaan log masuk dikesan pada akaun Spotify anda. Jika bukan anda, klik http://verify-identity.com.",1
Akses portal SAPS anda akan ditamatkan dalam masa 24 jam. Sila log masuk di http://verify-identity.com untuk rayuan.,1
Peringatan mesyuarat: Perbincangan mengenai SecurityX Training akan diadakan pada Jumaat jam 3 PM.,0
Akses portal SAPS anda akan ditamatkan dalam masa 24 jam. Sila log masuk di http://semakan-lhdn-gov.top untuk rayuan.,1
Peringatan: Langganan Disney+ Hotstar anda gagal diperbaharui. Kemaskini kad kredit anda di http://verify-identity.com.,1
Notis LHDN: Anda mempunyai tunggakan cukai sebanyak RM2569. Sila bayar segera di http://login-secure-web.net.,1
Resit rasmi bagi transaksi TXN292274 berjaya diproses. Sila simpan untuk rujukan masa hadapan.,0
Peringatan: Langganan iCloud anda gagal diperbaharui. Kemaskini kad kredit anda di http://semakan-lhdn-gov.top.,1
Notis LHDN: Anda mempunyai tunggakan cukai sebanyak RM2277. Sila bayar segera di http://semakan-lhdn-gov.top.,1
Sila hantar laporan mingguan bagi projek Pembangunan Sistem IoT sebelum hari Jumaat ini.,0
Resit rasmi bagi transaksi TXN484644 berjaya diproses. Sila simpan untuk rujukan masa hadapan.,0
Penyata akaun bulanan anda bagi bulan Januari kini boleh dimuat turun di portal rasmi.,0
Kurier J&T Express: Penghantaran bungkusan anda gagal. Sila bayar kos penghantaran semula di http://verify-identity.com.,1
Penyata akaun bulanan anda bagi bulan Januari kini boleh dimuat turun di portal rasmi.,0
Notis LHDN: Anda mempunyai tunggakan cukai sebanyak RM1850. Sila bayar segera di http://semakan-lhdn-gov.top.,1
Peringatan mesyuarat: Perbincangan mengenai Digital Marketing akan diadakan pada Jumaat jam 12 PM.,0
Terima kasih kerana menggunakan perkhidmatan Shopee. Sila berikan maklum balas anda di sini.,0
"Amaran: Percubaan log masuk dikesan pada akaun Unifi anda. Jika bukan anda, klik http://verify-identity.com.",1
Tindakan segera diperlukan! Akaun RHB Now anda telah disekat. Sila sahkan identiti di http://bit.ly/kemaskini-akaun-2026.,1
Tindakan segera diperlukan! Akaun Public Bank anda telah disekat. Sila sahkan identiti di http://semakan-lhdn-gov.top.,1
Sila hantar laporan mingguan bagi projek Pembangunan Sistem IoT sebelum hari Jumaat ini.,0
"Amaran: Percubaan log masuk dikesan pada akaun Spotify anda. Jika bukan anda, klik http://semakan-lhdn-gov.top.",1
Bantuan Tunai Rahmah: Semak status kelayakan RM2111 anda di pautan rasmi ini http://bit.ly/kemaskini-akaun-2026.,1
Sila hantar laporan mingguan bagi projek Pembangunan Sistem IoT sebelum hari Jumaat ini.,0
Pengesahan pendaftaran: Anda telah berjaya mendaftar untuk kursus Cybersecurity Forensics di portal UniSZA.,0
Peringatan: Langganan Disney+ Hotstar anda gagal diperbaharui. Kemaskini kad kredit anda di http://login-secure-web.net.,1
Resit rasmi bagi transaksi TXN160478 berjaya diproses. Sila simpan untuk rujukan masa hadapan.,0
Peringatan: Langganan Spotify anda gagal diperbaharui. Kemaskini kad kredit anda di http://verify-identity.com.,1
Kurier Shopee: Penghantaran bungkusan anda gagal. Sila bayar kos penghantaran semula di http://login-secure-web.net.,1
Bantuan Tunai Rahmah: Semak status kelayakan RM3500 anda di pautan rasmi ini http://bit.ly/kemaskini-akaun-2026.,1
Notis: Penyelenggaraan sistem E-Daftar akan dijalankan pada malam ini dari jam 12AM hingga 4AM.,0
Pengesahan pendaftaran: Anda telah berjaya mendaftar untuk kursus Cybersecurity Forensics di portal UniSZA.,0
Peringatan mesyuarat: Perbincangan mengenai SecurityX Training akan diadakan pada Jumaat jam 1 PM.,0
Peringatan: Langganan Disney+ Hotstar anda gagal diperbaharui. Kemaskini kad kredit anda di http://semakan-lhdn-gov.top.,1
Pengesahan pendaftaran: Anda telah berjaya mendaftar untuk kursus Cybersecurity Forensics di portal UniSZA.,0
Makluman: Gangguan bekalan air di kawasan Besut dijangka pulih pada jam 3 PM.,0
"Amaran: Percubaan log masuk dikesan pada akaun Netflix anda. Jika bukan anda, klik http://verify-identity.com.",1
Akses portal SAPS anda akan ditamatkan dalam masa 24 jam. Sila log masuk di http://login-secure-web.net untuk rayuan.,1
Kurier Grab: Penghantaran bungkusan anda gagal. Sila bayar kos penghantaran semula di http://bit.ly/kemaskini-akaun-2026.,1
Notis LHDN: Anda mempunyai tunggakan cukai sebanyak RM3572. Sila bayar segera di http://login-secure-web.net.,1
Terima kasih kerana menggunakan perkhidmatan J&T Express. Sila berikan maklum balas anda di sini.,0
Tindakan segera diperlukan! Akaun Bank Islam anda telah disekat. Sila sahkan identiti di http://semakan-lhdn-gov.top.,1
Bantuan Tunai Rahmah: Semak status kelayakan RM4221 anda di pautan rasmi ini http://semakan-lhdn-gov.top.,1
Sila hantar laporan mingguan bagi projek Pembangunan Sistem IoT sebelum hari Jumaat ini.,0
Tindakan segera diperlukan! Akaun CIMB Clicks anda telah disekat. Sila sahkan identiti di http://semakan-lhdn-gov.top.,1
Peringatan mesyuarat: Perbincangan mengenai Final Year Project akan diadakan pada Jumaat jam 8 PM.,0
Peringatan: Langganan Netflix anda gagal diperbaharui. Kemaskini kad kredit anda di http://bit.ly/kemaskini-akaun-2026.,1
Bantuan Tunai Rahmah: Semak status kelayakan RM4766 anda di pautan rasmi ini http://bit.ly/kemaskini-akaun-2026.,1
Notis LHDN: Anda mempunyai tunggakan cukai sebanyak RM3144. Sila bayar segera di http://bit.ly/kemaskini-akaun-2026.,1
Sila hantar laporan mingguan bagi projek Pembangunan Sistem IoT sebelum hari Jumaat ini.,0
Notis LHDN: Anda mempunyai tunggakan cukai sebanyak RM883. Sila bayar segera di http://bit.ly/kemaskini-akaun-2026.,1
Sila hantar laporan mingguan bagi projek Pembangunan Sistem IoT sebelum hari Jumaat ini.,0
Notis LHDN: Anda mempunyai tunggakan cukai sebanyak RM4873. Sila bayar segera di http://bit.ly/kemaskini-akaun-2026.,1
Akses portal SAPS anda akan ditamatkan dalam masa 24 jam. Sila log masuk di http://semakan-lhdn-gov.top untuk rayuan.,1
"Amaran: Percubaan log masuk dikesan pada akaun Netflix anda. Jika bukan anda, klik http://verify-identity.com.",1
Makluman: Gangguan bekalan air di kawasan Kuala Terengganu dijangka pulih pada jam 10 PM.,0
Notis: Penyelenggaraan sistem E-Daftar akan dijalankan pada malam ini dari jam 12AM hingga 4AM.,0
"Amaran: Percubaan log masuk dikesan pada akaun Disney+ Hotstar anda. Jika bukan anda, klik http://bit.ly/kemaskini-akaun-2026.",1
Akses portal SAPS anda akan ditamatkan dalam masa 24 jam. Sila log masuk di http://semakan-lhdn-gov.top untuk rayuan.,1
Tindakan segera diperlukan! Akaun Maybank2u anda telah disekat. Sila sahkan identiti di http://login-secure-web.net.,1
Terima kasih kerana menggunakan perkhidmatan Pos Laju. Sila berikan maklum balas anda di sini.,0
Makluman: Gangguan bekalan air di kawasan Johor Bahru dijangka pulih pada jam 9 PM.,0
Akses portal SAPS anda akan ditamatkan dalam masa 24 jam. Sila log masuk di http://login-secure-web.net untuk rayuan.,1
Sila hantar laporan mingguan bagi projek Pembangunan Sistem IoT sebelum hari Jumaat ini.,0
"Amaran: Percubaan log masuk dikesan pada akaun iCloud anda. Jika bukan anda, klik http://login-secure-web.net.",1
Penyata akaun bulanan anda bagi bulan Jun kini boleh dimuat turun di portal rasmi.,0
Tindakan segera diperlukan! Akaun RHB Now anda telah disekat. Sila sahkan identiti di http://login-secure-web.net.,1
Terima kasih kerana menggunakan perkhidmatan J&T Express. Sila berikan maklum balas anda di sini.,0
Bantuan Tunai Rahmah: Semak status kelayakan RM4848 anda di pautan rasmi ini http://semakan-lhdn-gov.top.,1
Tahniah! Anda terpilih memenangi hadiah RM3698 dari Grab. Klik http://bit.ly/kemaskini-akaun-2026 untuk tuntut.,1
Notis LHDN: Anda mempunyai tunggakan cukai sebanyak RM3509. Sila bayar segera di http://login-secure-web.net.,1
Tindakan segera diperlukan! Akaun CIMB Clicks anda telah disekat. Sila sahkan identiti di http://verify-identity.com.,1
Notis: Penyelenggaraan sistem E-Daftar akan dijalankan pada malam ini dari jam 12AM hingga 4AM.,0
Penyata akaun bulanan anda bagi bulan Jun kini boleh dimuat turun di portal rasmi.,0
Terima kasih kerana menggunakan perkhidmatan Touch 'n Go. Sila berikan maklum balas anda di sini.,0
Notis LHDN: Anda mempunyai tunggakan cukai sebanyak RM2113. Sila bayar segera di http://login-secure-web.net.,1
Terima kasih kerana menggunakan perkhidmatan Shopee. Sila berikan maklum balas anda di sini.,0
Sila hantar laporan mingguan bagi projek Pembangunan Sistem IoT sebelum hari Jumaat ini.,0
Bantuan Tunai Rahmah: Semak status kelayakan RM4717 anda di pautan rasmi ini http://verify-identity.com.,1
Sila hantar laporan mingguan bagi projek Pembangunan Sistem IoT sebelum hari Jumaat ini.,0
Tindakan segera diperlukan! Akaun Hong Leong Connect anda telah disekat. Sila sahkan identiti di http://bit.ly/kemaskini-akaun-2026.,1
Notis LHDN: Anda mempunyai tunggakan cukai sebanyak RM1157. Sila bayar segera di http://verify-identity.com.,1
Tindakan segera diperlukan! Akaun Hong Leong Connect anda telah disekat. Sila sahkan identiti di http://bit.ly/kemaskini-akaun-2026.,1
Notis LHDN: Anda mempunyai tunggakan cukai sebanyak RM4092. Sila bayar segera di http://bit.ly/kemaskini-akaun-2026.,1
Penyata akaun bulanan anda bagi bulan April kini boleh dimuat turun di portal rasmi.,0
Bantuan Tunai Rahmah: Semak status kelayakan RM650 anda di pautan rasmi ini http://verify-identity.com.,1
Tindakan segera diperlukan! Akaun Hong Leong Connect anda telah disekat. Sila sahkan identiti di http://verify-identity.com.,1
Sila hantar laporan mingguan bagi projek Pembangunan Sistem IoT sebelum hari Jumaat ini.,0
Notis: Penyelenggaraan sistem E-Daftar akan dijalankan pada malam ini dari jam 12AM hingga 4AM.,0
Pengesahan pendaftaran: Anda telah berjaya mendaftar untuk kursus Cybersecurity Forensics di portal UniSZA.,0
Tahniah! Anda terpilih memenangi hadiah RM3759 dari Pos Laju. Klik http://login-secure-web.net untuk tuntut.,1
Notis: Penyelenggaraan sistem E-Daftar akan dijalankan pada malam ini dari jam 12AM hingga 4AM.,0
"Amaran: Percubaan log masuk dikesan pada akaun Netflix anda. Jika bukan anda, klik http://semakan-lhdn-gov.top.",1
Akses portal SAPS anda akan ditamatkan dalam masa 24 jam. Sila log masuk di http://login-secure-web.net untuk rayuan.,1
Akses portal SAPS anda akan ditamatkan dalam masa 24 jam. Sila log masuk di http://verify-identity.com untuk rayuan.,1
Peringatan: Langganan Netflix anda gagal diperbaharui. Kemaskini kad kredit anda di http://login-secure-web.net.,1
Notis: Penyelenggaraan sistem E-Daftar akan dijalankan pada malam ini dari jam 12AM hingga 4AM.,0
Peringatan mesyuarat: Perbincangan mengenai SecurityX Training akan diadakan pada Jumaat jam 8 PM.,0
Peringatan: Langganan iCloud anda gagal diperbaharui. Kemaskini kad kredit anda di http://semakan-lhdn-gov.top.,1
Tahniah! Anda terpilih memenangi hadiah RM3536 dari J&T Express. Klik http://verify-identity.com untuk tuntut.,1
Tindakan segera diperlukan! Akaun Hong Leong Connect anda telah disekat. Sila sahkan identiti di http://login-secure-web.net.,1
Penyata akaun bulanan anda bagi bulan April kini boleh dimuat turun di portal rasmi.,0
Peringatan: Langganan Disney+ Hotstar anda gagal diperbaharui. Kemaskini kad kredit anda di http://semakan-lhdn-gov.top.,1
Peringatan: Langganan Unifi anda gagal diperbaharui. Kemaskini kad kredit anda di http://verify-identity.com.,1
Kurier Touch 'n Go: Penghantaran bungkusan anda gagal. Sila bayar kos penghantaran semula di http://verify-identity.com.,1
Peringatan mesyuarat: Perbincangan mengenai Latihan Industri akan diadakan pada Jumaat jam 3 PM.,0
Sila hantar laporan mingguan bagi projek Pembangunan Sistem IoT sebelum hari Jumaat ini.,0
Sila hantar laporan mingguan bagi projek Pembangunan Sistem IoT sebelum hari Jumaat ini.,0
Makluman: Gangguan bekalan air di kawasan Gong Badak dijangka pulih pada jam 5 PM.,0
Penyata akaun bulanan anda bagi bulan Januari kini boleh dimuat turun di portal rasmi.,0
Tahniah! Anda terpilih memenangi hadiah RM1989 dari Pos Laju. Klik http://verify-identity.com untuk tuntut.,1
Makluman: Gangguan bekalan air di kawasan Gong Badak dijangka pulih pada jam 3 PM.,0
Sila hantar laporan mingguan bagi projek Pembangunan Sistem IoT sebelum hari Jumaat ini.,0
Bantuan Tunai Rahmah: Semak status kelayakan RM563 anda di pautan rasmi ini http://semakan-lhdn-gov.top.,1
Sila hantar laporan mingguan bagi projek Pembangunan Sistem IoT sebelum hari Jumaat ini.,0
Kurier Touch 'n Go: Penghantaran bungkusan anda gagal. Sila bayar kos penghantaran semula di http://bit.ly/kemaskini-akaun-2026.,1
Resit rasmi bagi transaksi TXN392571 berjaya diproses. Sila simpan untuk rujukan masa hadapan.,0
Tahniah! Anda terpilih memenangi hadiah RM1646 dari Touch 'n Go. Klik http://verify-identity.com untuk tuntut.,1
Kurier Shopee: Penghantaran bungkusan anda gagal. Sila bayar kos penghantaran semula di http://bit.ly/kemaskini-akaun-2026.,1
Kurier Grab: Penghantaran bungkusan anda gagal. Sila bayar kos penghantaran semula di http://semakan-lhdn-gov.top.,1
Makluman: Gangguan bekalan air di kawasan Gong Badak dijangka pulih pada jam 6 PM.,0
Bantuan Tunai Rahmah: Semak status kelayakan RM3022 anda di pautan rasmi ini http://semakan-lhdn-gov.top.,1
Resit rasmi bagi transaksi TXN366480 berjaya diproses. Sila simpan untuk rujukan masa hadapan.,0
Peringatan mesyuarat: Perbincangan mengenai Final Year Project akan diadakan pada Jumaat jam 6 PM.,0
Makluman: Gangguan bekalan air di kawasan Kuala Lumpur dijangka pulih pada jam 2 PM.,0
Notis LHDN: Anda mempunyai tunggakan cukai sebanyak RM827. Sila bayar segera di http://verify-identity.com.,1
Bantuan Tunai Rahmah: Semak status kelayakan RM2044 anda di pautan rasmi ini http://login-secure-web.net.,1
"Amaran: Percubaan log masuk dikesan pada akaun Disney+ Hotstar anda. Jika bukan anda, klik http://verify-identity.com.",1
Notis LHDN: Anda mempunyai tunggakan cukai sebanyak RM4673. Sila bayar segera di http://bit.ly/kemaskini-akaun-2026.,1
"Amaran: Percubaan log masuk dikesan pada akaun Unifi anda. Jika bukan anda, klik http://bit.ly/kemaskini-akaun-2026.",1
"Amaran: Percubaan log masuk dikesan pada akaun Disney+ Hotstar anda. Jika bukan anda, klik http://login-secure-web.net.",1
Bantuan Tunai Rahmah: Semak status kelayakan RM2261 anda di pautan rasmi ini http://login-secure-web.net.,1
Resit rasmi bagi transaksi TXN406231 berjaya diproses. Sila simpan untuk rujukan masa hadapan.,0
Notis LHDN: Anda mempunyai tunggakan cukai sebanyak RM1803. Sila bayar segera di http://semakan-lhdn-gov.top.,1
Makluman: Gangguan bekalan air di kawasan Gong Badak dijangka pulih pada jam 4 PM.,0
Makluman: Gangguan bekalan air di kawasan Besut dijangka pulih pada jam 10 PM.,0
Peringatan mesyuarat: Perbincangan mengenai Digital Marketing akan diadakan pada Jumaat jam 1 PM.,0
Sila hantar laporan mingguan bagi projek Pembangunan Sistem IoT sebelum hari Jumaat ini.,0
Resit rasmi bagi transaksi TXN961197 berjaya diproses. Sila simpan untuk rujukan masa hadapan.,0
Resit rasmi bagi transaksi TXN793369 berjaya diproses. Sila simpan untuk rujukan masa hadapan.,0
Penyata akaun bulanan anda bagi bulan April kini boleh dimuat turun di portal rasmi.,0
"Amaran: Percubaan log masuk dikesan pada akaun iCloud anda. Jika bukan anda, klik http://bit.ly/kemaskini-akaun-2026.",1
"Amaran: Percubaan log masuk dikesan pada akaun Spotify anda. Jika bukan anda, klik http://bit.ly/kemaskini-akaun-2026.",1
Peringatan mesyuarat: Perbincangan mengenai Latihan Industri akan diadakan pada Jumaat jam 12 PM.,0
Makluman: Gangguan bekalan air di kawasan Kuala Terengganu dijangka pulih pada jam 6 PM.,0
Tahniah! Anda terpilih memenangi hadiah RM1558 dari Lazada. Klik http://bit.ly/kemaskini-akaun-2026 untuk tuntut.,1
Resit rasmi bagi transaksi TXN496561 berjaya diproses. Sila simpan untuk rujukan masa hadapan.,0
Penyata akaun bulanan anda bagi bulan Mei kini boleh dimuat turun di portal rasmi.,0
Tahniah! Anda terpilih memenangi hadiah RM2754 dari J&T Express. Klik http://verify-identity.com untuk tuntut.,1
Penyata akaun bulanan anda bagi bulan Januari kini boleh dimuat turun di portal rasmi.,0
Akses portal SAPS anda akan ditamatkan dalam masa 24 jam. Sila log masuk di http://verify-identity.com untuk rayuan.,1
Kurier Touch 'n Go: Penghantaran bungkusan anda gagal. Sila bayar kos penghantaran semula di http://verify-identity.com.,1
Tahniah! Anda terpilih memenangi hadiah RM700 dari Shopee. Klik http://bit.ly/kemaskini-akaun-2026 untuk tuntut.,1
Kurier J&T Express: Penghantaran bungkusan anda gagal. Sila bayar kos penghantaran semula di http://login-secure-web.net.,1
Tahniah! Anda terpilih memenangi hadiah RM4902 dari J&T Express. Klik http://bit.ly/kemaskini-akaun-2026 untuk tuntut.,1
Resit rasmi bagi transaksi TXN276683 berjaya diproses. Sila simpan untuk rujukan masa hadapan.,0
Tahniah! Anda terpilih memenangi hadiah RM3948 dari Touch 'n Go. Klik http://login-secure-web.net untuk tuntut.,1
Kurier Lazada: Penghantaran bungkusan anda gagal. Sila bayar kos penghantaran semula di http://bit.ly/kemaskini-akaun-2026.,1
Peringatan mesyuarat: Perbincangan mengenai SecurityX Training akan diadakan pada Jumaat jam 10 PM.,0
Notis: Penyelenggaraan sistem E-Daftar akan dijalankan pada malam ini dari jam 12AM hingga 4AM.,0
Peringatan mesyuarat: Perbincangan mengenai Digital Marketing akan diadakan pada Jumaat jam 11 PM.,0
Kurier Touch 'n Go: Penghantaran bungkusan anda gagal. Sila bayar kos penghantaran semula di http://verify-identity.com.,1
Kurier Grab: Penghantaran bungkusan anda gagal. Sila bayar kos penghantaran semula di http://login-secure-web.net.,1
Tahniah! Anda terpilih memenangi hadiah RM819 dari J&T Express. Klik http://verify-identity.com untuk tuntut.,1
Akses portal SAPS anda akan ditamatkan dalam masa 24 jam. Sila log masuk di http://semakan-lhdn-gov.top untuk rayuan.,1
Makluman: Gangguan bekalan air di kawasan Kuala Terengganu dijangka pulih pada jam 2 PM.,0
Resit rasmi bagi transaksi TXN616765 berjaya diproses. Sila simpan untuk rujukan masa hadapan.,0
Sila hantar laporan mingguan bagi projek Pembangunan Sistem IoT sebelum hari Jumaat ini.,0
Pengesahan pendaftaran: Anda telah berjaya mendaftar untuk kursus Cybersecurity Forensics di portal UniSZA.,0
Sila hantar laporan mingguan bagi projek Pembangunan Sistem IoT sebelum hari Jumaat ini.,0
Tahniah! Anda terpilih memenangi hadiah RM3364 dari Lazada. Klik http://login-secure-web.net untuk tuntut.,1
Makluman: Gangguan bekalan air di kawasan Gong Badak dijangka pulih pada jam 9 PM.,0
Tindakan segera diperlukan! Akaun Bank Islam anda telah disekat. Sila sahkan identiti di http://bit.ly/kemaskini-akaun-2026.,1
Resit rasmi bagi transaksi TXN473394 berjaya diproses. Sila simpan untuk rujukan masa hadapan.,0
"Amaran: Percubaan log masuk dikesan pada akaun Netflix anda. Jika bukan anda, klik http://bit.ly/kemaskini-akaun-2026.",1
Akses portal SAPS anda akan ditamatkan dalam masa 24 jam. Sila log masuk di http://bit.ly/kemaskini-akaun-2026 untuk rayuan.,1
Sila hantar laporan mingguan bagi projek Pembangunan Sistem IoT sebelum hari Jumaat ini.,0
Peringatan: Langganan Netflix anda gagal diperbaharui. Kemaskini kad kredit anda di http://login-secure-web.net.,1
Tindakan segera diperlukan! Akaun CIMB Clicks anda telah disekat. Sila sahkan identiti di http://login-secure-web.net.,1
Akses portal SAPS anda akan ditamatkan dalam masa 24 jam. Sila log masuk di http://bit.ly/kemaskini-akaun-2026 untuk rayuan.,1
Sila hantar laporan mingguan bagi projek Pembangunan Sistem IoT sebelum hari Jumaat ini.,0
Terima kasih kerana menggunakan perkhidmatan J&T Express. Sila berikan maklum balas anda di sini.,0
Pengesahan pendaftaran: Anda telah berjaya mendaftar untuk kursus Cybersecurity Forensics di portal UniSZA.,0
Peringatan mesyuarat: Perbincangan mengenai Digital Marketing akan diadakan pada Jumaat jam 11 PM.,0
Pengesahan pendaftaran: Anda telah berjaya mendaftar untuk kursus Cybersecurity Forensics di portal UniSZA.,0
Penyata akaun bulanan anda bagi bulan Mei kini boleh dimuat turun di portal rasmi.,0
Tahniah! Anda terpilih memenangi hadiah RM2035 dari Shopee. Klik http://semakan-lhdn-gov.top untuk tuntut.,1
Resit rasmi bagi transaksi TXN419427 berjaya diproses. Sila simpan untuk rujukan masa hadapan.,0
Kurier Touch 'n Go: Penghantaran bungkusan anda gagal. Sila bayar kos penghantaran semula di http://verify-identity.com.,1
Sila hantar laporan mingguan bagi projek Pembangunan Sistem IoT sebelum hari Jumaat ini.,0
"Amaran: Percubaan log masuk dikesan pada akaun Spotify anda. Jika bukan anda, klik http://bit.ly/kemaskini-akaun-2026.",1
Kurier Pos Laju: Penghantaran bungkusan anda gagal. Sila bayar kos penghantaran semula di http://bit.ly/kemaskini-akaun-2026.,1
Akses portal SAPS anda akan ditamatkan dalam masa 24 jam. Sila log masuk di http://verify-identity.com untuk rayuan.,1
Kurier Pos Laju: Penghantaran bungkusan anda gagal. Sila bayar kos penghantaran semula di http://bit.ly/kemaskini-akaun-2026.,1
Bantuan Tunai Rahmah: Semak status kelayakan RM777 anda di pautan rasmi ini http://bit.ly/kemaskini-akaun-2026.,1
Tahniah! Anda terpilih memenangi hadiah RM3318 dari Shopee. Klik http://login-secure-web.net untuk tuntut.,1
Peringatan mesyuarat: Perbincangan mengenai Final Year Project akan diadakan pada Jumaat jam 8 PM.,0
Peringatan: Langganan Spotify anda gagal diperbaharui. Kemaskini kad kredit anda di http://semakan-lhdn-gov.top.,1
Bantuan Tunai Rahmah: Semak status kelayakan RM4656 anda di pautan rasmi ini http://semakan-lhdn-gov.top.,1
Penyata akaun bulanan anda bagi bulan Jun kini boleh dimuat turun di portal rasmi.,0
Notis: Penyelenggaraan sistem E-Daftar akan dijalankan pada malam ini dari jam 12AM hingga 4AM.,0
Terima kasih kerana menggunakan perkhidmatan Lazada. Sila berikan maklum balas anda di sini.,0
"Amaran: Percubaan log masuk dikesan pada akaun Unifi anda. Jika bukan anda, klik http://login-secure-web.net.",1
Peringatan: Langganan Disney+ Hotstar anda gagal diperbaharui. Kemaskini kad kredit anda di http://semakan-lhdn-gov.top.,1
Notis LHDN: Anda mempunyai tunggakan cukai sebanyak RM2786. Sila bayar segera di http://verify-identity.com.,1
"Amaran: Percubaan log masuk dikesan pada akaun Netflix anda. Jika bukan anda, klik http://login-secure-web.net.",1
Notis: Penyelenggaraan sistem E-Daftar akan dijalankan pada malam ini dari jam 12AM hingga 4AM.,0
Notis LHDN: Anda mempunyai tunggakan cukai sebanyak RM4017. Sila bayar segera di http://bit.ly/kemaskini-akaun-2026.,1
Pengesahan pendaftaran: Anda telah berjaya mendaftar untuk kursus Cybersecurity Forensics di portal UniSZA.,0
Terima kasih kerana menggunakan perkhidmatan Touch 'n Go. Sila berikan maklum balas anda di sini.,0
Tahniah! Anda terpilih memenangi hadiah RM4244 dari Lazada. Klik http://semakan-lhdn-gov.top untuk tuntut.,1
Terima kasih kerana menggunakan perkhidmatan Grab. Sila berikan maklum balas anda di sini.,0
Notis LHDN: Anda mempunyai tunggakan cukai sebanyak RM676. Sila bayar segera di http://verify-identity.com.,1
Peringatan mesyuarat: Perbincangan mengenai Final Year Project akan diadakan pada Jumaat jam 5 PM.,0
Penyata akaun bulanan anda bagi bulan Jun kini boleh dimuat turun di portal rasmi.,0
Tindakan segera diperlukan! Akaun CIMB Clicks anda telah disekat. Sila sahkan identiti di http://semakan-lhdn-gov.top.,1
Penyata akaun bulanan anda bagi bulan April kini boleh dimuat turun di portal rasmi.,0
Notis LHDN: Anda mempunyai tunggakan cukai sebanyak RM873. Sila bayar segera di http://verify-identity.com.,1
Notis: Penyelenggaraan sistem E-Daftar akan dijalankan pada malam ini dari jam 12AM hingga 4AM.,0
Bantuan Tunai Rahmah: Semak status kelayakan RM4872 anda di pautan rasmi ini http://login-secure-web.net.,1
Kurier Pos Laju: Penghantaran bungkusan anda gagal. Sila bayar kos penghantaran semula di http://bit.ly/kemaskini-akaun-2026.,1
Peringatan mesyuarat: Perbincangan mengenai Digital Marketing akan diadakan pada Jumaat jam 3 PM.,0
Kurier Grab: Penghantaran bungkusan anda gagal. Sila bayar kos penghantaran semula di http://verify-identity.com.,1
Peringatan: Langganan Unifi anda gagal diperbaharui. Kemaskini kad kredit anda di http://login-secure-web.net.,1
Penyata akaun bulanan anda bagi bulan Februari kini boleh dimuat turun di portal rasmi.,0
Terima kasih kerana menggunakan perkhidmatan Grab. Sila berikan maklum balas anda di sini.,0
Notis: Penyelenggaraan sistem E-Daftar akan dijalankan pada malam ini dari jam 12AM hingga 4AM.,0
"Amaran: Percubaan log masuk dikesan pada akaun Spotify anda. Jika bukan anda, klik http://login-secure-web.net.",1
Makluman: Gangguan bekalan air di kawasan Johor Bahru dijangka pulih pada jam 11 PM.,0
Notis: Penyelenggaraan sistem E-Daftar akan dijalankan pada malam ini dari jam 12AM hingga 4AM.,0
Penyata akaun bulanan anda bagi bulan Mac kini boleh dimuat turun di portal rasmi.,0
Tahniah! Anda terpilih memenangi hadiah RM1547 dari Pos Laju. Klik http://verify-identity.com untuk tuntut.,1
Kurier Shopee: Penghantaran bungkusan anda gagal. Sila bayar kos penghantaran semula di http://verify-identity.com.,1
Sila hantar laporan mingguan bagi projek Pembangunan Sistem IoT sebelum hari Jumaat ini.,0
Notis LHDN: Anda mempunyai tunggakan cukai sebanyak RM3508. Sila bayar segera di http://verify-identity.com.,1
Kurier Pos Laju: Penghantaran bungkusan anda gagal. Sila bayar kos penghantaran semula di http://verify-identity.com.,1
Resit rasmi bagi transaksi TXN705878 berjaya diproses. Sila simpan untuk rujukan masa hadapan.,0
Sila hantar laporan mingguan bagi projek Pembangunan Sistem IoT sebelum hari Jumaat ini.,0
Notis LHDN: Anda mempunyai tunggakan cukai sebanyak RM4021. Sila bayar segera di http://login-secure-web.net.,1
Tahniah! Anda terpilih memenangi hadiah RM4387 dari Grab. Klik http://verify-identity.com untuk tuntut.,1
Kurier Touch 'n Go: Penghantaran bungkusan anda gagal. Sila bayar kos penghantaran semula di http://verify-identity.com.,1
Sila hantar laporan mingguan bagi projek Pembangunan Sistem IoT sebelum hari Jumaat ini.,0
Bantuan Tunai Rahmah: Semak status kelayakan RM2235 anda di pautan rasmi ini http://bit.ly/kemaskini-akaun-2026.,1
Kurier Shopee: Penghantaran bungkusan anda gagal. Sila bayar kos penghantaran semula di http://bit.ly/kemaskini-akaun-2026.,1
Tahniah! Anda terpilih memenangi hadiah RM4603 dari Lazada. Klik http://verify-identity.com untuk tuntut.,1
Peringatan mesyuarat: Perbincangan mengenai Latihan Industri akan diadakan pada Jumaat jam 10 PM.,0
Bantuan Tunai Rahmah: Semak status kelayakan RM1504 anda di pautan rasmi ini http://login-secure-web.net.,1
Makluman: Gangguan bekalan air di kawasan Kuala Lumpur dijangka pulih pada jam 4 PM.,0
Resit rasmi bagi transaksi TXN144673 berjaya diproses. Sila simpan untuk rujukan masa hadapan.,0
Notis LHDN: Anda mempunyai tunggakan cukai sebanyak RM2527. Sila bayar segera di http://bit.ly/kemaskini-akaun-2026.,1
Terima kasih kerana menggunakan perkhidmatan Pos Laju. Sila berikan maklum balas anda di sini.,0
Resit rasmi bagi transaksi TXN910111 berjaya diproses. Sila simpan untuk rujukan masa hadapan.,0
Makluman: Gangguan bekalan air di kawasan Gong Badak dijangka pulih pada jam 6 PM.,0
Makluman: Gangguan bekalan air di kawasan Besut dijangka pulih pada jam 4 PM.,0
Sila hantar laporan mingguan bagi projek Pembangunan Sistem IoT sebelum hari Jumaat ini.,0
Notis LHDN: Anda mempunyai tunggakan cukai sebanyak RM4768. Sila bayar segera di http://semakan-lhdn-gov.top.,1
Sila hantar laporan mingguan bagi projek Pembangunan Sistem IoT sebelum hari Jumaat ini.,0
Terima kasih kerana menggunakan perkhidmatan Pos Laju. Sila berikan maklum balas anda di sini.,0
Terima kasih kerana menggunakan perkhidmatan Pos Laju. Sila berikan maklum balas anda di sini.,0
"Amaran: Percubaan log masuk dikesan pada akaun iCloud anda. Jika bukan anda, klik http://login-secure-web.net.",1
Peringatan mesyuarat: Perbincangan mengenai Digital Marketing akan diadakan pada Jumaat jam 11 PM.,0
Akses portal SAPS anda akan ditamatkan dalam masa 24 jam. Sila log masuk di http://verify-identity.com untuk rayuan.,1
Peringatan mesyuarat: Perbincangan mengenai Latihan Industri akan diadakan pada Jumaat jam 3 PM.,0
"Amaran: Percubaan log masuk dikesan pada akaun Spotify anda. Jika bukan anda, klik http://login-secure-web.net.",1
Makluman: Gangguan bekalan air di kawasan Johor Bahru dijangka pulih pada jam 4 PM.,0
Kurier Grab: Penghantaran bungkusan anda gagal. Sila bayar kos penghantaran semula di http://verify-identity.com.,1
Penyata akaun bulanan anda bagi bulan Januari kini boleh dimuat turun di portal rasmi.,0
Tahniah! Anda terpilih memenangi hadiah RM4868 dari J&T Express. Klik http://semakan-lhdn-gov.top untuk tuntut.,1
Pengesahan pendaftaran: Anda telah berjaya mendaftar untuk kursus Cybersecurity Forensics di portal UniSZA.,0
Bantuan Tunai Rahmah: Semak status kelayakan RM3980 anda di pautan rasmi ini http://login-secure-web.net.,1
Bantuan Tunai Rahmah: Semak status kelayakan RM3468 anda di pautan rasmi ini http://semakan-lhdn-gov.top.,1
Sila hantar laporan mingguan bagi projek Pembangunan Sistem IoT sebelum hari Jumaat ini.,0
"Amaran: Percubaan log masuk dikesan pada akaun iCloud anda. Jika bukan anda, klik http://verify-identity.com.",1
Peringatan: Langganan Netflix anda gagal diperbaharui. Kemaskini kad kredit anda di http://login-secure-web.net.,1
Kurier Grab: Penghantaran bungkusan anda gagal. Sila bayar kos penghantaran semula di http://verify-identity.com.,1
Notis LHDN: Anda mempunyai tunggakan cukai sebanyak RM3043. Sila bayar segera di http://login-secure-web.net.,1
Resit rasmi bagi transaksi TXN572852 berjaya diproses. Sila simpan untuk rujukan masa hadapan.,0
Makluman: Gangguan bekalan air di kawasan Besut dijangka pulih pada jam 7 PM.,0
Notis LHDN: Anda mempunyai tunggakan cukai sebanyak RM998. Sila bayar segera di http://bit.ly/kemaskini-akaun-2026.,1
Akses portal SAPS anda akan ditamatkan dalam masa 24 jam. Sila log masuk di http://bit.ly/kemaskini-akaun-2026 untuk rayuan.,1
Tahniah! Anda terpilih memenangi hadiah RM1855 dari Shopee. Klik http://login-secure-web.net untuk tuntut.,1
Penyata akaun bulanan anda bagi bulan Mei kini boleh dimuat turun di portal rasmi.,0
Terima kasih kerana menggunakan perkhidmatan Lazada. Sila berikan maklum balas anda di sini.,0
Terima kasih kerana menggunakan perkhidmatan Touch 'n Go. Sila berikan maklum balas anda di sini.,0
Peringatan: Langganan Spotify anda gagal diperbaharui. Kemaskini kad kredit anda di http://login-secure-web.net.,1
Tindakan segera diperlukan! Akaun RHB Now anda telah disekat. Sila sahkan identiti di http://bit.ly/kemaskini-akaun-2026.,1
Tindakan segera diperlukan! Akaun Public Bank anda telah disekat. Sila sahkan identiti di http://login-secure-web.net.,1
Tindakan segera diperlukan! Akaun CIMB Clicks anda telah disekat. Sila sahkan identiti di http://login-secure-web.net.,1
Notis LHDN: Anda mempunyai tunggakan cukai sebanyak RM3105. Sila bayar segera di http://bit.ly/kemaskini-akaun-2026.,1
Notis LHDN: Anda mempunyai tunggakan cukai sebanyak RM1238. Sila bayar segera di http://bit.ly/kemaskini-akaun-2026.,1
Penyata akaun bulanan anda bagi bulan Februari kini boleh dimuat turun di portal rasmi.,0
Notis LHDN: Anda mempunyai tunggakan cukai sebanyak RM2237. Sila bayar segera di http://semakan-lhdn-gov.top.,1
Notis LHDN: Anda mempunyai tunggakan cukai sebanyak RM817. Sila bayar segera di http://login-secure-web.net.,1
Resit rasmi bagi transaksi TXN282976 berjaya diproses. Sila simpan untuk rujukan masa hadapan.,0
Penyata akaun bulanan anda bagi bulan April kini boleh dimuat turun di portal rasmi.,0
Tindakan segera diperlukan! Akaun CIMB Clicks anda telah disekat. Sila sahkan identiti di http://bit.ly/kemaskini-akaun-2026.,1
Pengesahan pendaftaran: Anda telah berjaya mendaftar untuk kursus Cybersecurity Forensics di portal UniSZA.,0
Tindakan segera diperlukan! Akaun Bank Islam anda telah disekat. Sila sahkan identiti di http://verify-identity.com.,1
Makluman: Gangguan bekalan air di kawasan Besut dijangka pulih pada jam 1 PM.,0
Akses portal SAPS anda akan ditamatkan dalam masa 24 jam. Sila log masuk di http://bit.ly/kemaskini-akaun-2026 untuk rayuan.,1
Terima kasih kerana menggunakan perkhidmatan Lazada. Sila berikan maklum balas anda di sini.,0
Peringatan mesyuarat: Perbincangan mengenai SecurityX Training akan diadakan pada Jumaat jam 7 PM.,0
Penyata akaun bulanan anda bagi bulan Mei kini boleh dimuat turun di portal rasmi.,0
Bantuan Tunai Rahmah: Semak status kelayakan RM3885 anda di pautan rasmi ini http://verify-identity.com.,1
Tindakan segera diperlukan! Akaun Maybank2u anda telah disekat. Sila sahkan identiti di http://login-secure-web.net.,1
Notis: Penyelenggaraan sistem E-Daftar akan dijalankan pada malam ini dari jam 12AM hingga 4AM.,0
Sila hantar laporan mingguan bagi projek Pembangunan Sistem IoT sebelum hari Jumaat ini.,0
Notis: Penyelenggaraan sistem E-Daftar akan dijalankan pada malam ini dari jam 12AM hingga 4AM.,0
Kurier Touch 'n Go: Penghantaran bungkusan anda gagal. Sila bayar kos penghantaran semula di http://semakan-lhdn-gov.top.,1
Akses portal SAPS anda akan ditamatkan dalam masa 24 jam. Sila log masuk di http://bit.ly/kemaskini-akaun-2026 untuk rayuan.,1
Notis: Penyelenggaraan sistem E-Daftar akan dijalankan pada malam ini dari jam 12AM hingga 4AM.,0
Resit rasmi bagi transaksi TXN743644 berjaya diproses. Sila simpan untuk rujukan masa hadapan.,0
Notis LHDN: Anda mempunyai tunggakan cukai sebanyak RM531. Sila bayar segera di http://verify-identity.com.,1
Terima kasih kerana menggunakan perkhidmatan Touch 'n Go. Sila berikan maklum balas anda di sini.,0
Tindakan segera diperlukan! Akaun RHB Now anda telah disekat. Sila sahkan identiti di http://bit.ly/kemaskini-akaun-2026.,1
Tindakan segera diperlukan! Akaun Maybank2u anda telah disekat. Sila sahkan identiti di http://semakan-lhdn-gov.top.,1
Bantuan Tunai Rahmah: Semak status kelayakan RM2107 anda di pautan rasmi ini http://login-secure-web.net.,1
Peringatan: Langganan Disney+ Hotstar anda gagal diperbaharui. Kemaskini kad kredit anda di http://semakan-lhdn-gov.top.,1
Peringatan: Langganan iCloud anda gagal diperbaharui. Kemaskini kad kredit anda di http://verify-identity.com.,1
Penyata akaun bulanan anda bagi bulan Mac kini boleh dimuat turun di portal rasmi.,0
Makluman: Gangguan bekalan air di kawasan Besut dijangka pulih pada jam 11 PM.,0
Peringatan: Langganan Unifi anda gagal diperbaharui. Kemaskini kad kredit anda di http://login-secure-web.net.,1
"Amaran: Percubaan log masuk dikesan pada akaun Disney+ Hotstar anda. Jika bukan anda, klik http://semakan-lhdn-gov.top.",1
Penyata akaun bulanan anda bagi bulan Mac kini boleh dimuat turun di portal rasmi.,0
Tahniah! Anda terpilih memenangi hadiah RM2247 dari Touch 'n Go. Klik http://semakan-lhdn-gov.top untuk tuntut.,1
Sila hantar laporan mingguan bagi projek Pembangunan Sistem IoT sebelum hari Jumaat ini.,0
Peringatan mesyuarat: Perbincangan mengenai Latihan Industri akan diadakan pada Jumaat jam 6 PM.,0
Tahniah! Anda terpilih memenangi hadiah RM2839 dari Shopee. Klik http://login-secure-web.net untuk tuntut.,1
Penyata akaun bulanan anda bagi bulan April kini boleh dimuat turun di portal rasmi.,0
Penyata akaun bulanan anda bagi bulan Jun kini boleh dimuat turun di portal rasmi.,0
"Amaran: Percubaan log masuk dikesan pada akaun Spotify anda. Jika bukan anda, klik http://login-secure-web.net.",1
Peringatan mesyuarat: Perbincangan mengenai SecurityX Training akan diadakan pada Jumaat jam 12 PM.,0
"Amaran: Percubaan log masuk dikesan pada akaun Netflix anda. Jika bukan anda, klik http://verify-identity.com.",1
Peringatan mesyuarat: Perbincangan mengenai SecurityX Training akan diadakan pada Jumaat jam 7 PM.,0
Pengesahan pendaftaran: Anda telah berjaya mendaftar untuk kursus Cybersecurity Forensics di portal UniSZA.,0
Kurier Touch 'n Go: Penghantaran bungkusan anda gagal. Sila bayar kos penghantaran semula di http://verify-identity.com.,1
Tahniah! Anda terpilih memenangi hadiah RM540 dari Touch 'n Go. Klik http://bit.ly/kemaskini-akaun-2026 untuk tuntut.,1
Pengesahan pendaftaran: Anda telah berjaya mendaftar untuk kursus Cybersecurity Forensics di portal UniSZA.,0
Kurier Lazada: Penghantaran bungkusan anda gagal. Sila bayar kos penghantaran semula di http://login-secure-web.net.,1
Kurier Pos Laju: Penghantaran bungkusan anda gagal. Sila bayar kos penghantaran semula di http://semakan-lhdn-gov.top.,1
"Amaran: Percubaan log masuk dikesan pada akaun Disney+ Hotstar anda. Jika bukan anda, klik http://semakan-lhdn-gov.top.",1
Notis: Penyelenggaraan sistem E-Daftar akan dijalankan pada malam ini dari jam 12AM hingga 4AM.,0
"Amaran: Percubaan log masuk dikesan pada akaun Netflix anda. Jika bukan anda, klik http://bit.ly/kemaskini-akaun-2026.",1
Resit rasmi bagi transaksi TXN908649 berjaya diproses. Sila simpan untuk rujukan masa hadapan.,0
Peringatan mesyuarat: Perbincangan mengenai Final Year Project akan diadakan pada Jumaat jam 7 PM.,0
Pengesahan pendaftaran: Anda telah berjaya mendaftar untuk kursus Cybersecurity Forensics di portal UniSZA.,0
Akses portal SAPS anda akan ditamatkan dalam masa 24 jam. Sila log masuk di http://login-secure-web.net untuk rayuan.,1
Notis: Penyelenggaraan sistem E-Daftar akan dijalankan pada malam ini dari jam 12AM hingga 4AM.,0
Peringatan: Langganan iCloud anda gagal diperbaharui. Kemaskini kad kredit anda di http://verify-identity.com.,1
Tahniah! Anda terpilih memenangi hadiah RM1542 dari Grab. Klik http://login-secure-web.net untuk tuntut.,1
Bantuan Tunai Rahmah: Semak status kelayakan RM1881 anda di pautan rasmi ini http://login-secure-web.net.,1
Kurier Lazada: Penghantaran bungkusan anda gagal. Sila bayar kos penghantaran semula di http://login-secure-web.net.,1
Sila hantar laporan mingguan bagi projek Pembangunan Sistem IoT sebelum hari Jumaat ini.,0
Makluman: Gangguan bekalan air di kawasan Kuala Lumpur dijangka pulih pada jam 1 PM.,0
Makluman: Gangguan bekalan air di kawasan Gong Badak dijangka pulih pada jam 11 PM.,0
Makluman: Gangguan bekalan air di kawasan Johor Bahru dijangka pulih pada jam 2 PM.,0
Notis: Penyelenggaraan sistem E-Daftar akan dijalankan pada malam ini dari jam 12AM hingga 4AM.,0
"Amaran: Percubaan log masuk dikesan pada akaun Unifi anda. Jika bukan anda, klik http://login-secure-web.net.",1
Tahniah! Anda terpilih memenangi hadiah RM3547 dari Pos Laju. Klik http://bit.ly/kemaskini-akaun-2026 untuk tuntut.,1
Tahniah! Anda terpilih memenangi hadiah RM850 dari Touch 'n Go. Klik http://semakan-lhdn-gov.top untuk tuntut.,1
Makluman: Gangguan bekalan air di kawasan Besut dijangka pulih pada jam 1 PM.,0
Peringatan mesyuarat: Perbincangan mengenai Digital Marketing akan diadakan pada Jumaat jam 3 PM.,0
Resit rasmi bagi transaksi TXN984179 berjaya diproses. Sila simpan untuk rujukan masa hadapan.,0
Notis: Penyelenggaraan sistem E-Daftar akan dijalankan pada malam ini dari jam 12AM hingga 4AM.,0
Tindakan segera diperlukan! Akaun Bank Islam anda telah disekat. Sila sahkan identiti di http://bit.ly/kemaskini-akaun-2026.,1
Makluman: Gangguan bekalan air di kawasan Gong Badak dijangka pulih pada jam 7 PM.,0
Penyata akaun bulanan anda bagi bulan April kini boleh dimuat turun di portal rasmi.,0
"Amaran: Percubaan log masuk dikesan pada akaun iCloud anda. Jika bukan anda, klik http://login-secure-web.net.",1
"Amaran: Percubaan log masuk dikesan pada akaun Unifi anda. Jika bukan anda, klik http://verify-identity.com.",1
Kurier Pos Laju: Penghantaran bungkusan anda gagal. Sila bayar kos penghantaran semula di http://semakan-lhdn-gov.top.,1
Akses portal SAPS anda akan ditamatkan dalam masa 24 jam. Sila log masuk di http://verify-identity.com untuk rayuan.,1
Tindakan segera diperlukan! Akaun RHB Now anda telah disekat. Sila sahkan identiti di http://semakan-lhdn-gov.top.,1
Tindakan segera diperlukan! Akaun Hong Leong Connect anda telah disekat. Sila sahkan identiti di http://bit.ly/kemaskini-akaun-2026.,1
Makluman: Gangguan bekalan air di kawasan Kuala Terengganu dijangka pulih pada jam 5 PM.,0
Resit rasmi bagi transaksi TXN192048 berjaya diproses. Sila simpan untuk rujukan masa hadapan.,0
Sila hantar laporan mingguan bagi projek Pembangunan Sistem IoT sebelum hari Jumaat ini.,0
Pengesahan pendaftaran: Anda telah berjaya mendaftar untuk kursus Cybersecurity Forensics di portal UniSZA.,0
Tindakan segera diperlukan! Akaun RHB Now anda telah disekat. Sila sahkan identiti di http://bit.ly/kemaskini-akaun-2026.,1
Akses portal SAPS anda akan ditamatkan dalam masa 24 jam. Sila log masuk di http://verify-identity.com untuk rayuan.,1
Pengesahan pendaftaran: Anda telah berjaya mendaftar untuk kursus Cybersecurity Forensics di portal UniSZA.,0
"Amaran: Percubaan log masuk dikesan pada akaun Spotify anda. Jika bukan anda, klik http://bit.ly/kemaskini-akaun-2026.",1
Peringatan mesyuarat: Perbincangan mengenai SecurityX Training akan diadakan pada Jumaat jam 8 PM.,0
Resit rasmi bagi transaksi TXN787112 berjaya diproses. Sila simpan untuk rujukan masa hadapan.,0
Terima kasih kerana menggunakan perkhidmatan Lazada. Sila berikan maklum balas anda di sini.,0
Sila hantar laporan mingguan bagi projek Pembangunan Sistem IoT sebelum hari Jumaat ini.,0
"Amaran: Percubaan log masuk dikesan pada akaun Disney+ Hotstar anda. Jika bukan anda, klik http://login-secure-web.net.",1
Notis: Penyelenggaraan sistem E-Daftar akan dijalankan pada malam ini dari jam 12AM hingga 4AM.,0
Resit rasmi bagi transaksi TXN353291 berjaya diproses. Sila simpan untuk rujukan masa hadapan.,0
Penyata akaun bulanan anda bagi bulan Februari kini boleh dimuat turun di portal rasmi.,0
Makluman: Gangguan bekalan air di kawasan Kuala Terengganu dijangka pulih pada jam 2 PM.,0
Notis LHDN: Anda mempunyai tunggakan cukai sebanyak RM2051. Sila bayar segera di http://login-secure-web.net.,1
Notis LHDN: Anda mempunyai tunggakan cukai sebanyak RM4633. Sila bayar segera di http://semakan-lhdn-gov.top.,1
Sila hantar laporan mingguan bagi projek Pembangunan Sistem IoT sebelum hari Jumaat ini.,0
Terima kasih kerana menggunakan perkhidmatan Pos Laju. Sila berikan maklum balas anda di sini.,0
"Amaran: Percubaan log masuk dikesan pada akaun iCloud anda. Jika bukan anda, klik http://bit.ly/kemaskini-akaun-2026.",1
Resit rasmi bagi transaksi TXN932192 berjaya diproses. Sila simpan untuk rujukan masa hadapan.,0
Makluman: Gangguan bekalan air di kawasan Besut dijangka pulih pada jam 11 PM.,0
Resit rasmi bagi transaksi TXN399838 berjaya diproses. Sila simpan untuk rujukan masa hadapan.,0
Notis LHDN: Anda mempunyai tunggakan cukai sebanyak RM1230. Sila bayar segera di http://login-secure-web.net.,1
Terima kasih kerana menggunakan perkhidmatan Lazada. Sila berikan maklum balas anda di sini.,0
Bantuan Tunai Rahmah: Semak status kelayakan RM949 anda di pautan rasmi ini http://verify-identity.com.,1
Peringatan mesyuarat: Perbincangan mengenai Latihan Industri akan diadakan pada Jumaat jam 11 PM.,0
Terima kasih kerana menggunakan perkhidmatan Shopee. Sila berikan maklum balas anda di sini.,0
Kurier Touch 'n Go: Penghantaran bungkusan anda gagal. Sila bayar kos penghantaran semula di http://login-secure-web.net.,1
Akses portal SAPS anda akan ditamatkan dalam masa 24 jam. Sila log masuk di http://bit.ly/kemaskini-akaun-2026 untuk rayuan.,1
Pengesahan pendaftaran: Anda telah berjaya mendaftar untuk kursus Cybersecurity Forensics di portal UniSZA.,0
Peringatan: Langganan iCloud anda gagal diperbaharui. Kemaskini kad kredit anda di http://semakan-lhdn-gov.top.,1
Pengesahan pendaftaran: Anda telah berjaya mendaftar untuk kursus Cybersecurity Forensics di portal UniSZA.,0
Notis: Penyelenggaraan sistem E-Daftar akan dijalankan pada malam ini dari jam 12AM hingga 4AM.,0
"Amaran: Percubaan log masuk dikesan pada akaun Unifi anda. Jika bukan anda, klik http://login-secure-web.net.",1
Peringatan: Langganan Unifi anda gagal diperbaharui. Kemaskini kad kredit anda di http://bit.ly/kemaskini-akaun-2026.,1
Peringatan: Langganan iCloud anda gagal diperbaharui. Kemaskini kad kredit anda di http://verify-identity.com.,1
Akses portal SAPS anda akan ditamatkan dalam masa 24 jam. Sila log masuk di http://bit.ly/kemaskini-akaun-2026 untuk rayuan.,1
Notis: Penyelenggaraan sistem E-Daftar akan dijalankan pada malam ini dari jam 12AM hingga 4AM.,0
Resit rasmi bagi transaksi TXN649266 berjaya diproses. Sila simpan untuk rujukan masa hadapan.,0
Peringatan mesyuarat: Perbincangan mengenai Latihan Industri akan diadakan pada Jumaat jam 8 PM.,0
Pengesahan pendaftaran: Anda telah berjaya mendaftar untuk kursus Cybersecurity Forensics di portal UniSZA.,0
Sila hantar laporan mingguan bagi projek Pembangunan Sistem IoT sebelum hari Jumaat ini.,0
Tindakan segera diperlukan! Akaun Public Bank anda telah disekat. Sila sahkan identiti di http://verify-identity.com.,1
Kurier Shopee: Penghantaran bungkusan anda gagal. Sila bayar kos penghantaran semula di http://bit.ly/kemaskini-akaun-2026.,1
Terima kasih kerana menggunakan perkhidmatan J&T Express. Sila berikan maklum balas anda di sini.,0
Makluman: Gangguan bekalan air di kawasan Johor Bahru dijangka pulih pada jam 6 PM.,0
"Amaran: Percubaan log masuk dikesan pada akaun Netflix anda. Jika bukan anda, klik http://bit.ly/kemaskini-akaun-2026.",1
Makluman: Gangguan bekalan air di kawasan Kuala Lumpur dijangka pulih pada jam 2 PM.,0
Penyata akaun bulanan anda bagi bulan April kini boleh dimuat turun di portal rasmi.,0
Notis LHDN: Anda mempunyai tunggakan cukai sebanyak RM3930. Sila bayar segera di http://bit.ly/kemaskini-akaun-2026.,1
Makluman: Gangguan bekalan air di kawasan Gong Badak dijangka pulih pada jam 8 PM.,0
Resit rasmi bagi transaksi TXN494866 berjaya diproses. Sila simpan untuk rujukan masa hadapan.,0
Notis: Penyelenggaraan sistem E-Daftar akan dijalankan pada malam ini dari jam 12AM hingga 4AM.,0
Tahniah! Anda terpilih memenangi hadiah RM2520 dari Grab. Klik http://verify-identity.com untuk tuntut.,1
Notis: Penyelenggaraan sistem E-Daftar akan dijalankan pada malam ini dari jam 12AM hingga 4AM.,0
"Amaran: Percubaan log masuk dikesan pada akaun iCloud anda. Jika bukan anda, klik http://semakan-lhdn-gov.top.",1
Resit rasmi bagi transaksi TXN384698 berjaya diproses. Sila simpan untuk rujukan masa hadapan.,0
Peringatan mesyuarat: Perbincangan mengenai SecurityX Training akan diadakan pada Jumaat jam 1 PM.,0
Peringatan mesyuarat: Perbincangan mengenai Latihan Industri akan diadakan pada Jumaat jam 9 PM.,0
Notis: Penyelenggaraan sistem E-Daftar akan dijalankan pada malam ini dari jam 12AM hingga 4AM.,0
Peringatan: Langganan iCloud anda gagal diperbaharui. Kemaskini kad kredit anda di http://login-secure-web.net.,1
Penyata akaun bulanan anda bagi bulan Jun kini boleh dimuat turun di portal rasmi.,0
Bantuan Tunai Rahmah: Semak status kelayakan RM2857 anda di pautan rasmi ini http://bit.ly/kemaskini-akaun-2026.,1
Akses portal SAPS anda akan ditamatkan dalam masa 24 jam. Sila log masuk di http://semakan-lhdn-gov.top untuk rayuan.,1
Makluman: Gangguan bekalan air di kawasan Besut dijangka pulih pada jam 7 PM.,0
Makluman: Gangguan bekalan air di kawasan Kuala Terengganu dijangka pulih pada jam 2 PM.,0
Terima kasih kerana menggunakan perkhidmatan Lazada. Sila berikan maklum balas anda di sini.,0
Notis LHDN: Anda mempunyai tunggakan cukai sebanyak RM1067. Sila bayar segera di http://semakan-lhdn-gov.top.,1
Tindakan segera diperlukan! Akaun Public Bank anda telah disekat. Sila sahkan identiti di http://semakan-lhdn-gov.top.,1
Sila hantar laporan mingguan bagi projek Pembangunan Sistem IoT sebelum hari Jumaat ini.,0
Kurier Touch 'n Go: Penghantaran bungkusan anda gagal. Sila bayar kos penghantaran semula di http://bit.ly/kemaskini-akaun-2026.,1
Tahniah! Anda terpilih memenangi hadiah RM3699 dari Lazada. Klik http://login-secure-web.net untuk tuntut.,1
Notis LHDN: Anda mempunyai tunggakan cukai sebanyak RM3228. Sila bayar segera di http://semakan-lhdn-gov.top.,1
Sila hantar laporan mingguan bagi projek Pembangunan Sistem IoT sebelum hari Jumaat ini.,0
Bantuan Tunai Rahmah: Semak status kelayakan RM3282 anda di pautan rasmi ini http://bit.ly/kemaskini-akaun-2026.,1
Peringatan: Langganan iCloud anda gagal diperbaharui. Kemaskini kad kredit anda di http://login-secure-web.net.,1
Notis LHDN: Anda mempunyai tunggakan cukai sebanyak RM1749. Sila bayar segera di http://login-secure-web.net.,1
Peringatan mesyuarat: Perbincangan mengenai Latihan Industri akan diadakan pada Jumaat jam 2 PM.,0
Pengesahan pendaftaran: Anda telah berjaya mendaftar untuk kursus Cybersecurity Forensics di portal UniSZA.,0
Akses portal SAPS anda akan ditamatkan dalam masa 24 jam. Sila log masuk di http://semakan-lhdn-gov.top untuk rayuan.,1
Penyata akaun bulanan anda bagi bulan Mei kini boleh dimuat turun di portal rasmi.,0
Peringatan mesyuarat: Perbincangan mengenai Final Year Project akan diadakan pada Jumaat jam 4 PM.,0
Tindakan segera diperlukan! Akaun Maybank2u anda telah disekat. Sila sahkan identiti di http://bit.ly/kemaskini-akaun-2026.,1
Pengesahan pendaftaran: Anda telah berjaya mendaftar untuk kursus Cybersecurity Forensics di portal UniSZA.,0
Peringatan mesyuarat: Perbincangan mengenai SecurityX Training akan diadakan pada Jumaat jam 5 PM.,0
Peringatan: Langganan Disney+ Hotstar anda gagal diperbaharui. Kemaskini kad kredit anda di http://semakan-lhdn-gov.top.,1
Notis: Penyelenggaraan sistem E-Daftar akan dijalankan pada malam ini dari jam 12AM hingga 4AM.,0
Resit rasmi bagi transaksi TXN209255 berjaya diproses. Sila simpan untuk rujukan masa hadapan.,0
Peringatan: Langganan Disney+ Hotstar anda gagal diperbaharui. Kemaskini kad kredit anda di http://login-secure-web.net.,1
Pengesahan pendaftaran: Anda telah berjaya mendaftar untuk kursus Cybersecurity Forensics di portal UniSZA.,0
Peringatan: Langganan Spotify anda gagal diperbaharui. Kemaskini kad kredit anda di http://verify-identity.com.,1
Pengesahan pendaftaran: Anda telah berjaya mendaftar untuk kursus Cybersecurity Forensics di portal UniSZA.,0
Pengesahan pendaftaran: Anda telah berjaya mendaftar untuk kursus Cybersecurity Forensics di portal UniSZA.,0
Sila hantar laporan mingguan bagi projek Pembangunan Sistem IoT sebelum hari Jumaat ini.,0
Makluman: Gangguan bekalan air di kawasan Kuala Terengganu dijangka pulih pada jam 4 PM.,0
Makluman: Gangguan bekalan air di kawasan Kuala Terengganu dijangka pulih pada jam 2 PM.,0
Makluman: Gangguan bekalan air di kawasan Besut dijangka pulih pada jam 10 PM.,0
Notis LHDN: Anda mempunyai tunggakan cukai sebanyak RM3163. Sila bayar segera di http://bit.ly/kemaskini-akaun-2026.,1
Sila hantar laporan mingguan bagi projek Pembangunan Sistem IoT sebelum hari Jumaat ini.,0
Peringatan: Langganan Spotify anda gagal diperbaharui. Kemaskini kad kredit anda di http://bit.ly/kemaskini-akaun-2026.,1
Sila hantar laporan mingguan bagi projek Pembangunan Sistem IoT sebelum hari Jumaat ini.,0
Tahniah! Anda terpilih memenangi hadiah RM4781 dari Touch 'n Go. Klik http://verify-identity.com untuk tuntut.,1
Peringatan mesyuarat: Perbincangan mengenai Final Year Project akan diadakan pada Jumaat jam 8 PM.,0
Tindakan segera diperlukan! Akaun Public Bank anda telah disekat. Sila sahkan identiti di http://semakan-lhdn-gov.top.,1
Makluman: Gangguan bekalan air di kawasan Besut dijangka pulih pada jam 11 PM.,0
Kurier Shopee: Penghantaran bungkusan anda gagal. Sila bayar kos penghantaran semula di http://semakan-lhdn-gov.top.,1
Notis: Penyelenggaraan sistem E-Daftar akan dijalankan pada malam ini dari jam 12AM hingga 4AM.,0
Peringatan: Langganan Netflix anda gagal diperbaharui. Kemaskini kad kredit anda di http://login-secure-web.net.,1
Makluman: Gangguan bekalan air di kawasan Gong Badak dijangka pulih pada jam 6 PM.,0
"Amaran: Percubaan log masuk dikesan pada akaun Disney+ Hotstar anda. Jika bukan anda, klik http://bit.ly/kemaskini-akaun-2026.",1
Makluman: Gangguan bekalan air di kawasan Kuala Terengganu dijangka pulih pada jam 1 PM.,0
Sila hantar laporan mingguan bagi projek Pembangunan Sistem IoT sebelum hari Jumaat ini.,0
Notis: Penyelenggaraan sistem E-Daftar akan dijalankan pada malam ini dari jam 12AM hingga 4AM.,0
Akses portal SAPS anda akan ditamatkan dalam masa 24 jam. Sila log masuk di http://semakan-lhdn-gov.top untuk rayuan.,1
Penyata akaun bulanan anda bagi bulan Jun kini boleh dimuat turun di portal rasmi.,0
Resit rasmi bagi transaksi TXN495310 berjaya diproses. Sila simpan untuk rujukan masa hadapan.,0
Notis LHDN: Anda mempunyai tunggakan cukai sebanyak RM757. Sila bayar segera di http://verify-identity.com.,1
Akses portal SAPS anda akan ditamatkan dalam masa 24 jam. Sila log masuk di http://verify-identity.com untuk rayuan.,1
Notis: Penyelenggaraan sistem E-Daftar akan dijalankan pada malam ini dari jam 12AM hingga 4AM.,0
Kurier Touch 'n Go: Penghantaran bungkusan anda gagal. Sila bayar kos penghantaran semula di http://verify-identity.com.,1
Akses portal SAPS anda akan ditamatkan dalam masa 24 jam. Sila log masuk di http://verify-identity.com untuk rayuan.,1
Notis LHDN: Anda mempunyai tunggakan cukai sebanyak RM1378. Sila bayar segera di http://login-secure-web.net.,1
Makluman: Gangguan bekalan air di kawasan Besut dijangka pulih pada jam 7 PM.,0
Makluman: Gangguan bekalan air di kawasan Johor Bahru dijangka pulih pada jam 10 PM.,0
"Amaran: Percubaan log masuk dikesan pada akaun Unifi anda. Jika bukan anda, klik http://semakan-lhdn-gov.top.",1
Sila hantar laporan mingguan bagi projek Pembangunan Sistem IoT sebelum hari Jumaat ini.,0
Bantuan Tunai Rahmah: Semak status kelayakan RM3147 anda di pautan rasmi ini http://bit.ly/kemaskini-akaun-2026.,1
Notis LHDN: Anda mempunyai tunggakan cukai sebanyak RM2520. Sila bayar segera di http://login-secure-web.net.,1
Tahniah! Anda terpilih memenangi hadiah RM3682 dari Grab. Klik http://verify-identity.com untuk tuntut.,1
Akses portal SAPS anda akan ditamatkan dalam masa 24 jam. Sila log masuk di http://login-secure-web.net untuk rayuan.,1
Notis: Penyelenggaraan sistem E-Daftar akan dijalankan pada malam ini dari jam 12AM hingga 4AM.,0
"Amaran: Percubaan log masuk dikesan pada akaun Spotify anda. Jika bukan anda, klik http://login-secure-web.net.",1
Peringatan mesyuarat: Perbincangan mengenai SecurityX Training akan diadakan pada Jumaat jam 8 PM.,0
Sila hantar laporan mingguan bagi projek Pembangunan Sistem IoT sebelum hari Jumaat ini.,0
Akses portal SAPS anda akan ditamatkan dalam masa 24 jam. Sila log masuk di http://login-secure-web.net untuk rayuan.,1
"Amaran: Percubaan log masuk dikesan pada akaun iCloud anda. Jika bukan anda, klik http://semakan-lhdn-gov.top.",1
Peringatan: Langganan Spotify anda gagal diperbaharui. Kemaskini kad kredit anda di http://bit.ly/kemaskini-akaun-2026.,1
Makluman: Gangguan bekalan air di kawasan Besut dijangka pulih pada jam 5 PM.,0
Pengesahan pendaftaran: Anda telah berjaya mendaftar untuk kursus Cybersecurity Forensics di portal UniSZA.,0
Makluman: Gangguan bekalan air di kawasan Kuala Terengganu dijangka pulih pada jam 10 PM.,0
Tindakan segera diperlukan! Akaun Hong Leong Connect anda telah disekat. Sila sahkan identiti di http://semakan-lhdn-gov.top.,1
Penyata akaun bulanan anda bagi bulan Februari kini boleh dimuat turun di portal rasmi.,0
Resit rasmi bagi transaksi TXN717728 berjaya diproses. Sila simpan untuk rujukan masa hadapan.,0
Resit rasmi bagi transaksi TXN800388 berjaya diproses. Sila simpan untuk rujukan masa hadapan.,0
Terima kasih kerana menggunakan perkhidmatan Pos Laju. Sila berikan maklum balas anda di sini.,0
Notis LHDN: Anda mempunyai tunggakan cukai sebanyak RM3582. Sila bayar segera di http://semakan-lhdn-gov.top.,1
Tindakan segera diperlukan! Akaun CIMB Clicks anda telah disekat. Sila sahkan identiti di http://verify-identity.com.,1
Kurier Shopee: Penghantaran bungkusan anda gagal. Sila bayar kos penghantaran semula di http://semakan-lhdn-gov.top.,1
Sila hantar laporan mingguan bagi projek Pembangunan Sistem IoT sebelum hari Jumaat ini.,0
Bantuan Tunai Rahmah: Semak status kelayakan RM1583 anda di pautan rasmi ini http://bit.ly/kemaskini-akaun-2026.,1
Penyata akaun bulanan anda bagi bulan Februari kini boleh dimuat turun di portal rasmi.,0
Bantuan Tunai Rahmah: Semak status kelayakan RM3550 anda di pautan rasmi ini http://bit.ly/kemaskini-akaun-2026.,1
Akses portal SAPS anda akan ditamatkan dalam masa 24 jam. Sila log masuk di http://bit.ly/kemaskini-akaun-2026 untuk rayuan.,1
Tahniah! Anda terpilih memenangi hadiah RM3999 dari Touch 'n Go. Klik http://semakan-lhdn-gov.top untuk tuntut.,1
Pengesahan pendaftaran: Anda telah berjaya mendaftar untuk kursus Cybersecurity Forensics di portal UniSZA.,0
Kurier Shopee: Penghantaran bungkusan anda gagal. Sila bayar kos penghantaran semula di http://login-secure-web.net.,1
"Amaran: Percubaan log masuk dikesan pada akaun Netflix anda. Jika bukan anda, klik http://login-secure-web.net.",1
Notis: Penyelenggaraan sistem E-Daftar akan dijalankan pada malam ini dari jam 12AM hingga 4AM.,0
Penyata akaun bulanan anda bagi bulan Jun kini boleh dimuat turun di portal rasmi.,0
Akses portal SAPS anda akan ditamatkan dalam masa 24 jam. Sila log masuk di http://semakan-lhdn-gov.top untuk rayuan.,1
Notis: Penyelenggaraan sistem E-Daftar akan dijalankan pada malam ini dari jam 12AM hingga 4AM.,0
Notis: Penyelenggaraan sistem E-Daftar akan dijalankan pada malam ini dari jam 12AM hingga 4AM.,0
Terima kasih kerana menggunakan perkhidmatan Touch 'n Go. Sila berikan maklum balas anda di sini.,0
Bantuan Tunai Rahmah: Semak status kelayakan RM952 anda di pautan rasmi ini http://login-secure-web.net.,1
Kurier Grab: Penghantaran bungkusan anda gagal. Sila bayar kos penghantaran semula di http://verify-identity.com.,1
Tindakan segera diperlukan! Akaun Public Bank anda telah disekat. Sila sahkan identiti di http://login-secure-web.net.,1
Akses portal SAPS anda akan ditamatkan dalam masa 24 jam. Sila log masuk di http://bit.ly/kemaskini-akaun-2026 untuk rayuan.,1
Peringatan mesyuarat: Perbincangan mengenai Latihan Industri akan diadakan pada Jumaat jam 6 PM.,0
Notis LHDN: Anda mempunyai tunggakan cukai sebanyak RM1416. Sila bayar segera di http://verify-identity.com.,1
Peringatan: Langganan Netflix anda gagal diperbaharui. Kemaskini kad kredit anda di http://bit.ly/kemaskini-akaun-2026.,1
Bantuan Tunai Rahmah: Semak status kelayakan RM1046 anda di pautan rasmi ini http://bit.ly/kemaskini-akaun-2026.,1
Peringatan mesyuarat: Perbincangan mengenai Latihan Industri akan diadakan pada Jumaat jam 12 PM.,0
Terima kasih kerana menggunakan perkhidmatan Lazada. Sila berikan maklum balas anda di sini.,0
Bantuan Tunai Rahmah: Semak status kelayakan RM964 anda di pautan rasmi ini http://bit.ly/kemaskini-akaun-2026.,1
Peringatan: Langganan Disney+ Hotstar anda gagal diperbaharui. Kemaskini kad kredit anda di http://bit.ly/kemaskini-akaun-2026.,1
Pengesahan pendaftaran: Anda telah berjaya mendaftar untuk kursus Cybersecurity Forensics di portal UniSZA.,0
Akses portal SAPS anda akan ditamatkan dalam masa 24 jam. Sila log masuk di http://verify-identity.com untuk rayuan.,1
Bantuan Tunai Rahmah: Semak status kelayakan RM1286 anda di pautan rasmi ini http://verify-identity.com.,1
Notis LHDN: Anda mempunyai tunggakan cukai sebanyak RM4926. Sila bayar segera di http://semakan-lhdn-gov.top.,1
Peringatan: Langganan Disney+ Hotstar anda gagal diperbaharui. Kemaskini kad kredit anda di http://login-secure-web.net.,1
Peringatan: Langganan Netflix anda gagal diperbaharui. Kemaskini kad kredit anda di http://semakan-lhdn-gov.top.,1
Resit rasmi bagi transaksi TXN956961 berjaya diproses. Sila simpan untuk rujukan masa hadapan.,0
Kurier Pos Laju: Penghantaran bungkusan anda gagal. Sila bayar kos penghantaran semula di http://bit.ly/kemaskini-akaun-2026.,1
Peringatan: Langganan Spotify anda gagal diperbaharui. Kemaskini kad kredit anda di http://verify-identity.com.,1
Akses portal SAPS anda akan ditamatkan dalam masa 24 jam. Sila log masuk di http://semakan-lhdn-gov.top untuk rayuan.,1
Tindakan segera diperlukan! Akaun CIMB Clicks anda telah disekat. Sila sahkan identiti di http://login-secure-web.net.,1
Notis LHDN: Anda mempunyai tunggakan cukai sebanyak RM3038. Sila bayar segera di http://bit.ly/kemaskini-akaun-2026.,1
Penyata akaun bulanan anda bagi bulan Januari kini boleh dimuat turun di portal rasmi.,0
Kurier Grab: Penghantaran bungkusan anda gagal. Sila bayar kos penghantaran semula di http://semakan-lhdn-gov.top.,1
Pengesahan pendaftaran: Anda telah berjaya mendaftar untuk kursus Cybersecurity Forensics di portal UniSZA.,0
Akses portal SAPS anda akan ditamatkan dalam masa 24 jam. Sila log masuk di http://bit.ly/kemaskini-akaun-2026 untuk rayuan.,1
Sila hantar laporan mingguan bagi projek Pembangunan Sistem IoT sebelum hari Jumaat ini.,0
Peringatan: Langganan Unifi anda gagal diperbaharui. Kemaskini kad kredit anda di http://semakan-lhdn-gov.top.,1
Makluman: Gangguan bekalan air di kawasan Johor Bahru dijangka pulih pada jam 10 PM.,0
Notis: Penyelenggaraan sistem E-Daftar akan dijalankan pada malam ini dari jam 12AM hingga 4AM.,0
Tahniah! Anda terpilih memenangi hadiah RM1312 dari Pos Laju. Klik http://verify-identity.com untuk tuntut.,1
Peringatan: Langganan Netflix anda gagal diperbaharui. Kemaskini kad kredit anda di http://bit.ly/kemaskini-akaun-2026.,1
Resit rasmi bagi transaksi TXN729144 berjaya diproses. Sila simpan untuk rujukan masa hadapan.,0
Bantuan Tunai Rahmah: Semak status kelayakan RM2797 anda di pautan rasmi ini http://login-secure-web.net.,1
Tahniah! Anda terpilih memenangi hadiah RM751 dari Touch 'n Go. Klik http://login-secure-web.net untuk tuntut.,1
Tahniah! Anda terpilih memenangi hadiah RM2825 dari J&T Express. Klik http://bit.ly/kemaskini-akaun-2026 untuk tuntut.,1
Terima kasih kerana menggunakan perkhidmatan Pos Laju. Sila berikan maklum balas anda di sini.,0
Terima kasih kerana menggunakan perkhidmatan Shopee. Sila berikan maklum balas anda di sini.,0
Peringatan mesyuarat: Perbincangan mengenai Latihan Industri akan diadakan pada Jumaat jam 6 PM.,0
Resit rasmi bagi transaksi TXN239111 berjaya diproses. Sila simpan untuk rujukan masa hadapan.,0
Tindakan segera diperlukan! Akaun RHB Now anda telah disekat. Sila sahkan identiti di http://semakan-lhdn-gov.top.,1
Penyata akaun bulanan anda bagi bulan Jun kini boleh dimuat turun di portal rasmi.,0
Makluman: Gangguan bekalan air di kawasan Besut dijangka pulih pada jam 11 PM.,0
Penyata akaun bulanan anda bagi bulan Februari kini boleh dimuat turun di portal rasmi.,0
Terima kasih kerana menggunakan perkhidmatan Shopee. Sila berikan maklum balas anda di sini.,0
Tindakan segera diperlukan! Akaun Maybank2u anda telah disekat. Sila sahkan identiti di http://verify-identity.com.,1
Pengesahan pendaftaran: Anda telah berjaya mendaftar untuk kursus Cybersecurity Forensics di portal UniSZA.,0
Pengesahan pendaftaran: Anda telah berjaya mendaftar untuk kursus Cybersecurity Forensics di portal UniSZA.,0
Pengesahan pendaftaran: Anda telah berjaya mendaftar untuk kursus Cybersecurity Forensics di portal UniSZA.,0
"Amaran: Percubaan log masuk dikesan pada akaun iCloud anda. Jika bukan anda, klik http://verify-identity.com.",1
Kurier Grab: Penghantaran bungkusan anda gagal. Sila bayar kos penghantaran semula di http://login-secure-web.net.,1
Notis LHDN: Anda mempunyai tunggakan cukai sebanyak RM2807. Sila bayar segera di http://verify-identity.com.,1
Tindakan segera diperlukan! Akaun Bank Islam anda telah disekat. Sila sahkan identiti di http://semakan-lhdn-gov.top.,1
Resit rasmi bagi transaksi TXN619721 berjaya diproses. Sila simpan untuk rujukan masa hadapan.,0
Notis LHDN: Anda mempunyai tunggakan cukai sebanyak RM4494. Sila bayar segera di http://verify-identity.com.,1
Peringatan: Langganan Unifi anda gagal diperbaharui. Kemaskini kad kredit anda di http://semakan-lhdn-gov.top.,1
Tindakan segera diperlukan! Akaun Hong Leong Connect anda telah disekat. Sila sahkan identiti di http://verify-identity.com.,1
Peringatan mesyuarat: Perbincangan mengenai Final Year Project akan diadakan pada Jumaat jam 7 PM.,0
Bantuan Tunai Rahmah: Semak status kelayakan RM4332 anda di pautan rasmi ini http://semakan-lhdn-gov.top.,1
"Amaran: Percubaan log masuk dikesan pada akaun Unifi anda. Jika bukan anda, klik http://semakan-lhdn-gov.top.",1
Peringatan mesyuarat: Perbincangan mengenai Digital Marketing akan diadakan pada Jumaat jam 3 PM.,0
Bantuan Tunai Rahmah: Semak status kelayakan RM1999 anda di pautan rasmi ini http://login-secure-web.net.,1
Peringatan: Langganan Disney+ Hotstar anda gagal diperbaharui. Kemaskini kad kredit anda di http://bit.ly/kemaskini-akaun-2026.,1
Makluman: Gangguan bekalan air di kawasan Besut dijangka pulih pada jam 3 PM.,0
Tahniah! Anda terpilih memenangi hadiah RM2503 dari Lazada. Klik http://semakan-lhdn-gov.top untuk tuntut.,1
Tindakan segera diperlukan! Akaun CIMB Clicks anda telah disekat. Sila sahkan identiti di http://semakan-lhdn-gov.top.,1
Kurier Lazada: Penghantaran bungkusan anda gagal. Sila bayar kos penghantaran semula di http://login-secure-web.net.,1
Tindakan segera diperlukan! Akaun CIMB Clicks anda telah disekat. Sila sahkan identiti di http://semakan-lhdn-gov.top.,1
Akses portal SAPS anda akan ditamatkan dalam masa 24 jam. Sila log masuk di http://bit.ly/kemaskini-akaun-2026 untuk rayuan.,1
"Amaran: Percubaan log masuk dikesan pada akaun Disney+ Hotstar anda. Jika bukan anda, klik http://bit.ly/kemaskini-akaun-2026.",1
Penyata akaun bulanan anda bagi bulan Mei kini boleh dimuat turun di portal rasmi.,0
Peringatan mesyuarat: Perbincangan mengenai Digital Marketing akan diadakan pada Jumaat jam 8 PM.,0
Terima kasih kerana menggunakan perkhidmatan Touch 'n Go. Sila berikan maklum balas anda di sini.,0
Tahniah! Anda terpilih memenangi hadiah RM4718 dari Grab. Klik http://bit.ly/kemaskini-akaun-2026 untuk tuntut.,1
Akses portal SAPS anda akan ditamatkan dalam masa 24 jam. Sila log masuk di http://verify-identity.com untuk rayuan.,1
Notis LHDN: Anda mempunyai tunggakan cukai sebanyak RM3184. Sila bayar segera di http://semakan-lhdn-gov.top.,1
Resit rasmi bagi transaksi TXN594744 berjaya diproses. Sila simpan untuk rujukan masa hadapan.,0
Makluman: Gangguan bekalan air di kawasan Besut dijangka pulih pada jam 12 PM.,0
Sila hantar laporan mingguan bagi projek Pembangunan Sistem IoT sebelum hari Jumaat ini.,0
Terima kasih kerana menggunakan perkhidmatan Shopee. Sila berikan maklum balas anda di sini.,0
Pengesahan pendaftaran: Anda telah berjaya mendaftar untuk kursus Cybersecurity Forensics di portal UniSZA.,0
Resit rasmi bagi transaksi TXN855317 berjaya diproses. Sila simpan untuk rujukan masa hadapan.,0
Notis: Penyelenggaraan sistem E-Daftar akan dijalankan pada malam ini dari jam 12AM hingga 4AM.,0
Penyata akaun bulanan anda bagi bulan Januari kini boleh dimuat turun di portal rasmi.,0
Tindakan segera diperlukan! Akaun Maybank2u anda telah disekat. Sila sahkan identiti di http://verify-identity.com.,1
Penyata akaun bulanan anda bagi bulan Jun kini boleh dimuat turun di portal rasmi.,0
"Amaran: Percubaan log masuk dikesan pada akaun Spotify anda. Jika bukan anda, klik http://bit.ly/kemaskini-akaun-2026.",1
Bantuan Tunai Rahmah: Semak status kelayakan RM2747 anda di pautan rasmi ini http://verify-identity.com.,1
Penyata akaun bulanan anda bagi bulan April kini boleh dimuat turun di portal rasmi.,0
Resit rasmi bagi transaksi TXN627504 berjaya diproses. Sila simpan untuk rujukan masa hadapan.,0
Bantuan Tunai Rahmah: Semak status kelayakan RM1798 anda di pautan rasmi ini http://bit.ly/kemaskini-akaun-2026.,1
"Amaran: Percubaan log masuk dikesan pada akaun Unifi anda. Jika bukan anda, klik http://bit.ly/kemaskini-akaun-2026.",1
Notis LHDN: Anda mempunyai tunggakan cukai sebanyak RM3111. Sila bayar segera di http://verify-identity.com.,1
Bantuan Tunai Rahmah: Semak status kelayakan RM1760 anda di pautan rasmi ini http://bit.ly/kemaskini-akaun-2026.,1
Tahniah! Anda terpilih memenangi hadiah RM559 dari Lazada. Klik http://login-secure-web.net untuk tuntut.,1
Penyata akaun bulanan anda bagi bulan Januari kini boleh dimuat turun di portal rasmi.,0
Tindakan segera diperlukan! Akaun Bank Islam anda telah disekat. Sila sahkan identiti di http://verify-identity.com.,1
Penyata akaun bulanan anda bagi bulan Mei kini boleh dimuat turun di portal rasmi.,0
Penyata akaun bulanan anda bagi bulan Mei kini boleh dimuat turun di portal rasmi.,0
Notis LHDN: Anda mempunyai tunggakan cukai sebanyak RM3769. Sila bayar segera di http://verify-identity.com.,1
Tahniah! Anda terpilih memenangi hadiah RM1101 dari Grab. Klik http://login-secure-web.net untuk tuntut.,1
Peringatan: Langganan Netflix anda gagal diperbaharui. Kemaskini kad kredit anda di http://login-secure-web.net.,1
Tindakan segera diperlukan! Akaun CIMB Clicks anda telah disekat. Sila sahkan identiti di http://semakan-lhdn-gov.top.,1
Peringatan: Langganan Netflix anda gagal diperbaharui. Kemaskini kad kredit anda di http://login-secure-web.net.,1
Sila hantar laporan mingguan bagi projek Pembangunan Sistem IoT sebelum hari Jumaat ini.,0
Makluman: Gangguan bekalan air di kawasan Gong Badak dijangka pulih pada jam 3 PM.,0
Akses portal SAPS anda akan ditamatkan dalam masa 24 jam. Sila log masuk di http://bit.ly/kemaskini-akaun-2026 untuk rayuan.,1
Tahniah! Anda terpilih memenangi hadiah RM2782 dari Shopee. Klik http://semakan-lhdn-gov.top untuk tuntut.,1
Notis: Penyelenggaraan sistem E-Daftar akan dijalankan pada malam ini dari jam 12AM hingga 4AM.,0
Notis: Penyelenggaraan sistem E-Daftar akan dijalankan pada malam ini dari jam 12AM hingga 4AM.,0
Kurier Lazada: Penghantaran bungkusan anda gagal. Sila bayar kos penghantaran semula di http://verify-identity.com.,1
Kurier J&T Express: Penghantaran bungkusan anda gagal. Sila bayar kos penghantaran semula di http://semakan-lhdn-gov.top.,1
Sila hantar laporan mingguan bagi projek Pembangunan Sistem IoT sebelum hari Jumaat ini.,0
Tindakan segera diperlukan! Akaun Maybank2u anda telah disekat. Sila sahkan identiti di http://verify-identity.com.,1
Peringatan: Langganan iCloud anda gagal diperbaharui. Kemaskini kad kredit anda di http://bit.ly/kemaskini-akaun-2026.,1
Penyata akaun bulanan anda bagi bulan Mei kini boleh dimuat turun di portal rasmi.,0
Kurier Pos Laju: Penghantaran bungkusan anda gagal. Sila bayar kos penghantaran semula di http://login-secure-web.net.,1
Penyata akaun bulanan anda bagi bulan Mac kini boleh dimuat turun di portal rasmi.,0
Peringatan mesyuarat: Perbincangan mengenai Digital Marketing akan diadakan pada Jumaat jam 7 PM.,0
Sila hantar laporan mingguan bagi projek Pembangunan Sistem IoT sebelum hari Jumaat ini.,0
Pengesahan pendaftaran: Anda telah berjaya mendaftar untuk kursus Cybersecurity Forensics di portal UniSZA.,0
Peringatan: Langganan Disney+ Hotstar anda gagal diperbaharui. Kemaskini kad kredit anda di http://login-secure-web.net.,1
Peringatan mesyuarat: Perbincangan mengenai Digital Marketing akan diadakan pada Jumaat jam 3 PM.,0
Tahniah! Anda terpilih memenangi hadiah RM2574 dari Pos Laju. Klik http://bit.ly/kemaskini-akaun-2026 untuk tuntut.,1
Notis LHDN: Anda mempunyai tunggakan cukai sebanyak RM2792. Sila bayar segera di http://login-secure-web.net.,1
Tahniah! Anda terpilih memenangi hadiah RM2616 dari J&T Express. Klik http://login-secure-web.net untuk tuntut.,1
Akses portal SAPS anda akan ditamatkan dalam masa 24 jam. Sila log masuk di http://semakan-lhdn-gov.top untuk rayuan.,1
Tahniah! Anda terpilih memenangi hadiah RM878 dari Pos Laju. Klik http://bit.ly/kemaskini-akaun-2026 untuk tuntut.,1
Akses portal SAPS anda akan ditamatkan dalam masa 24 jam. Sila log masuk di http://semakan-lhdn-gov.top untuk rayuan.,1
Resit rasmi bagi transaksi TXN891837 berjaya diproses. Sila simpan untuk rujukan masa hadapan.,0
Makluman: Gangguan bekalan air di kawasan Besut dijangka pulih pada jam 6 PM.,0
Akses portal SAPS anda akan ditamatkan dalam masa 24 jam. Sila log masuk di http://login-secure-web.net untuk rayuan.,1
Terima kasih kerana menggunakan perkhidmatan Pos Laju. Sila berikan maklum balas anda di sini.,0
Terima kasih kerana menggunakan perkhidmatan Pos Laju. Sila berikan maklum balas anda di sini.,0
Kurier Grab: Penghantaran bungkusan anda gagal. Sila bayar kos penghantaran semula di http://semakan-lhdn-gov.top.,1
Terima kasih kerana menggunakan perkhidmatan Touch 'n Go. Sila berikan maklum balas anda di sini.,0
Akses portal SAPS anda akan ditamatkan dalam masa 24 jam. Sila log masuk di http://verify-identity.com untuk rayuan.,1
Peringatan: Langganan Unifi anda gagal diperbaharui. Kemaskini kad kredit anda di http://verify-identity.com.,1
Bantuan Tunai Rahmah: Semak status kelayakan RM4334 anda di pautan rasmi ini http://verify-identity.com.,1
Notis: Penyelenggaraan sistem E-Daftar akan dijalankan pada malam ini dari jam 12AM hingga 4AM.,0
Terima kasih kerana menggunakan perkhidmatan J&T Express. Sila berikan maklum balas anda di sini.,0
Makluman: Gangguan bekalan air di kawasan Gong Badak dijangka pulih pada jam 12 PM.,0
Peringatan: Langganan Spotify anda gagal diperbaharui. Kemaskini kad kredit anda di http://login-secure-web.net.,1
Bantuan Tunai Rahmah: Semak status kelayakan RM2653 anda di pautan rasmi ini http://verify-identity.com.,1
Notis: Penyelenggaraan sistem E-Daftar akan dijalankan pada malam ini dari jam 12AM hingga 4AM.,0
Tahniah! Anda terpilih memenangi hadiah RM4709 dari Lazada. Klik http://semakan-lhdn-gov.top untuk tuntut.,1
Pengesahan pendaftaran: Anda telah berjaya mendaftar untuk kursus Cybersecurity Forensics di portal UniSZA.,0
Kurier J&T Express: Penghantaran bungkusan anda gagal. Sila bayar kos penghantaran semula di http://login-secure-web.net.,1
Tahniah! Anda terpilih memenangi hadiah RM1408 dari Lazada. Klik http://verify-identity.com untuk tuntut.,1
Notis LHDN: Anda mempunyai tunggakan cukai sebanyak RM4631. Sila bayar segera di http://verify-identity.com.,1
Penyata akaun bulanan anda bagi bulan Februari kini boleh dimuat turun di portal rasmi.,0
Kurier Shopee: Penghantaran bungkusan anda gagal. Sila bayar kos penghantaran semula di http://login-secure-web.net.,1
Resit rasmi bagi transaksi TXN595865 berjaya diproses. Sila simpan untuk rujukan masa hadapan.,0
Pengesahan pendaftaran: Anda telah berjaya mendaftar untuk kursus Cybersecurity Forensics di portal UniSZA.,0
Peringatan mesyuarat: Perbincangan mengenai Final Year Project akan diadakan pada Jumaat jam 6 PM.,0
Akses portal SAPS anda akan ditamatkan dalam masa 24 jam. Sila log masuk di http://login-secure-web.net untuk rayuan.,1
Notis: Penyelenggaraan sistem E-Daftar akan dijalankan pada malam ini dari jam 12AM hingga 4AM.,0
Terima kasih kerana menggunakan perkhidmatan Touch 'n Go. Sila berikan maklum balas anda di sini.,0
Terima kasih kerana menggunakan perkhidmatan Touch 'n Go. Sila berikan maklum balas anda di sini.,0
Kurier Shopee: Penghantaran bungkusan anda gagal. Sila bayar kos penghantaran semula di http://verify-identity.com.,1
Akses portal SAPS anda akan ditamatkan dalam masa 24 jam. Sila log masuk di http://verify-identity.com untuk rayuan.,1
Notis: Penyelenggaraan sistem E-Daftar akan dijalankan pada malam ini dari jam 12AM hingga 4AM.,0
Akses portal SAPS anda akan ditamatkan dalam masa 24 jam. Sila log masuk di http://login-secure-web.net untuk rayuan.,1
Sila hantar laporan mingguan bagi projek Pembangunan Sistem IoT sebelum hari Jumaat ini.,0
Tindakan segera diperlukan! Akaun Hong Leong Connect anda telah disekat. Sila sahkan identiti di http://bit.ly/kemaskini-akaun-2026.,1
Sila hantar laporan mingguan bagi projek Pembangunan Sistem IoT sebelum hari Jumaat ini.,0
Terima kasih kerana menggunakan perkhidmatan Touch 'n Go. Sila berikan maklum balas anda di sini.,0
Sila hantar laporan mingguan bagi projek Pembangunan Sistem IoT sebelum hari Jumaat ini.,0
Peringatan mesyuarat: Perbincangan mengenai SecurityX Training akan diadakan pada Jumaat jam 5 PM.,0
Notis LHDN: Anda mempunyai tunggakan cukai sebanyak RM578. Sila bayar segera di http://semakan-lhdn-gov.top.,1
Makluman: Gangguan bekalan air di kawasan Kuala Terengganu dijangka pulih pada jam 3 PM.,0
Penyata akaun bulanan anda bagi bulan Mac kini boleh dimuat turun di portal rasmi.,0
Tahniah! Anda terpilih memenangi hadiah RM505 dari Pos Laju. Klik http://login-secure-web.net untuk tuntut.,1
Peringatan mesyuarat: Perbincangan mengenai SecurityX Training akan diadakan pada Jumaat jam 3 PM.,0
Terima kasih kerana menggunakan perkhidmatan Grab. Sila berikan maklum balas anda di sini.,0
"Amaran: Percubaan log masuk dikesan pada akaun Netflix anda. Jika bukan anda, klik http://login-secure-web.net.",1
Tahniah! Anda terpilih memenangi hadiah RM4508 dari Touch 'n Go. Klik http://login-secure-web.net untuk tuntut.,1
"Amaran: Percubaan log masuk dikesan pada akaun Netflix anda. Jika bukan anda, klik http://login-secure-web.net.",1
Terima kasih kerana menggunakan perkhidmatan Shopee. Sila berikan maklum balas anda di sini.,0
Kurier Shopee: Penghantaran bungkusan anda gagal. Sila bayar kos penghantaran semula di http://bit.ly/kemaskini-akaun-2026.,1
Peringatan mesyuarat: Perbincangan mengenai Final Year Project akan diadakan pada Jumaat jam 2 PM.,0
Makluman: Gangguan bekalan air di kawasan Johor Bahru dijangka pulih pada jam 3 PM.,0
Terima kasih kerana menggunakan perkhidmatan Pos Laju. Sila berikan maklum balas anda di sini.,0
Terima kasih kerana menggunakan perkhidmatan Pos Laju. Sila berikan maklum balas anda di sini.,0
Akses portal SAPS anda akan ditamatkan dalam masa 24 jam. Sila log masuk di http://login-secure-web.net untuk rayuan.,1
Bantuan Tunai Rahmah: Semak status kelayakan RM3257 anda di pautan rasmi ini http://semakan-lhdn-gov.top.,1
Penyata akaun bulanan anda bagi bulan Jun kini boleh dimuat turun di portal rasmi.,0
Tindakan segera diperlukan! Akaun RHB Now anda telah disekat. Sila sahkan identiti di http://verify-identity.com.,1
Terima kasih kerana menggunakan perkhidmatan Touch 'n Go. Sila berikan maklum balas anda di sini.,0
Sila hantar laporan mingguan bagi projek Pembangunan Sistem IoT sebelum hari Jumaat ini.,0
Peringatan: Langganan Spotify anda gagal diperbaharui. Kemaskini kad kredit anda di http://bit.ly/kemaskini-akaun-2026.,1
Pengesahan pendaftaran: Anda telah berjaya mendaftar untuk kursus Cybersecurity Forensics di portal UniSZA.,0
Kurier Shopee: Penghantaran bungkusan anda gagal. Sila bayar kos penghantaran semula di http://verify-identity.com.,1
Peringatan: Langganan Netflix anda gagal diperbaharui. Kemaskini kad kredit anda di http://verify-identity.com.,1
Makluman: Gangguan bekalan air di kawasan Johor Bahru dijangka pulih pada jam 10 PM.,0
Terima kasih kerana menggunakan perkhidmatan Lazada. Sila berikan maklum balas anda di sini.,0
Bantuan Tunai Rahmah: Semak status kelayakan RM2382 anda di pautan rasmi ini http://verify-identity.com.,1
Tindakan segera diperlukan! Akaun CIMB Clicks anda telah disekat. Sila sahkan identiti di http://login-secure-web.net.,1
Notis: Penyelenggaraan sistem E-Daftar akan dijalankan pada malam ini dari jam 12AM hingga 4AM.,0
Peringatan: Langganan Spotify anda gagal diperbaharui. Kemaskini kad kredit anda di http://bit.ly/kemaskini-akaun-2026.,1
Tahniah! Anda terpilih memenangi hadiah RM2315 dari Pos Laju. Klik http://bit.ly/kemaskini-akaun-2026 untuk tuntut.,1
Kurier Touch 'n Go: Penghantaran bungkusan anda gagal. Sila bayar kos penghantaran semula di http://login-secure-web.net.,1
Bantuan Tunai Rahmah: Semak status kelayakan RM1575 anda di pautan rasmi ini http://login-secure-web.net.,1
Akses portal SAPS anda akan ditamatkan dalam masa 24 jam. Sila log masuk di http://verify-identity.com untuk rayuan.,1
Sila hantar laporan mingguan bagi projek Pembangunan Sistem IoT sebelum hari Jumaat ini.,0
Kurier Shopee: Penghantaran bungkusan anda gagal. Sila bayar kos penghantaran semula di http://bit.ly/kemaskini-akaun-2026.,1
Tahniah! Anda terpilih memenangi hadiah RM4085 dari Touch 'n Go. Klik http://verify-identity.com untuk tuntut.,1
Tindakan segera diperlukan! Akaun RHB Now anda telah disekat. Sila sahkan identiti di http://login-secure-web.net.,1
Sila hantar laporan mingguan bagi projek Pembangunan Sistem IoT sebelum hari Jumaat ini.,0
Bantuan Tunai Rahmah: Semak status kelayakan RM1810 anda di pautan rasmi ini http://semakan-lhdn-gov.top.,1
Notis: Penyelenggaraan sistem E-Daftar akan dijalankan pada malam ini dari jam 12AM hingga 4AM.,0
Pengesahan pendaftaran: Anda telah berjaya mendaftar untuk kursus Cybersecurity Forensics di portal UniSZA.,0
Notis: Penyelenggaraan sistem E-Daftar akan dijalankan pada malam ini dari jam 12AM hingga 4AM.,0
Pengesahan pendaftaran: Anda telah berjaya mendaftar untuk kursus Cybersecurity Forensics di portal UniSZA.,0
Kurier J&T Express: Penghantaran bungkusan anda gagal. Sila bayar kos penghantaran semula di http://verify-identity.com.,1
Peringatan mesyuarat: Perbincangan mengenai Final Year Project akan diadakan pada Jumaat jam 3 PM.,0
Peringatan: Langganan Netflix anda gagal diperbaharui. Kemaskini kad kredit anda di http://semakan-lhdn-gov.top.,1
Resit rasmi bagi transaksi TXN550657 berjaya diproses. Sila simpan untuk rujukan masa hadapan.,0
Sila hantar laporan mingguan bagi projek Pembangunan Sistem IoT sebelum hari Jumaat ini.,0
Notis: Penyelenggaraan sistem E-Daftar akan dijalankan pada malam ini dari jam 12AM hingga 4AM.,0
Peringatan: Langganan Disney+ Hotstar anda gagal diperbaharui. Kemaskini kad kredit anda di http://login-secure-web.net.,1
Pengesahan pendaftaran: Anda telah berjaya mendaftar untuk kursus Cybersecurity Forensics di portal UniSZA.,0
Pengesahan pendaftaran: Anda telah berjaya mendaftar untuk kursus Cybersecurity Forensics di portal UniSZA.,0
Makluman: Gangguan bekalan air di kawasan Kuala Lumpur dijangka pulih pada jam 12 PM.,0
Tindakan segera diperlukan! Akaun Bank Islam anda telah disekat. Sila sahkan identiti di http://verify-identity.com.,1
Akses portal SAPS anda akan ditamatkan dalam masa 24 jam. Sila log masuk di http://bit.ly/kemaskini-akaun-2026 untuk rayuan.,1
Notis LHDN: Anda mempunyai tunggakan cukai sebanyak RM1542. Sila bayar segera di http://login-secure-web.net.,1
Notis: Penyelenggaraan sistem E-Daftar akan dijalankan pada malam ini dari jam 12AM hingga 4AM.,0
Makluman: Gangguan bekalan air di kawasan Johor Bahru dijangka pulih pada jam 11 PM.,0
Penyata akaun bulanan anda bagi bulan Januari kini boleh dimuat turun di portal rasmi.,0
Resit rasmi bagi transaksi TXN721667 berjaya diproses. Sila simpan untuk rujukan masa hadapan.,0
Peringatan: Langganan iCloud anda gagal diperbaharui. Kemaskini kad kredit anda di http://semakan-lhdn-gov.top.,1
Terima kasih kerana menggunakan perkhidmatan Lazada. Sila berikan maklum balas anda di sini.,0
Bantuan Tunai Rahmah: Semak status kelayakan RM2679 anda di pautan rasmi ini http://bit.ly/kemaskini-akaun-2026.,1
Sila hantar laporan mingguan bagi projek Pembangunan Sistem IoT sebelum hari Jumaat ini.,0
Notis LHDN: Anda mempunyai tunggakan cukai sebanyak RM1232. Sila bayar segera di http://verify-identity.com.,1
Tindakan segera diperlukan! Akaun Public Bank anda telah disekat. Sila sahkan identiti di http://verify-identity.com.,1
Resit rasmi bagi transaksi TXN853707 berjaya diproses. Sila simpan untuk rujukan masa hadapan.,0
Kurier J&T Express: Penghantaran bungkusan anda gagal. Sila bayar kos penghantaran semula di http://bit.ly/kemaskini-akaun-2026.,1
Pengesahan pendaftaran: Anda telah berjaya mendaftar untuk kursus Cybersecurity Forensics di portal UniSZA.,0
Sila hantar laporan mingguan bagi projek Pembangunan Sistem IoT sebelum hari Jumaat ini.,0
"Amaran: Percubaan log masuk dikesan pada akaun Netflix anda. Jika bukan anda, klik http://login-secure-web.net.",1
Penyata akaun bulanan anda bagi bulan Januari kini boleh dimuat turun di portal rasmi.,0
"Amaran: Percubaan log masuk dikesan pada akaun Disney+ Hotstar anda. Jika bukan anda, klik http://login-secure-web.net.",1
"Amaran: Percubaan log masuk dikesan pada akaun iCloud anda. Jika bukan anda, klik http://login-secure-web.net.",1
Resit rasmi bagi transaksi TXN811155 berjaya diproses. Sila simpan untuk rujukan masa hadapan.,0
Kurier J&T Express: Penghantaran bungkusan anda gagal. Sila bayar kos penghantaran semula di http://verify-identity.com.,1
Penyata akaun bulanan anda bagi bulan Mei kini boleh dimuat turun di portal rasmi.,0
Notis: Penyelenggaraan sistem E-Daftar akan dijalankan pada malam ini dari jam 12AM hingga 4AM.,0
Makluman: Gangguan bekalan air di kawasan Gong Badak dijangka pulih pada jam 1 PM.,0
Peringatan: Langganan Disney+ Hotstar anda gagal diperbaharui. Kemaskini kad kredit anda di http://login-secure-web.net.,1
Tahniah! Anda terpilih memenangi hadiah RM1558 dari Grab. Klik http://bit.ly/kemaskini-akaun-2026 untuk tuntut.,1
Peringatan mesyuarat: Perbincangan mengenai Final Year Project akan diadakan pada Jumaat jam 6 PM.,0
Kurier Pos Laju: Penghantaran bungkusan anda gagal. Sila bayar kos penghantaran semula di http://verify-identity.com.,1
Tahniah! Anda terpilih memenangi hadiah RM1270 dari J&T Express. Klik http://verify-identity.com untuk tuntut.,1
Bantuan Tunai Rahmah: Semak status kelayakan RM4964 anda di pautan rasmi ini http://login-secure-web.net.,1
Makluman: Gangguan bekalan air di kawasan Besut dijangka pulih pada jam 11 PM.,0
Penyata akaun bulanan anda bagi bulan Mac kini boleh dimuat turun di portal rasmi.,0
Kurier Touch 'n Go: Penghantaran bungkusan anda gagal. Sila bayar kos penghantaran semula di http://verify-identity.com.,1
Notis: Penyelenggaraan sistem E-Daftar akan dijalankan pada malam ini dari jam 12AM hingga 4AM.,0
Tindakan segera diperlukan! Akaun Maybank2u anda telah disekat. Sila sahkan identiti di http://verify-identity.com.,1
Terima kasih kerana menggunakan perkhidmatan Pos Laju. Sila berikan maklum balas anda di sini.,0
Tindakan segera diperlukan! Akaun Maybank2u anda telah disekat. Sila sahkan identiti di http://bit.ly/kemaskini-akaun-2026.,1
Tindakan segera diperlukan! Akaun Maybank2u anda telah disekat. Sila sahkan identiti di http://semakan-lhdn-gov.top.,1
Kurier Shopee: Penghantaran bungkusan anda gagal. Sila bayar kos penghantaran semula di http://verify-identity.com.,1
Kurier Lazada: Penghantaran bungkusan anda gagal. Sila bayar kos penghantaran semula di http://login-secure-web.net.,1
Penyata akaun bulanan anda bagi bulan Januari kini boleh dimuat turun di portal rasmi.,0
"Amaran: Percubaan log masuk dikesan pada akaun Netflix anda. Jika bukan anda, klik http://bit.ly/kemaskini-akaun-2026.",1
Makluman: Gangguan bekalan air di kawasan Kuala Lumpur dijangka pulih pada jam 1 PM.,0
"Amaran: Percubaan log masuk dikesan pada akaun Spotify anda. Jika bukan anda, klik http://bit.ly/kemaskini-akaun-2026.",1
Terima kasih kerana menggunakan perkhidmatan Shopee. Sila berikan maklum balas anda di sini.,0
Makluman: Gangguan bekalan air di kawasan Besut dijangka pulih pada jam 6 PM.,0
Terima kasih kerana menggunakan perkhidmatan J&T Express. Sila berikan maklum balas anda di sini.,0
Makluman: Gangguan bekalan air di kawasan Johor Bahru dijangka pulih pada jam 7 PM.,0
"Amaran: Percubaan log masuk dikesan pada akaun Spotify anda. Jika bukan anda, klik http://semakan-lhdn-gov.top.",1
Notis LHDN: Anda mempunyai tunggakan cukai sebanyak RM2329. Sila bayar segera di http://bit.ly/kemaskini-akaun-2026.,1
Notis: Penyelenggaraan sistem E-Daftar akan dijalankan pada malam ini dari jam 12AM hingga 4AM.,0
Resit rasmi bagi transaksi TXN264026 berjaya diproses. Sila simpan untuk rujukan masa hadapan.,0
Penyata akaun bulanan anda bagi bulan Mac kini boleh dimuat turun di portal rasmi.,0
Makluman: Gangguan bekalan air di kawasan Kuala Lumpur dijangka pulih pada jam 10 PM.,0
"Amaran: Percubaan log masuk dikesan pada akaun Spotify anda. Jika bukan anda, klik http://login-secure-web.net.",1
Pengesahan pendaftaran: Anda telah berjaya mendaftar untuk kursus Cybersecurity Forensics di portal UniSZA.,0
Peringatan: Langganan Disney+ Hotstar anda gagal diperbaharui. Kemaskini kad kredit anda di http://bit.ly/kemaskini-akaun-2026.,1
Makluman: Gangguan bekalan air di kawasan Gong Badak dijangka pulih pada jam 2 PM.,0
Peringatan: Langganan Unifi anda gagal diperbaharui. Kemaskini kad kredit anda di http://login-secure-web.net.,1
Kurier Grab: Penghantaran bungkusan anda gagal. Sila bayar kos penghantaran semula di http://verify-identity.com.,1
Kurier Lazada: Penghantaran bungkusan anda gagal. Sila bayar kos penghantaran semula di http://login-secure-web.net.,1
"Amaran: Percubaan log masuk dikesan pada akaun Unifi anda. Jika bukan anda, klik http://verify-identity.com.",1
Notis LHDN: Anda mempunyai tunggakan cukai sebanyak RM4966. Sila bayar segera di http://bit.ly/kemaskini-akaun-2026.,1
Sila hantar laporan mingguan bagi projek Pembangunan Sistem IoT sebelum hari Jumaat ini.,0
Resit rasmi bagi transaksi TXN945248 berjaya diproses. Sila simpan untuk rujukan masa hadapan.,0
Notis LHDN: Anda mempunyai tunggakan cukai sebanyak RM3938. Sila bayar segera di http://login-secure-web.net.,1
Terima kasih kerana menggunakan perkhidmatan Lazada. Sila berikan maklum balas anda di sini.,0
Makluman: Gangguan bekalan air di kawasan Kuala Lumpur dijangka pulih pada jam 3 PM.,0
Pengesahan pendaftaran: Anda telah berjaya mendaftar untuk kursus Cybersecurity Forensics di portal UniSZA.,0
Tindakan segera diperlukan! Akaun Bank Islam anda telah disekat. Sila sahkan identiti di http://bit.ly/kemaskini-akaun-2026.,1
"Amaran: Percubaan log masuk dikesan pada akaun Unifi anda. Jika bukan anda, klik http://bit.ly/kemaskini-akaun-2026.",1
Akses portal SAPS anda akan ditamatkan dalam masa 24 jam. Sila log masuk di http://semakan-lhdn-gov.top untuk rayuan.,1
Kurier Touch 'n Go: Penghantaran bungkusan anda gagal. Sila bayar kos penghantaran semula di http://semakan-lhdn-gov.top.,1
Peringatan mesyuarat: Perbincangan mengenai SecurityX Training akan diadakan pada Jumaat jam 5 PM.,0
Peringatan: Langganan iCloud anda gagal diperbaharui. Kemaskini kad kredit anda di http://verify-identity.com.,1
Akses portal SAPS anda akan ditamatkan dalam masa 24 jam. Sila log masuk di http://semakan-lhdn-gov.top untuk rayuan.,1
Notis LHDN: Anda mempunyai tunggakan cukai sebanyak RM2939. Sila bayar segera di http://verify-identity.com.,1
Tindakan segera diperlukan! Akaun Maybank2u anda telah disekat. Sila sahkan identiti di http://semakan-lhdn-gov.top.,1
Tahniah! Anda terpilih memenangi hadiah RM1263 dari Grab. Klik http://verify-identity.com untuk tuntut.,1
Makluman: Gangguan bekalan air di kawasan Gong Badak dijangka pulih pada jam 11 PM.,0
Terima kasih kerana menggunakan perkhidmatan J&T Express. Sila berikan maklum balas anda di sini.,0
Terima kasih kerana menggunakan perkhidmatan Grab. Sila berikan maklum balas anda di sini.,0
Makluman: Gangguan bekalan air di kawasan Johor Bahru dijangka pulih pada jam 3 PM.,0
Tahniah! Anda terpilih memenangi hadiah RM2247 dari Grab. Klik http://bit.ly/kemaskini-akaun-2026 untuk tuntut.,1
Peringatan: Langganan Spotify anda gagal diperbaharui. Kemaskini kad kredit anda di http://bit.ly/kemaskini-akaun-2026.,1
Notis LHDN: Anda mempunyai tunggakan cukai sebanyak RM2932. Sila bayar segera di http://verify-identity.com.,1
Peringatan mesyuarat: Perbincangan mengenai SecurityX Training akan diadakan pada Jumaat jam 5 PM.,0
Akses portal SAPS anda akan ditamatkan dalam masa 24 jam. Sila log masuk di http://verify-identity.com untuk rayuan.,1
Sila hantar laporan mingguan bagi projek Pembangunan Sistem IoT sebelum hari Jumaat ini.,0
Kurier Touch 'n Go: Penghantaran bungkusan anda gagal. Sila bayar kos penghantaran semula di http://semakan-lhdn-gov.top.,1
Penyata akaun bulanan anda bagi bulan Januari kini boleh dimuat turun di portal rasmi.,0
Peringatan mesyuarat: Perbincangan mengenai Final Year Project akan diadakan pada Jumaat jam 4 PM.,0
Resit rasmi bagi transaksi TXN791725 berjaya diproses. Sila simpan untuk rujukan masa hadapan.,0
Akses portal SAPS anda akan ditamatkan dalam masa 24 jam. Sila log masuk di http://verify-identity.com untuk rayuan.,1
Notis: Penyelenggaraan sistem E-Daftar akan dijalankan pada malam ini dari jam 12AM hingga 4AM.,0
"Amaran: Percubaan log masuk dikesan pada akaun Disney+ Hotstar anda. Jika bukan anda, klik http://verify-identity.com.",1
"Amaran: Percubaan log masuk dikesan pada akaun Spotify anda. Jika bukan anda, klik http://verify-identity.com.",1
Makluman: Gangguan bekalan air di kawasan Gong Badak dijangka pulih pada jam 10 PM.,0
Pengesahan pendaftaran: Anda telah berjaya mendaftar untuk kursus Cybersecurity Forensics di portal UniSZA.,0
Peringatan: Langganan Unifi anda gagal diperbaharui. Kemaskini kad kredit anda di http://bit.ly/kemaskini-akaun-2026.,1
Peringatan mesyuarat: Perbincangan mengenai Latihan Industri akan diadakan pada Jumaat jam 1 PM.,0
Bantuan Tunai Rahmah: Semak status kelayakan RM4967 anda di pautan rasmi ini http://verify-identity.com.,1
Peringatan mesyuarat: Perbincangan mengenai Final Year Project akan diadakan pada Jumaat jam 3 PM.,0
Notis: Penyelenggaraan sistem E-Daftar akan dijalankan pada malam ini dari jam 12AM hingga 4AM.,0
Terima kasih kerana menggunakan perkhidmatan Touch 'n Go. Sila berikan maklum balas anda di sini.,0
Penyata akaun bulanan anda bagi bulan Mac kini boleh dimuat turun di portal rasmi.,0
Bantuan Tunai Rahmah: Semak status kelayakan RM4748 anda di pautan rasmi ini http://login-secure-web.net.,1
Notis: Penyelenggaraan sistem E-Daftar akan dijalankan pada malam ini dari jam 12AM hingga 4AM.,0
Pengesahan pendaftaran: Anda telah berjaya mendaftar untuk kursus Cybersecurity Forensics di portal UniSZA.,0
Sila hantar laporan mingguan bagi projek Pembangunan Sistem IoT sebelum hari Jumaat ini.,0
Notis LHDN: Anda mempunyai tunggakan cukai sebanyak RM4247. Sila bayar segera di http://verify-identity.com.,1
Kurier Pos Laju: Penghantaran bungkusan anda gagal. Sila bayar kos penghantaran semula di http://semakan-lhdn-gov.top.,1
"Amaran: Percubaan log masuk dikesan pada akaun Disney+ Hotstar anda. Jika bukan anda, klik http://login-secure-web.net.",1
Makluman: Gangguan bekalan air di kawasan Kuala Lumpur dijangka pulih pada jam 7 PM.,0
Peringatan: Langganan Disney+ Hotstar anda gagal diperbaharui. Kemaskini kad kredit anda di http://login-secure-web.net.,1
Pengesahan pendaftaran: Anda telah berjaya mendaftar untuk kursus Cybersecurity Forensics di portal UniSZA.,0
Makluman: Gangguan bekalan air di kawasan Kuala Lumpur dijangka pulih pada jam 12 PM.,0
Tahniah! Anda terpilih memenangi hadiah RM2412 dari Pos Laju. Klik http://semakan-lhdn-gov.top untuk tuntut.,1
Sila hantar laporan mingguan bagi projek Pembangunan Sistem IoT sebelum hari Jumaat ini.,0
Makluman: Gangguan bekalan air di kawasan Kuala Lumpur dijangka pulih pada jam 10 PM.,0
Tindakan segera diperlukan! Akaun Maybank2u anda telah disekat. Sila sahkan identiti di http://verify-identity.com.,1
Resit rasmi bagi transaksi TXN288416 berjaya diproses. Sila simpan untuk rujukan masa hadapan.,0
"Amaran: Percubaan log masuk dikesan pada akaun Spotify anda. Jika bukan anda, klik http://login-secure-web.net.",1
Terima kasih kerana menggunakan perkhidmatan Pos Laju. Sila berikan maklum balas anda di sini.,0
Notis: Penyelenggaraan sistem E-Daftar akan dijalankan pada malam ini dari jam 12AM hingga 4AM.,0
Resit rasmi bagi transaksi TXN950403 berjaya diproses. Sila simpan untuk rujukan masa hadapan.,0
Peringatan mesyuarat: Perbincangan mengenai Latihan Industri akan diadakan pada Jumaat jam 3 PM.,0
Tindakan segera diperlukan! Akaun Bank Islam anda telah disekat. Sila sahkan identiti di http://verify-identity.com.,1
Makluman: Gangguan bekalan air di kawasan Gong Badak dijangka pulih pada jam 11 PM.,0
Tahniah! Anda terpilih memenangi hadiah RM620 dari Lazada. Klik http://verify-identity.com untuk tuntut.,1
Sila hantar laporan mingguan bagi projek Pembangunan Sistem IoT sebelum hari Jumaat ini.,0
Pengesahan pendaftaran: Anda telah berjaya mendaftar untuk kursus Cybersecurity Forensics di portal UniSZA.,0
Pengesahan pendaftaran: Anda telah berjaya mendaftar untuk kursus Cybersecurity Forensics di portal UniSZA.,0
Pengesahan pendaftaran: Anda telah berjaya mendaftar untuk kursus Cybersecurity Forensics di portal UniSZA.,0
Notis: Penyelenggaraan sistem E-Daftar akan dijalankan pada malam ini dari jam 12AM hingga 4AM.,0
Makluman: Gangguan bekalan air di kawasan Besut dijangka pulih pada jam 6 PM.,0
Tindakan segera diperlukan! Akaun CIMB Clicks anda telah disekat. Sila sahkan identiti di http://semakan-lhdn-gov.top.,1
Tahniah! Anda terpilih memenangi hadiah RM1205 dari J&T Express. Klik http://login-secure-web.net untuk tuntut.,1
Kurier Lazada: Penghantaran bungkusan anda gagal. Sila bayar kos penghantaran semula di http://verify-identity.com.,1
Sila hantar laporan mingguan bagi projek Pembangunan Sistem IoT sebelum hari Jumaat ini.,0
Resit rasmi bagi transaksi TXN186535 berjaya diproses. Sila simpan untuk rujukan masa hadapan.,0
Akses portal SAPS anda akan ditamatkan dalam masa 24 jam. Sila log masuk di http://verify-identity.com untuk rayuan.,1
Peringatan: Langganan Unifi anda gagal diperbaharui. Kemaskini kad kredit anda di http://semakan-lhdn-gov.top.,1
Peringatan: Langganan Unifi anda gagal diperbaharui. Kemaskini kad kredit anda di http://bit.ly/kemaskini-akaun-2026.,1
Pengesahan pendaftaran: Anda telah berjaya mendaftar untuk kursus Cybersecurity Forensics di portal UniSZA.,0
Tindakan segera diperlukan! Akaun Public Bank anda telah disekat. Sila sahkan identiti di http://semakan-lhdn-gov.top.,1
Tindakan segera diperlukan! Akaun RHB Now anda telah disekat. Sila sahkan identiti di http://semakan-lhdn-gov.top.,1
Penyata akaun bulanan anda bagi bulan Februari kini boleh dimuat turun di portal rasmi.,0
Akses portal SAPS anda akan ditamatkan dalam masa 24 jam. Sila log masuk di http://semakan-lhdn-gov.top untuk rayuan.,1
Notis: Penyelenggaraan sistem E-Daftar akan dijalankan pada malam ini dari jam 12AM hingga 4AM.,0
Kurier Grab: Penghantaran bungkusan anda gagal. Sila bayar kos penghantaran semula di http://verify-identity.com.,1
Sila hantar laporan mingguan bagi projek Pembangunan Sistem IoT sebelum hari Jumaat ini.,0
Terima kasih kerana menggunakan perkhidmatan Lazada. Sila berikan maklum balas anda di sini.,0
Bantuan Tunai Rahmah: Semak status kelayakan RM2982 anda di pautan rasmi ini http://verify-identity.com.,1
Tindakan segera diperlukan! Akaun Public Bank anda telah disekat. Sila sahkan identiti di http://verify-identity.com.,1
Tahniah! Anda terpilih memenangi hadiah RM3629 dari Pos Laju. Klik http://semakan-lhdn-gov.top untuk tuntut.,1
Bantuan Tunai Rahmah: Semak status kelayakan RM4873 anda di pautan rasmi ini http://verify-identity.com.,1
Tahniah! Anda terpilih memenangi hadiah RM1268 dari Touch 'n Go. Klik http://login-secure-web.net untuk tuntut.,1
Terima kasih kerana menggunakan perkhidmatan Grab. Sila berikan maklum balas anda di sini.,0
"Amaran: Percubaan log masuk dikesan pada akaun Spotify anda. Jika bukan anda, klik http://login-secure-web.net.",1
Sila hantar laporan mingguan bagi projek Pembangunan Sistem IoT sebelum hari Jumaat ini.,0
Resit rasmi bagi transaksi TXN405731 berjaya diproses. Sila simpan untuk rujukan masa hadapan.,0
Makluman: Gangguan bekalan air di kawasan Kuala Lumpur dijangka pulih pada jam 4 PM.,0
Peringatan: Langganan Spotify anda gagal diperbaharui. Kemaskini kad kredit anda di http://login-secure-web.net.,1
Sila hantar laporan mingguan bagi projek Pembangunan Sistem IoT sebelum hari Jumaat ini.,0
Peringatan: Langganan Netflix anda gagal diperbaharui. Kemaskini kad kredit anda di http://bit.ly/kemaskini-akaun-2026.,1
Peringatan mesyuarat: Perbincangan mengenai Final Year Project akan diadakan pada Jumaat jam 7 PM.,0
"Amaran: Percubaan log masuk dikesan pada akaun Unifi anda. Jika bukan anda, klik http://semakan-lhdn-gov.top.",1
Tindakan segera diperlukan! Akaun Bank Islam anda telah disekat. Sila sahkan identiti di http://semakan-lhdn-gov.top.,1
Penyata akaun bulanan anda bagi bulan April kini boleh dimuat turun di portal rasmi.,0
"Amaran: Percubaan log masuk dikesan pada akaun Unifi anda. Jika bukan anda, klik http://bit.ly/kemaskini-akaun-2026.",1
Sila hantar laporan mingguan bagi projek Pembangunan Sistem IoT sebelum hari Jumaat ini.,0
Notis LHDN: Anda mempunyai tunggakan cukai sebanyak RM3327. Sila bayar segera di http://bit.ly/kemaskini-akaun-2026.,1
Peringatan mesyuarat: Perbincangan mengenai SecurityX Training akan diadakan pada Jumaat jam 5 PM.,0
Kurier Grab: Penghantaran bungkusan anda gagal. Sila bayar kos penghantaran semula di http://bit.ly/kemaskini-akaun-2026.,1
Resit rasmi bagi transaksi TXN379938 berjaya diproses. Sila simpan untuk rujukan masa hadapan.,0
Sila hantar laporan mingguan bagi projek Pembangunan Sistem IoT sebelum hari Jumaat ini.,0
Bantuan Tunai Rahmah: Semak status kelayakan RM1319 anda di pautan rasmi ini http://semakan-lhdn-gov.top.,1
Tahniah! Anda terpilih memenangi hadiah RM2561 dari Pos Laju. Klik http://verify-identity.com untuk tuntut.,1
Pengesahan pendaftaran: Anda telah berjaya mendaftar untuk kursus Cybersecurity Forensics di portal UniSZA.,0
Makluman: Gangguan bekalan air di kawasan Kuala Terengganu dijangka pulih pada jam 6 PM.,0
Sila hantar laporan mingguan bagi projek Pembangunan Sistem IoT sebelum hari Jumaat ini.,0
Notis LHDN: Anda mempunyai tunggakan cukai sebanyak RM1492. Sila bayar segera di http://login-secure-web.net.,1
"Amaran: Percubaan log masuk dikesan pada akaun Spotify anda. Jika bukan anda, klik http://bit.ly/kemaskini-akaun-2026.",1
Sila hantar laporan mingguan bagi projek Pembangunan Sistem IoT sebelum hari Jumaat ini.,0
Peringatan: Langganan Netflix anda gagal diperbaharui. Kemaskini kad kredit anda di http://semakan-lhdn-gov.top.,1
Makluman: Gangguan bekalan air di kawasan Besut dijangka pulih pada jam 2 PM.,0
Makluman: Gangguan bekalan air di kawasan Kuala Terengganu dijangka pulih pada jam 11 PM.,0
Peringatan mesyuarat: Perbincangan mengenai Final Year Project akan diadakan pada Jumaat jam 7 PM.,0
"Amaran: Percubaan log masuk dikesan pada akaun Netflix anda. Jika bukan anda, klik http://login-secure-web.net.",1
Notis: Penyelenggaraan sistem E-Daftar akan dijalankan pada malam ini dari jam 12AM hingga 4AM.,0
Tahniah! Anda terpilih memenangi hadiah RM2872 dari Shopee. Klik http://verify-identity.com untuk tuntut.,1
Terima kasih kerana menggunakan perkhidmatan Shopee. Sila berikan maklum balas anda di sini.,0
Penyata akaun bulanan anda bagi bulan Januari kini boleh dimuat turun di portal rasmi.,0
Akses portal SAPS anda akan ditamatkan dalam masa 24 jam. Sila log masuk di http://bit.ly/kemaskini-akaun-2026 untuk rayuan.,1
Peringatan mesyuarat: Perbincangan mengenai Final Year Project akan diadakan pada Jumaat jam 8 PM.,0
Bantuan Tunai Rahmah: Semak status kelayakan RM4873 anda di pautan rasmi ini http://login-secure-web.net.,1
Tahniah! Anda terpilih memenangi hadiah RM3037 dari Grab. Klik http://semakan-lhdn-gov.top untuk tuntut.,1
Pengesahan pendaftaran: Anda telah berjaya mendaftar untuk kursus Cybersecurity Forensics di portal UniSZA.,0
Terima kasih kerana menggunakan perkhidmatan J&T Express. Sila berikan maklum balas anda di sini.,0
Makluman: Gangguan bekalan air di kawasan Gong Badak dijangka pulih pada jam 10 PM.,0
Bantuan Tunai Rahmah: Semak status kelayakan RM1496 anda di pautan rasmi ini http://semakan-lhdn-gov.top.,1
Resit rasmi bagi transaksi TXN122592 berjaya diproses. Sila simpan untuk rujukan masa hadapan.,0
Peringatan: Langganan Spotify anda gagal diperbaharui. Kemaskini kad kredit anda di http://semakan-lhdn-gov.top.,1
Terima kasih kerana menggunakan perkhidmatan J&T Express. Sila berikan maklum balas anda di sini.,0
Bantuan Tunai Rahmah: Semak status kelayakan RM2563 anda di pautan rasmi ini http://bit.ly/kemaskini-akaun-2026.,1
Tindakan segera diperlukan! Akaun RHB Now anda telah disekat. Sila sahkan identiti di http://bit.ly/kemaskini-akaun-2026.,1
"Amaran: Percubaan log masuk dikesan pada akaun Netflix anda. Jika bukan anda, klik http://semakan-lhdn-gov.top.",1
Pengesahan pendaftaran: Anda telah berjaya mendaftar untuk kursus Cybersecurity Forensics di portal UniSZA.,0
Tindakan segera diperlukan! Akaun Public Bank anda telah disekat. Sila sahkan identiti di http://login-secure-web.net.,1
Penyata akaun bulanan anda bagi bulan Januari kini boleh dimuat turun di portal rasmi.,0
Akses portal SAPS anda akan ditamatkan dalam masa 24 jam. Sila log masuk di http://login-secure-web.net untuk rayuan.,1
Peringatan mesyuarat: Perbincangan mengenai Final Year Project akan diadakan pada Jumaat jam 9 PM.,0
Makluman: Gangguan bekalan air di kawasan Johor Bahru dijangka pulih pada jam 3 PM.,0
Sila hantar laporan mingguan bagi projek Pembangunan Sistem IoT sebelum hari Jumaat ini.,0
Peringatan mesyuarat: Perbincangan mengenai Latihan Industri akan diadakan pada Jumaat jam 4 PM.,0
Notis LHDN: Anda mempunyai tunggakan cukai sebanyak RM2846. Sila bayar segera di http://semakan-lhdn-gov.top.,1
Notis LHDN: Anda mempunyai tunggakan cukai sebanyak RM2673. Sila bayar segera di http://verify-identity.com.,1
Terima kasih kerana menggunakan perkhidmatan Pos Laju. Sila berikan maklum balas anda di sini.,0
Terima kasih kerana menggunakan perkhidmatan Touch 'n Go. Sila berikan maklum balas anda di sini.,0
Akses portal SAPS anda akan ditamatkan dalam masa 24 jam. Sila log masuk di http://login-secure-web.net untuk rayuan.,1
Akses portal SAPS anda akan ditamatkan dalam masa 24 jam. Sila log masuk di http://bit.ly/kemaskini-akaun-2026 untuk rayuan.,1
Akses portal SAPS anda akan ditamatkan dalam masa 24 jam. Sila log masuk di http://semakan-lhdn-gov.top untuk rayuan.,1
Penyata akaun bulanan anda bagi bulan Januari kini boleh dimuat turun di portal rasmi.,0
Tindakan segera diperlukan! Akaun CIMB Clicks anda telah disekat. Sila sahkan identiti di http://verify-identity.com.,1
Tindakan segera diperlukan! Akaun Public Bank anda telah disekat. Sila sahkan identiti di http://verify-identity.com.,1
Sila hantar laporan mingguan bagi projek Pembangunan Sistem IoT sebelum hari Jumaat ini.,0
Kurier Lazada: Penghantaran bungkusan anda gagal. Sila bayar kos penghantaran semula di http://bit.ly/kemaskini-akaun-2026.,1
Sila hantar laporan mingguan bagi projek Pembangunan Sistem IoT sebelum hari Jumaat ini.,0
Kurier Grab: Penghantaran bungkusan anda gagal. Sila bayar kos penghantaran semula di http://login-secure-web.net.,1
Bantuan Tunai Rahmah: Semak status kelayakan RM1521 anda di pautan rasmi ini http://bit.ly/kemaskini-akaun-2026.,1
Sila hantar laporan mingguan bagi projek Pembangunan Sistem IoT sebelum hari Jumaat ini.,0
Tahniah! Anda terpilih memenangi hadiah RM873 dari Grab. Klik http://semakan-lhdn-gov.top untuk tuntut.,1
Pengesahan pendaftaran: Anda telah berjaya mendaftar untuk kursus Cybersecurity Forensics di portal UniSZA.,0
Penyata akaun bulanan anda bagi bulan Mei kini boleh dimuat turun di portal rasmi.,0
Tindakan segera diperlukan! Akaun Hong Leong Connect anda telah disekat. Sila sahkan identiti di http://login-secure-web.net.,1
Peringatan mesyuarat: Perbincangan mengenai Final Year Project akan diadakan pada Jumaat jam 9 PM.,0
Notis LHDN: Anda mempunyai tunggakan cukai sebanyak RM4237. Sila bayar segera di http://bit.ly/kemaskini-akaun-2026.,1
Tindakan segera diperlukan! Akaun Hong Leong Connect anda telah disekat. Sila sahkan identiti di http://bit.ly/kemaskini-akaun-2026.,1
Pengesahan pendaftaran: Anda telah berjaya mendaftar untuk kursus Cybersecurity Forensics di portal UniSZA.,0
Penyata akaun bulanan anda bagi bulan Mei kini boleh dimuat turun di portal rasmi.,0
Resit rasmi bagi transaksi TXN329605 berjaya diproses. Sila simpan untuk rujukan masa hadapan.,0
Resit rasmi bagi transaksi TXN747590 berjaya diproses. Sila simpan untuk rujukan masa hadapan.,0
Sila hantar laporan mingguan bagi projek Pembangunan Sistem IoT sebelum hari Jumaat ini.,0
Kurier Pos Laju: Penghantaran bungkusan anda gagal. Sila bayar kos penghantaran semula di http://semakan-lhdn-gov.top.,1
Bantuan Tunai Rahmah: Semak status kelayakan RM1229 anda di pautan rasmi ini http://semakan-lhdn-gov.top.,1
Notis: Penyelenggaraan sistem E-Daftar akan dijalankan pada malam ini dari jam 12AM hingga 4AM.,0
Notis LHDN: Anda mempunyai tunggakan cukai sebanyak RM4445. Sila bayar segera di http://login-secure-web.net.,1
Tindakan segera diperlukan! Akaun RHB Now anda telah disekat. Sila sahkan identiti di http://semakan-lhdn-gov.top.,1
Tahniah! Anda terpilih memenangi hadiah RM3008 dari Pos Laju. Klik http://verify-identity.com untuk tuntut.,1
Notis LHDN: Anda mempunyai tunggakan cukai sebanyak RM4282. Sila bayar segera di http://verify-identity.com.,1
Tindakan segera diperlukan! Akaun CIMB Clicks anda telah disekat. Sila sahkan identiti di http://bit.ly/kemaskini-akaun-2026.,1
Tindakan segera diperlukan! Akaun CIMB Clicks anda telah disekat. Sila sahkan identiti di http://login-secure-web.net.,1
Peringatan: Langganan Spotify anda gagal diperbaharui. Kemaskini kad kredit anda di http://verify-identity.com.,1
Resit rasmi bagi transaksi TXN764530 berjaya diproses. Sila simpan untuk rujukan masa hadapan.,0
Penyata akaun bulanan anda bagi bulan Jun kini boleh dimuat turun di portal rasmi.,0
Tindakan segera diperlukan! Akaun Public Bank anda telah disekat. Sila sahkan identiti di http://login-secure-web.net.,1
Makluman: Gangguan bekalan air di kawasan Gong Badak dijangka pulih pada jam 12 PM.,0
Bantuan Tunai Rahmah: Semak status kelayakan RM3852 anda di pautan rasmi ini http://bit.ly/kemaskini-akaun-2026.,1
Sila hantar laporan mingguan bagi projek Pembangunan Sistem IoT sebelum hari Jumaat ini.,0
Notis LHDN: Anda mempunyai tunggakan cukai sebanyak RM2033. Sila bayar segera di http://bit.ly/kemaskini-akaun-2026.,1
Tahniah! Anda terpilih memenangi hadiah RM3480 dari Pos Laju. Klik http://verify-identity.com untuk tuntut.,1
Pengesahan pendaftaran: Anda telah berjaya mendaftar untuk kursus Cybersecurity Forensics di portal UniSZA.,0
Pengesahan pendaftaran: Anda telah berjaya mendaftar untuk kursus Cybersecurity Forensics di portal UniSZA.,0
Terima kasih kerana menggunakan perkhidmatan Touch 'n Go. Sila berikan maklum balas anda di sini.,0
Makluman: Gangguan bekalan air di kawasan Kuala Terengganu dijangka pulih pada jam 7 PM.,0
"Amaran: Percubaan log masuk dikesan pada akaun Disney+ Hotstar anda. Jika bukan anda, klik http://verify-identity.com.",1
Pengesahan pendaftaran: Anda telah berjaya mendaftar untuk kursus Cybersecurity Forensics di portal UniSZA.,0
Terima kasih kerana menggunakan perkhidmatan Touch 'n Go. Sila berikan maklum balas anda di sini.,0
Sila hantar laporan mingguan bagi projek Pembangunan Sistem IoT sebelum hari Jumaat ini.,0
Peringatan mesyuarat: Perbincangan mengenai Final Year Project akan diadakan pada Jumaat jam 2 PM.,0
Bantuan Tunai Rahmah: Semak status kelayakan RM4988 anda di pautan rasmi ini http://login-secure-web.net.,1
Notis: Penyelenggaraan sistem E-Daftar akan dijalankan pada malam ini dari jam 12AM hingga 4AM.,0
Penyata akaun bulanan anda bagi bulan April kini boleh dimuat turun di portal rasmi.,0
Akses portal SAPS anda akan ditamatkan dalam masa 24 jam. Sila log masuk di http://verify-identity.com untuk rayuan.,1
Notis: Penyelenggaraan sistem E-Daftar akan dijalankan pada malam ini dari jam 12AM hingga 4AM.,0
Kurier J&T Express: Penghantaran bungkusan anda gagal. Sila bayar kos penghantaran semula di http://semakan-lhdn-gov.top.,1
Notis: Penyelenggaraan sistem E-Daftar akan dijalankan pada malam ini dari jam 12AM hingga 4AM.,0
Makluman: Gangguan bekalan air di kawasan Johor Bahru dijangka pulih pada jam 3 PM.,0
Peringatan mesyuarat: Perbincangan mengenai Final Year Project akan diadakan pada Jumaat jam 3 PM.,0
Resit rasmi bagi transaksi TXN553357 berjaya diproses. Sila simpan untuk rujukan masa hadapan.,0
Akses portal SAPS anda akan ditamatkan dalam masa 24 jam. Sila log masuk di http://bit.ly/kemaskini-akaun-2026 untuk rayuan.,1
"Amaran: Percubaan log masuk dikesan pada akaun Spotify anda. Jika bukan anda, klik http://verify-identity.com.",1
"Amaran: Percubaan log masuk dikesan pada akaun Unifi anda. Jika bukan anda, klik http://verify-identity.com.",1
Sila hantar laporan mingguan bagi projek Pembangunan Sistem IoT sebelum hari Jumaat ini.,0
Notis LHDN: Anda mempunyai tunggakan cukai sebanyak RM2306. Sila bayar segera di http://semakan-lhdn-gov.top.,1
Tindakan segera diperlukan! Akaun Bank Islam anda telah disekat. Sila sahkan identiti di http://semakan-lhdn-gov.top.,1
Tindakan segera diperlukan! Akaun Maybank2u anda telah disekat. Sila sahkan identiti di http://login-secure-web.net.,1
Notis: Penyelenggaraan sistem E-Daftar akan dijalankan pada malam ini dari jam 12AM hingga 4AM.,0
Tindakan segera diperlukan! Akaun Public Bank anda telah disekat. Sila sahkan identiti di http://login-secure-web.net.,1
Kurier J&T Express: Penghantaran bungkusan anda gagal. Sila bayar kos penghantaran semula di http://verify-identity.com.,1
"Amaran: Percubaan log masuk dikesan pada akaun iCloud anda. Jika bukan anda, klik http://semakan-lhdn-gov.top.",1
Terima kasih kerana menggunakan perkhidmatan Touch 'n Go. Sila berikan maklum balas anda di sini.,0
Terima kasih kerana menggunakan perkhidmatan Lazada. Sila berikan maklum balas anda di sini.,0
Notis: Penyelenggaraan sistem E-Daftar akan dijalankan pada malam ini dari jam 12AM hingga 4AM.,0
Notis LHDN: Anda mempunyai tunggakan cukai sebanyak RM3627. Sila bayar segera di http://login-secure-web.net.,1
Pengesahan pendaftaran: Anda telah berjaya mendaftar untuk kursus Cybersecurity Forensics di portal UniSZA.,0
Tindakan segera diperlukan! Akaun Public Bank anda telah disekat. Sila sahkan identiti di http://semakan-lhdn-gov.top.,1
Makluman: Gangguan bekalan air di kawasan Gong Badak dijangka pulih pada jam 7 PM.,0
Notis LHDN: Anda mempunyai tunggakan cukai sebanyak RM904. Sila bayar segera di http://verify-identity.com.,1
Pengesahan pendaftaran: Anda telah berjaya mendaftar untuk kursus Cybersecurity Forensics di portal UniSZA.,0
Peringatan mesyuarat: Perbincangan mengenai Digital Marketing akan diadakan pada Jumaat jam 4 PM.,0
Resit rasmi bagi transaksi TXN503184 berjaya diproses. Sila simpan untuk rujukan masa hadapan.,0
"Amaran: Percubaan log masuk dikesan pada akaun Netflix anda. Jika bukan anda, klik http://login-secure-web.net.",1
Makluman: Gangguan bekalan air di kawasan Kuala Terengganu dijangka pulih pada jam 9 PM.,0
Akses portal SAPS anda akan ditamatkan dalam masa 24 jam. Sila log masuk di http://bit.ly/kemaskini-akaun-2026 untuk rayuan.,1
Tindakan segera diperlukan! Akaun Bank Islam anda telah disekat. Sila sahkan identiti di http://bit.ly/kemaskini-akaun-2026.,1
Resit rasmi bagi transaksi TXN705579 berjaya diproses. Sila simpan untuk rujukan masa hadapan.,0
Makluman: Gangguan bekalan air di kawasan Gong Badak dijangka pulih pada jam 3 PM.,0
Penyata akaun bulanan anda bagi bulan Mei kini boleh dimuat turun di portal rasmi.,0
Sila hantar laporan mingguan bagi projek Pembangunan Sistem IoT sebelum hari Jumaat ini.,0
Pengesahan pendaftaran: Anda telah berjaya mendaftar untuk kursus Cybersecurity Forensics di portal UniSZA.,0
Peringatan mesyuarat: Perbincangan mengenai Latihan Industri akan diadakan pada Jumaat jam 2 PM.,0
Makluman: Gangguan bekalan air di kawasan Besut dijangka pulih pada jam 5 PM.,0
Pengesahan pendaftaran: Anda telah berjaya mendaftar untuk kursus Cybersecurity Forensics di portal UniSZA.,0
Kurier J&T Express: Penghantaran bungkusan anda gagal. Sila bayar kos penghantaran semula di http://bit.ly/kemaskini-akaun-2026.,1
Resit rasmi bagi transaksi TXN121351 berjaya diproses. Sila simpan untuk rujukan masa hadapan.,0
Bantuan Tunai Rahmah: Semak status kelayakan RM1614 anda di pautan rasmi ini http://semakan-lhdn-gov.top.,1
Penyata akaun bulanan anda bagi bulan April kini boleh dimuat turun di portal rasmi.,0
Bantuan Tunai Rahmah: Semak status kelayakan RM1791 anda di pautan rasmi ini http://bit.ly/kemaskini-akaun-2026.,1
Terima kasih kerana menggunakan perkhidmatan Shopee. Sila berikan maklum balas anda di sini.,0
Makluman: Gangguan bekalan air di kawasan Kuala Lumpur dijangka pulih pada jam 11 PM.,0
Makluman: Gangguan bekalan air di kawasan Johor Bahru dijangka pulih pada jam 12 PM.,0
Sila hantar laporan mingguan bagi projek Pembangunan Sistem IoT sebelum hari Jumaat ini.,0
"Amaran: Percubaan log masuk dikesan pada akaun Netflix anda. Jika bukan anda, klik http://semakan-lhdn-gov.top.",1
Penyata akaun bulanan anda bagi bulan Mei kini boleh dimuat turun di portal rasmi.,0
Resit rasmi bagi transaksi TXN253126 berjaya diproses. Sila simpan untuk rujukan masa hadapan.,0
Akses portal SAPS anda akan ditamatkan dalam masa 24 jam. Sila log masuk di http://login-secure-web.net untuk rayuan.,1
Kurier Pos Laju: Penghantaran bungkusan anda gagal. Sila bayar kos penghantaran semula di http://login-secure-web.net.,1
Penyata akaun bulanan anda bagi bulan Januari kini boleh dimuat turun di portal rasmi.,0
Penyata akaun bulanan anda bagi bulan Mei kini boleh dimuat turun di portal rasmi.,0
Notis: Penyelenggaraan sistem E-Daftar akan dijalankan pada malam ini dari jam 12AM hingga 4AM.,0
Bantuan Tunai Rahmah: Semak status kelayakan RM1912 anda di pautan rasmi ini http://bit.ly/kemaskini-akaun-2026.,1
Makluman: Gangguan bekalan air di kawasan Kuala Lumpur dijangka pulih pada jam 10 PM.,0
Peringatan mesyuarat: Perbincangan mengenai SecurityX Training akan diadakan pada Jumaat jam 4 PM.,0
Tindakan segera diperlukan! Akaun RHB Now anda telah disekat. Sila sahkan identiti di http://semakan-lhdn-gov.top.,1
"Amaran: Percubaan log masuk dikesan pada akaun Unifi anda. Jika bukan anda, klik http://login-secure-web.net.",1
Sila hantar laporan mingguan bagi projek Pembangunan Sistem IoT sebelum hari Jumaat ini.,0
Akses portal SAPS anda akan ditamatkan dalam masa 24 jam. Sila log masuk di http://semakan-lhdn-gov.top untuk rayuan.,1
Akses portal SAPS anda akan ditamatkan dalam masa 24 jam. Sila log masuk di http://verify-identity.com untuk rayuan.,1
Makluman: Gangguan bekalan air di kawasan Besut dijangka pulih pada jam 7 PM.,0
Sila hantar laporan mingguan bagi projek Pembangunan Sistem IoT sebelum hari Jumaat ini.,0
Terima kasih kerana menggunakan perkhidmatan Shopee. Sila berikan maklum balas anda di sini.,0
Notis: Penyelenggaraan sistem E-Daftar akan dijalankan pada malam ini dari jam 12AM hingga 4AM.,0
Terima kasih kerana menggunakan perkhidmatan Pos Laju. Sila berikan maklum balas anda di sini.,0
Peringatan: Langganan Unifi anda gagal diperbaharui. Kemaskini kad kredit anda di http://verify-identity.com.,1
Terima kasih kerana menggunakan perkhidmatan Touch 'n Go. Sila berikan maklum balas anda di sini.,0
Peringatan: Langganan Unifi anda gagal diperbaharui. Kemaskini kad kredit anda di http://bit.ly/kemaskini-akaun-2026.,1
Notis LHDN: Anda mempunyai tunggakan cukai sebanyak RM819. Sila bayar segera di http://login-secure-web.net.,1
Pengesahan pendaftaran: Anda telah berjaya mendaftar untuk kursus Cybersecurity Forensics di portal UniSZA.,0
Pengesahan pendaftaran: Anda telah berjaya mendaftar untuk kursus Cybersecurity Forensics di portal UniSZA.,0
"Amaran: Percubaan log masuk dikesan pada akaun Spotify anda. Jika bukan anda, klik http://bit.ly/kemaskini-akaun-2026.",1
Pengesahan pendaftaran: Anda telah berjaya mendaftar untuk kursus Cybersecurity Forensics di portal UniSZA.,0
Sila hantar laporan mingguan bagi projek Pembangunan Sistem IoT sebelum hari Jumaat ini.,0
Penyata akaun bulanan anda bagi bulan Mei kini boleh dimuat turun di portal rasmi.,0
"Amaran: Percubaan log masuk dikesan pada akaun iCloud anda. Jika bukan anda, klik http://bit.ly/kemaskini-akaun-2026.",1
Akses portal SAPS anda akan ditamatkan dalam masa 24 jam. Sila log masuk di http://semakan-lhdn-gov.top untuk rayuan.,1
Makluman: Gangguan bekalan air di kawasan Kuala Lumpur dijangka pulih pada jam 3 PM.,0
Tahniah! Anda terpilih memenangi hadiah RM1652 dari J&T Express. Klik http://login-secure-web.net untuk tuntut.,1
Pengesahan pendaftaran: Anda telah berjaya mendaftar untuk kursus Cybersecurity Forensics di portal UniSZA.,0
Sila hantar laporan mingguan bagi projek Pembangunan Sistem IoT sebelum hari Jumaat ini.,0
Resit rasmi bagi transaksi TXN319536 berjaya diproses. Sila simpan untuk rujukan masa hadapan.,0
Notis LHDN: Anda mempunyai tunggakan cukai sebanyak RM992. Sila bayar segera di http://verify-identity.com.,1
Makluman: Gangguan bekalan air di kawasan Besut dijangka pulih pada jam 10 PM.,0
Sila hantar laporan mingguan bagi projek Pembangunan Sistem IoT sebelum hari Jumaat ini.,0
Notis LHDN: Anda mempunyai tunggakan cukai sebanyak RM3462. Sila bayar segera di http://semakan-lhdn-gov.top.,1
Peringatan: Langganan Netflix anda gagal diperbaharui. Kemaskini kad kredit anda di http://semakan-lhdn-gov.top.,1
Makluman: Gangguan bekalan air di kawasan Gong Badak dijangka pulih pada jam 3 PM.,0
Notis LHDN: Anda mempunyai tunggakan cukai sebanyak RM1213. Sila bayar segera di http://login-secure-web.net.,1
"Amaran: Percubaan log masuk dikesan pada akaun Unifi anda. Jika bukan anda, klik http://semakan-lhdn-gov.top.",1
Peringatan mesyuarat: Perbincangan mengenai Final Year Project akan diadakan pada Jumaat jam 6 PM.,0
Terima kasih kerana menggunakan perkhidmatan Pos Laju. Sila berikan maklum balas anda di sini.,0
Terima kasih kerana menggunakan perkhidmatan Grab. Sila berikan maklum balas anda di sini.,0
Bantuan Tunai Rahmah: Semak status kelayakan RM3628 anda di pautan rasmi ini http://semakan-lhdn-gov.top.,1
Peringatan: Langganan Spotify anda gagal diperbaharui. Kemaskini kad kredit anda di http://verify-identity.com.,1
Akses portal SAPS anda akan ditamatkan dalam masa 24 jam. Sila log masuk di http://verify-identity.com untuk rayuan.,1
Peringatan mesyuarat: Perbincangan mengenai SecurityX Training akan diadakan pada Jumaat jam 12 PM.,0
Notis: Penyelenggaraan sistem E-Daftar akan dijalankan pada malam ini dari jam 12AM hingga 4AM.,0
Sila hantar laporan mingguan bagi projek Pembangunan Sistem IoT sebelum hari Jumaat ini.,0
"Amaran: Percubaan log masuk dikesan pada akaun iCloud anda. Jika bukan anda, klik http://verify-identity.com.",1
"Amaran: Percubaan log masuk dikesan pada akaun Unifi anda. Jika bukan anda, klik http://semakan-lhdn-gov.top.",1
Akses portal SAPS anda akan ditamatkan dalam masa 24 jam. Sila log masuk di http://semakan-lhdn-gov.top untuk rayuan.,1
Kurier Grab: Penghantaran bungkusan anda gagal. Sila bayar kos penghantaran semula di http://verify-identity.com.,1
Sila hantar laporan mingguan bagi projek Pembangunan Sistem IoT sebelum hari Jumaat ini.,0
"Amaran: Percubaan log masuk dikesan pada akaun Disney+ Hotstar anda. Jika bukan anda, klik http://verify-identity.com.",1
Tahniah! Anda terpilih memenangi hadiah RM2278 dari Grab. Klik http://login-secure-web.net untuk tuntut.,1
Peringatan mesyuarat: Perbincangan mengenai Digital Marketing akan diadakan pada Jumaat jam 12 PM.,0
Tahniah! Anda terpilih memenangi hadiah RM2315 dari Pos Laju. Klik http://semakan-lhdn-gov.top untuk tuntut.,1
Tahniah! Anda terpilih memenangi hadiah RM1722 dari J&T Express. Klik http://verify-identity.com untuk tuntut.,1
Peringatan mesyuarat: Perbincangan mengenai Final Year Project akan diadakan pada Jumaat jam 9 PM.,0
Penyata akaun bulanan anda bagi bulan Mac kini boleh dimuat turun di portal rasmi.,0
Peringatan mesyuarat: Perbincangan mengenai Latihan Industri akan diadakan pada Jumaat jam 3 PM.,0
Tindakan segera diperlukan! Akaun Hong Leong Connect anda telah disekat. Sila sahkan identiti di http://bit.ly/kemaskini-akaun-2026.,1
Notis LHDN: Anda mempunyai tunggakan cukai sebanyak RM2209. Sila bayar segera di http://semakan-lhdn-gov.top.,1
Notis LHDN: Anda mempunyai tunggakan cukai sebanyak RM3784. Sila bayar segera di http://verify-identity.com.,1
Notis: Penyelenggaraan sistem E-Daftar akan dijalankan pada malam ini dari jam 12AM hingga 4AM.,0
Kurier Lazada: Penghantaran bungkusan anda gagal. Sila bayar kos penghantaran semula di http://bit.ly/kemaskini-akaun-2026.,1
Notis: Penyelenggaraan sistem E-Daftar akan dijalankan pada malam ini dari jam 12AM hingga 4AM.,0
Pengesahan pendaftaran: Anda telah berjaya mendaftar untuk kursus Cybersecurity Forensics di portal UniSZA.,0
Penyata akaun bulanan anda bagi bulan Jun kini boleh dimuat turun di portal rasmi.,0
Penyata akaun bulanan anda bagi bulan Jun kini boleh dimuat turun di portal rasmi.,0
"Amaran: Percubaan log masuk dikesan pada akaun iCloud anda. Jika bukan anda, klik http://login-secure-web.net.",1
Sila hantar laporan mingguan bagi projek Pembangunan Sistem IoT sebelum hari Jumaat ini.,0
Terima kasih kerana menggunakan perkhidmatan Grab. Sila berikan maklum balas anda di sini.,0
Bantuan Tunai Rahmah: Semak status kelayakan RM3299 anda di pautan rasmi ini http://bit.ly/kemaskini-akaun-2026.,1
Kurier Shopee: Penghantaran bungkusan anda gagal. Sila bayar kos penghantaran semula di http://semakan-lhdn-gov.top.,1
Sila hantar laporan mingguan bagi projek Pembangunan Sistem IoT sebelum hari Jumaat ini.,0
Tahniah! Anda terpilih memenangi hadiah RM2527 dari J&T Express. Klik http://verify-identity.com untuk tuntut.,1
Terima kasih kerana menggunakan perkhidmatan J&T Express. Sila berikan maklum balas anda di sini.,0
Penyata akaun bulanan anda bagi bulan April kini boleh dimuat turun di portal rasmi.,0
Pengesahan pendaftaran: Anda telah berjaya mendaftar untuk kursus Cybersecurity Forensics di portal UniSZA.,0
Peringatan mesyuarat: Perbincangan mengenai Digital Marketing akan diadakan pada Jumaat jam 8 PM.,0
"Amaran: Percubaan log masuk dikesan pada akaun Unifi anda. Jika bukan anda, klik http://verify-identity.com.",1
Tindakan segera diperlukan! Akaun CIMB Clicks anda telah disekat. Sila sahkan identiti di http://login-secure-web.net.,1
Terima kasih kerana menggunakan perkhidmatan J&T Express. Sila berikan maklum balas anda di sini.,0
Akses portal SAPS anda akan ditamatkan dalam masa 24 jam. Sila log masuk di http://login-secure-web.net untuk rayuan.,1
Penyata akaun bulanan anda bagi bulan Januari kini boleh dimuat turun di portal rasmi.,0
Bantuan Tunai Rahmah: Semak status kelayakan RM2952 anda di pautan rasmi ini http://login-secure-web.net.,1
Makluman: Gangguan bekalan air di kawasan Gong Badak dijangka pulih pada jam 11 PM.,0
Resit rasmi bagi transaksi TXN417466 berjaya diproses. Sila simpan untuk rujukan masa hadapan.,0
"Amaran: Percubaan log masuk dikesan pada akaun Spotify anda. Jika bukan anda, klik http://login-secure-web.net.",1
Makluman: Gangguan bekalan air di kawasan Kuala Terengganu dijangka pulih pada jam 2 PM.,0
Bantuan Tunai Rahmah: Semak status kelayakan RM1105 anda di pautan rasmi ini http://verify-identity.com.,1
Notis: Penyelenggaraan sistem E-Daftar akan dijalankan pada malam ini dari jam 12AM hingga 4AM.,0
Peringatan mesyuarat: Perbincangan mengenai Final Year Project akan diadakan pada Jumaat jam 5 PM.,0
Pengesahan pendaftaran: Anda telah berjaya mendaftar untuk kursus Cybersecurity Forensics di portal UniSZA.,0
Penyata akaun bulanan anda bagi bulan Januari kini boleh dimuat turun di portal rasmi.,0
Peringatan mesyuarat: Perbincangan mengenai Latihan Industri akan diadakan pada Jumaat jam 6 PM.,0
Notis LHDN: Anda mempunyai tunggakan cukai sebanyak RM3928. Sila bayar segera di http://semakan-lhdn-gov.top.,1
Peringatan mesyuarat: Perbincangan mengenai SecurityX Training akan diadakan pada Jumaat jam 5 PM.,0
Peringatan mesyuarat: Perbincangan mengenai Final Year Project akan diadakan pada Jumaat jam 8 PM.,0
Bantuan Tunai Rahmah: Semak status kelayakan RM4075 anda di pautan rasmi ini http://bit.ly/kemaskini-akaun-2026.,1
Akses portal SAPS anda akan ditamatkan dalam masa 24 jam. Sila log masuk di http://login-secure-web.net untuk rayuan.,1
Notis LHDN: Anda mempunyai tunggakan cukai sebanyak RM4381. Sila bayar segera di http://bit.ly/kemaskini-akaun-2026.,1
Notis LHDN: Anda mempunyai tunggakan cukai sebanyak RM3587. Sila bayar segera di http://bit.ly/kemaskini-akaun-2026.,1
Makluman: Gangguan bekalan air di kawasan Johor Bahru dijangka pulih pada jam 1 PM.,0
Pengesahan pendaftaran: Anda telah berjaya mendaftar untuk kursus Cybersecurity Forensics di portal UniSZA.,0
Pengesahan pendaftaran: Anda telah berjaya mendaftar untuk kursus Cybersecurity Forensics di portal UniSZA.,0
Tahniah! Anda terpilih memenangi hadiah RM2872 dari J&T Express. Klik http://semakan-lhdn-gov.top untuk tuntut.,1
Makluman: Gangguan bekalan air di kawasan Johor Bahru dijangka pulih pada jam 7 PM.,0
Kurier Pos Laju: Penghantaran bungkusan anda gagal. Sila bayar kos penghantaran semula di http://verify-identity.com.,1
Bantuan Tunai Rahmah: Semak status kelayakan RM3233 anda di pautan rasmi ini http://bit.ly/kemaskini-akaun-2026.,1
Sila hantar laporan mingguan bagi projek Pembangunan Sistem IoT sebelum hari Jumaat ini.,0
Makluman: Gangguan bekalan air di kawasan Gong Badak dijangka pulih pada jam 9 PM.,0
Akses portal SAPS anda akan ditamatkan dalam masa 24 jam. Sila log masuk di http://verify-identity.com untuk rayuan.,1
Pengesahan pendaftaran: Anda telah berjaya mendaftar untuk kursus Cybersecurity Forensics di portal UniSZA.,0
Terima kasih kerana menggunakan perkhidmatan Lazada. Sila berikan maklum balas anda di sini.,0
Notis LHDN: Anda mempunyai tunggakan cukai sebanyak RM2154. Sila bayar segera di http://login-secure-web.net.,1
Bantuan Tunai Rahmah: Semak status kelayakan RM4924 anda di pautan rasmi ini http://verify-identity.com.,1
Tindakan segera diperlukan! Akaun Maybank2u anda telah disekat. Sila sahkan identiti di http://verify-identity.com.,1
Terima kasih kerana menggunakan perkhidmatan Lazada. Sila berikan maklum balas anda di sini.,0
Notis: Penyelenggaraan sistem E-Daftar akan dijalankan pada malam ini dari jam 12AM hingga 4AM.,0
Tindakan segera diperlukan! Akaun RHB Now anda telah disekat. Sila sahkan identiti di http://semakan-lhdn-gov.top.,1
Bantuan Tunai Rahmah: Semak status kelayakan RM1853 anda di pautan rasmi ini http://bit.ly/kemaskini-akaun-2026.,1
Tindakan segera diperlukan! Akaun RHB Now anda telah disekat. Sila sahkan identiti di http://login-secure-web.net.,1
Peringatan: Langganan Unifi anda gagal diperbaharui. Kemaskini kad kredit anda di http://bit.ly/kemaskini-akaun-2026.,1
Notis LHDN: Anda mempunyai tunggakan cukai sebanyak RM4688. Sila bayar segera di http://verify-identity.com.,1
Notis LHDN: Anda mempunyai tunggakan cukai sebanyak RM1126. Sila bayar segera di http://verify-identity.com.,1
Notis: Penyelenggaraan sistem E-Daftar akan dijalankan pada malam ini dari jam 12AM hingga 4AM.,0
Resit rasmi bagi transaksi TXN788535 berjaya diproses. Sila simpan untuk rujukan masa hadapan.,0
Kurier Shopee: Penghantaran bungkusan anda gagal. Sila bayar kos penghantaran semula di http://semakan-lhdn-gov.top.,1
Peringatan: Langganan Unifi anda gagal diperbaharui. Kemaskini kad kredit anda di http://bit.ly/kemaskini-akaun-2026.,1
Akses portal SAPS anda akan ditamatkan dalam masa 24 jam. Sila log masuk di http://semakan-lhdn-gov.top untuk rayuan.,1
"Amaran: Percubaan log masuk dikesan pada akaun iCloud anda. Jika bukan anda, klik http://login-secure-web.net.",1
Terima kasih kerana menggunakan perkhidmatan Shopee. Sila berikan maklum balas anda di sini.,0
Resit rasmi bagi transaksi TXN270293 berjaya diproses. Sila simpan untuk rujukan masa hadapan.,0
Bantuan Tunai Rahmah: Semak status kelayakan RM926 anda di pautan rasmi ini http://login-secure-web.net.,1
Bantuan Tunai Rahmah: Semak status kelayakan RM2531 anda di pautan rasmi ini http://verify-identity.com.,1
Akses portal SAPS anda akan ditamatkan dalam masa 24 jam. Sila log masuk di http://verify-identity.com untuk rayuan.,1
Kurier Touch 'n Go: Penghantaran bungkusan anda gagal. Sila bayar kos penghantaran semula di http://verify-identity.com.,1
Penyata akaun bulanan anda bagi bulan Mac kini boleh dimuat turun di portal rasmi.,0
Pengesahan pendaftaran: Anda telah berjaya mendaftar untuk kursus Cybersecurity Forensics di portal UniSZA.,0
Notis LHDN: Anda mempunyai tunggakan cukai sebanyak RM2303. Sila bayar segera di http://bit.ly/kemaskini-akaun-2026.,1
Notis: Penyelenggaraan sistem E-Daftar akan dijalankan pada malam ini dari jam 12AM hingga 4AM.,0
Penyata akaun bulanan anda bagi bulan Mei kini boleh dimuat turun di portal rasmi.,0
Peringatan mesyuarat: Perbincangan mengenai SecurityX Training akan diadakan pada Jumaat jam 8 PM.,0
Tahniah! Anda terpilih memenangi hadiah RM1725 dari Shopee. Klik http://verify-identity.com untuk tuntut.,1
Peringatan: Langganan iCloud anda gagal diperbaharui. Kemaskini kad kredit anda di http://verify-identity.com.,1
Akses portal SAPS anda akan ditamatkan dalam masa 24 jam. Sila log masuk di http://login-secure-web.net untuk rayuan.,1
Peringatan mesyuarat: Perbincangan mengenai Latihan Industri akan diadakan pada Jumaat jam 1 PM.,0
Makluman: Gangguan bekalan air di kawasan Johor Bahru dijangka pulih pada jam 6 PM.,0
Pengesahan pendaftaran: Anda telah berjaya mendaftar untuk kursus Cybersecurity Forensics di portal UniSZA.,0
Notis: Penyelenggaraan sistem E-Daftar akan dijalankan pada malam ini dari jam 12AM hingga 4AM.,0
"Amaran: Percubaan log masuk dikesan pada akaun iCloud anda. Jika bukan anda, klik http://bit.ly/kemaskini-akaun-2026.",1
Notis: Penyelenggaraan sistem E-Daftar akan dijalankan pada malam ini dari jam 12AM hingga 4AM.,0
Akses portal SAPS anda akan ditamatkan dalam masa 24 jam. Sila log masuk di http://semakan-lhdn-gov.top untuk rayuan.,1
Tahniah! Anda terpilih memenangi hadiah RM1551 dari Shopee. Klik http://bit.ly/kemaskini-akaun-2026 untuk tuntut.,1
Sila hantar laporan mingguan bagi projek Pembangunan Sistem IoT sebelum hari Jumaat ini.,0
Tindakan segera diperlukan! Akaun RHB Now anda telah disekat. Sila sahkan identiti di http://login-secure-web.net.,1
Terima kasih kerana menggunakan perkhidmatan Lazada. Sila berikan maklum balas anda di sini.,0
Tahniah! Anda terpilih memenangi hadiah RM1028 dari Touch 'n Go. Klik http://login-secure-web.net untuk tuntut.,1
Pengesahan pendaftaran: Anda telah berjaya mendaftar untuk kursus Cybersecurity Forensics di portal UniSZA.,0
"Amaran: Percubaan log masuk dikesan pada akaun Spotify anda. Jika bukan anda, klik http://verify-identity.com.",1
Terima kasih kerana menggunakan perkhidmatan Touch 'n Go. Sila berikan maklum balas anda di sini.,0
Akses portal SAPS anda akan ditamatkan dalam masa 24 jam. Sila log masuk di http://semakan-lhdn-gov.top untuk rayuan.,1
Kurier Shopee: Penghantaran bungkusan anda gagal. Sila bayar kos penghantaran semula di http://semakan-lhdn-gov.top.,1
Notis: Penyelenggaraan sistem E-Daftar akan dijalankan pada malam ini dari jam 12AM hingga 4AM.,0
Tahniah! Anda terpilih memenangi hadiah RM1250 dari Touch 'n Go. Klik http://verify-identity.com untuk tuntut.,1
Sila hantar laporan mingguan bagi projek Pembangunan Sistem IoT sebelum hari Jumaat ini.,0
Tahniah! Anda terpilih memenangi hadiah RM1197 dari Shopee. Klik http://semakan-lhdn-gov.top untuk tuntut.,1
Penyata akaun bulanan anda bagi bulan April kini boleh dimuat turun di portal rasmi.,0
Kurier Shopee: Penghantaran bungkusan anda gagal. Sila bayar kos penghantaran semula di http://login-secure-web.net.,1
Akses portal SAPS anda akan ditamatkan dalam masa 24 jam. Sila log masuk di http://semakan-lhdn-gov.top untuk rayuan.,1
"Amaran: Percubaan log masuk dikesan pada akaun Unifi anda. Jika bukan anda, klik http://semakan-lhdn-gov.top.",1
Bantuan Tunai Rahmah: Semak status kelayakan RM2796 anda di pautan rasmi ini http://bit.ly/kemaskini-akaun-2026.,1
Notis: Penyelenggaraan sistem E-Daftar akan dijalankan pada malam ini dari jam 12AM hingga 4AM.,0
Penyata akaun bulanan anda bagi bulan Mei kini boleh dimuat turun di portal rasmi.,0
Kurier Lazada: Penghantaran bungkusan anda gagal. Sila bayar kos penghantaran semula di http://verify-identity.com.,1
Sila hantar laporan mingguan bagi projek Pembangunan Sistem IoT sebelum hari Jumaat ini.,0
"Amaran: Percubaan log masuk dikesan pada akaun iCloud anda. Jika bukan anda, klik http://login-secure-web.net.",1
"Amaran: Percubaan log masuk dikesan pada akaun Unifi anda. Jika bukan anda, klik http://semakan-lhdn-gov.top.",1
Pengesahan pendaftaran: Anda telah berjaya mendaftar untuk kursus Cybersecurity Forensics di portal UniSZA.,0
Penyata akaun bulanan anda bagi bulan Jun kini boleh dimuat turun di portal rasmi.,0
Peringatan mesyuarat: Perbincangan mengenai Latihan Industri akan diadakan pada Jumaat jam 7 PM.,0
Terima kasih kerana menggunakan perkhidmatan Lazada. Sila berikan maklum balas anda di sini.,0
Makluman: Gangguan bekalan air di kawasan Besut dijangka pulih pada jam 12 PM.,0
"Amaran: Percubaan log masuk dikesan pada akaun Unifi anda. Jika bukan anda, klik http://login-secure-web.net.",1
Tindakan segera diperlukan! Akaun Public Bank anda telah disekat. Sila sahkan identiti di http://semakan-lhdn-gov.top.,1
Tindakan segera diperlukan! Akaun Hong Leong Connect anda telah disekat. Sila sahkan identiti di http://login-secure-web.net.,1
Notis LHDN: Anda mempunyai tunggakan cukai sebanyak RM650. Sila bayar segera di http://semakan-lhdn-gov.top.,1
Kurier Grab: Penghantaran bungkusan anda gagal. Sila bayar kos penghantaran semula di http://verify-identity.com.,1
Tahniah! Anda terpilih memenangi hadiah RM2988 dari Lazada. Klik http://semakan-lhdn-gov.top untuk tuntut.,1
Penyata akaun bulanan anda bagi bulan Mac kini boleh dimuat turun di portal rasmi.,0
Makluman: Gangguan bekalan air di kawasan Gong Badak dijangka pulih pada jam 3 PM.,0
Sila hantar laporan mingguan bagi projek Pembangunan Sistem IoT sebelum hari Jumaat ini.,0
Terima kasih kerana menggunakan perkhidmatan Touch 'n Go. Sila berikan maklum balas anda di sini.,0
Peringatan mesyuarat: Perbincangan mengenai Final Year Project akan diadakan pada Jumaat jam 7 PM.,0
Bantuan Tunai Rahmah: Semak status kelayakan RM3740 anda di pautan rasmi ini http://bit.ly/kemaskini-akaun-2026.,1
Tahniah! Anda terpilih memenangi hadiah RM2229 dari Shopee. Klik http://semakan-lhdn-gov.top untuk tuntut.,1
Penyata akaun bulanan anda bagi bulan April kini boleh dimuat turun di portal rasmi.,0
Bantuan Tunai Rahmah: Semak status kelayakan RM1067 anda di pautan rasmi ini http://semakan-lhdn-gov.top.,1
Tahniah! Anda terpilih memenangi hadiah RM1564 dari Touch 'n Go. Klik http://bit.ly/kemaskini-akaun-2026 untuk tuntut.,1
"Amaran: Percubaan log masuk dikesan pada akaun Unifi anda. Jika bukan anda, klik http://verify-identity.com.",1
Notis LHDN: Anda mempunyai tunggakan cukai sebanyak RM4506. Sila bayar segera di http://verify-identity.com.,1
Pengesahan pendaftaran: Anda telah berjaya mendaftar untuk kursus Cybersecurity Forensics di portal UniSZA.,0
Kurier Grab: Penghantaran bungkusan anda gagal. Sila bayar kos penghantaran semula di http://verify-identity.com.,1
Bantuan Tunai Rahmah: Semak status kelayakan RM3031 anda di pautan rasmi ini http://verify-identity.com.,1
Akses portal SAPS anda akan ditamatkan dalam masa 24 jam. Sila log masuk di http://bit.ly/kemaskini-akaun-2026 untuk rayuan.,1
"Amaran: Percubaan log masuk dikesan pada akaun Spotify anda. Jika bukan anda, klik http://semakan-lhdn-gov.top.",1
Notis: Penyelenggaraan sistem E-Daftar akan dijalankan pada malam ini dari jam 12AM hingga 4AM.,0
Sila hantar laporan mingguan bagi projek Pembangunan Sistem IoT sebelum hari Jumaat ini.,0
Pengesahan pendaftaran: Anda telah berjaya mendaftar untuk kursus Cybersecurity Forensics di portal UniSZA.,0
Peringatan: Langganan Unifi anda gagal diperbaharui. Kemaskini kad kredit anda di http://semakan-lhdn-gov.top.,1
Makluman: Gangguan bekalan air di kawasan Johor Bahru dijangka pulih pada jam 6 PM.,0
Tindakan segera diperlukan! Akaun Hong Leong Connect anda telah disekat. Sila sahkan identiti di http://verify-identity.com.,1
Peringatan mesyuarat: Perbincangan mengenai Latihan Industri akan diadakan pada Jumaat jam 9 PM.,0
Pengesahan pendaftaran: Anda telah berjaya mendaftar untuk kursus Cybersecurity Forensics di portal UniSZA.,0
Peringatan mesyuarat: Perbincangan mengenai Final Year Project akan diadakan pada Jumaat jam 8 PM.,0
Peringatan: Langganan Netflix anda gagal diperbaharui. Kemaskini kad kredit anda di http://semakan-lhdn-gov.top.,1
Peringatan mesyuarat: Perbincangan mengenai SecurityX Training akan diadakan pada Jumaat jam 4 PM.,0
"Amaran: Percubaan log masuk dikesan pada akaun Disney+ Hotstar anda. Jika bukan anda, klik http://semakan-lhdn-gov.top.",1
Bantuan Tunai Rahmah: Semak status kelayakan RM1364 anda di pautan rasmi ini http://bit.ly/kemaskini-akaun-2026.,1
Makluman: Gangguan bekalan air di kawasan Kuala Terengganu dijangka pulih pada jam 11 PM.,0
Sila hantar laporan mingguan bagi projek Pembangunan Sistem IoT sebelum hari Jumaat ini.,0
"Amaran: Percubaan log masuk dikesan pada akaun Unifi anda. Jika bukan anda, klik http://verify-identity.com.",1
Kurier Pos Laju: Penghantaran bungkusan anda gagal. Sila bayar kos penghantaran semula di http://verify-identity.com.,1
Tindakan segera diperlukan! Akaun Public Bank anda telah disekat. Sila sahkan identiti di http://bit.ly/kemaskini-akaun-2026.,1
Makluman: Gangguan bekalan air di kawasan Gong Badak dijangka pulih pada jam 1 PM.,0
Tahniah! Anda terpilih memenangi hadiah RM3667 dari Lazada. Klik http://verify-identity.com untuk tuntut.,1
Notis: Penyelenggaraan sistem E-Daftar akan dijalankan pada malam ini dari jam 12AM hingga 4AM.,0
Kurier Grab: Penghantaran bungkusan anda gagal. Sila bayar kos penghantaran semula di http://login-secure-web.net.,1
Tahniah! Anda terpilih memenangi hadiah RM3241 dari Lazada. Klik http://verify-identity.com untuk tuntut.,1
Bantuan Tunai Rahmah: Semak status kelayakan RM589 anda di pautan rasmi ini http://login-secure-web.net.,1
Terima kasih kerana menggunakan perkhidmatan Grab. Sila berikan maklum balas anda di sini.,0
Notis LHDN: Anda mempunyai tunggakan cukai sebanyak RM526. Sila bayar segera di http://bit.ly/kemaskini-akaun-2026.,1
Terima kasih kerana menggunakan perkhidmatan Grab. Sila berikan maklum balas anda di sini.,0
Pengesahan pendaftaran: Anda telah berjaya mendaftar untuk kursus Cybersecurity Forensics di portal UniSZA.,0
Peringatan mesyuarat: Perbincangan mengenai Latihan Industri akan diadakan pada Jumaat jam 8 PM.,0
Peringatan: Langganan Netflix anda gagal diperbaharui. Kemaskini kad kredit anda di http://bit.ly/kemaskini-akaun-2026.,1
Notis LHDN: Anda mempunyai tunggakan cukai sebanyak RM3949. Sila bayar segera di http://bit.ly/kemaskini-akaun-2026.,1
Akses portal SAPS anda akan ditamatkan dalam masa 24 jam. Sila log masuk di http://verify-identity.com untuk rayuan.,1
Pengesahan pendaftaran: Anda telah berjaya mendaftar untuk kursus Cybersecurity Forensics di portal UniSZA.,0
Peringatan: Langganan Unifi anda gagal diperbaharui. Kemaskini kad kredit anda di http://verify-identity.com.,1
Notis LHDN: Anda mempunyai tunggakan cukai sebanyak RM2619. Sila bayar segera di http://login-secure-web.net.,1
Penyata akaun bulanan anda bagi bulan Jun kini boleh dimuat turun di portal rasmi.,0
Peringatan: Langganan Netflix anda gagal diperbaharui. Kemaskini kad kredit anda di http://login-secure-web.net.,1
Penyata akaun bulanan anda bagi bulan Mei kini boleh dimuat turun di portal rasmi.,0
Tindakan segera diperlukan! Akaun CIMB Clicks anda telah disekat. Sila sahkan identiti di http://login-secure-web.net.,1
"Amaran: Percubaan log masuk dikesan pada akaun Disney+ Hotstar anda. Jika bukan anda, klik http://verify-identity.com.",1
Tindakan segera diperlukan! Akaun Bank Islam anda telah disekat. Sila sahkan identiti di http://bit.ly/kemaskini-akaun-2026.,1
Resit rasmi bagi transaksi TXN556945 berjaya diproses. Sila simpan untuk rujukan masa hadapan.,0
Notis: Penyelenggaraan sistem E-Daftar akan dijalankan pada malam ini dari jam 12AM hingga 4AM.,0
Peringatan: Langganan iCloud anda gagal diperbaharui. Kemaskini kad kredit anda di http://semakan-lhdn-gov.top.,1
Sila hantar laporan mingguan bagi projek Pembangunan Sistem IoT sebelum hari Jumaat ini.,0
Pengesahan pendaftaran: Anda telah berjaya mendaftar untuk kursus Cybersecurity Forensics di portal UniSZA.,0
Akses portal SAPS anda akan ditamatkan dalam masa 24 jam. Sila log masuk di http://verify-identity.com untuk rayuan.,1
Pengesahan pendaftaran: Anda telah berjaya mendaftar untuk kursus Cybersecurity Forensics di portal UniSZA.,0
Bantuan Tunai Rahmah: Semak status kelayakan RM1543 anda di pautan rasmi ini http://verify-identity.com.,1
Peringatan: Langganan Disney+ Hotstar anda gagal diperbaharui. Kemaskini kad kredit anda di http://semakan-lhdn-gov.top.,1
Bantuan Tunai Rahmah: Semak status kelayakan RM2137 anda di pautan rasmi ini http://verify-identity.com.,1
Bantuan Tunai Rahmah: Semak status kelayakan RM3553 anda di pautan rasmi ini http://bit.ly/kemaskini-akaun-2026.,1
Terima kasih kerana menggunakan perkhidmatan Pos Laju. Sila berikan maklum balas anda di sini.,0
Tindakan segera diperlukan! Akaun Public Bank anda telah disekat. Sila sahkan identiti di http://bit.ly/kemaskini-akaun-2026.,1
Akses portal SAPS anda akan ditamatkan dalam masa 24 jam. Sila log masuk di http://semakan-lhdn-gov.top untuk rayuan.,1
Peringatan mesyuarat: Perbincangan mengenai Digital Marketing akan diadakan pada Jumaat jam 7 PM.,0
Peringatan: Langganan Spotify anda gagal diperbaharui. Kemaskini kad kredit anda di http://login-secure-web.net.,1
Resit rasmi bagi transaksi TXN809975 berjaya diproses. Sila simpan untuk rujukan masa hadapan.,0
Notis LHDN: Anda mempunyai tunggakan cukai sebanyak RM1602. Sila bayar segera di http://bit.ly/kemaskini-akaun-2026.,1
Penyata akaun bulanan anda bagi bulan April kini boleh dimuat turun di portal rasmi.,0
Terima kasih kerana menggunakan perkhidmatan Shopee. Sila berikan maklum balas anda di sini.,0
Notis LHDN: Anda mempunyai tunggakan cukai sebanyak RM1494. Sila bayar segera di http://verify-identity.com.,1
"Amaran: Percubaan log masuk dikesan pada akaun iCloud anda. Jika bukan anda, klik http://login-secure-web.net.",1
Peringatan mesyuarat: Perbincangan mengenai SecurityX Training akan diadakan pada Jumaat jam 11 PM.,0
Akses portal SAPS anda akan ditamatkan dalam masa 24 jam. Sila log masuk di http://semakan-lhdn-gov.top untuk rayuan.,1
Terima kasih kerana menggunakan perkhidmatan Lazada. Sila berikan maklum balas anda di sini.,0
Peringatan: Langganan iCloud anda gagal diperbaharui. Kemaskini kad kredit anda di http://bit.ly/kemaskini-akaun-2026.,1
Bantuan Tunai Rahmah: Semak status kelayakan RM4491 anda di pautan rasmi ini http://verify-identity.com.,1
Tindakan segera diperlukan! Akaun Public Bank anda telah disekat. Sila sahkan identiti di http://bit.ly/kemaskini-akaun-2026.,1
Akses portal SAPS anda akan ditamatkan dalam masa 24 jam. Sila log masuk di http://login-secure-web.net untuk rayuan.,1
Sila hantar laporan mingguan bagi projek Pembangunan Sistem IoT sebelum hari Jumaat ini.,0
Bantuan Tunai Rahmah: Semak status kelayakan RM3100 anda di pautan rasmi ini http://verify-identity.com.,1
Kurier Grab: Penghantaran bungkusan anda gagal. Sila bayar kos penghantaran semula di http://verify-identity.com.,1
Akses portal SAPS anda akan ditamatkan dalam masa 24 jam. Sila log masuk di http://verify-identity.com untuk rayuan.,1
Bantuan Tunai Rahmah: Semak status kelayakan RM3062 anda di pautan rasmi ini http://bit.ly/kemaskini-akaun-2026.,1
Sila hantar laporan mingguan bagi projek Pembangunan Sistem IoT sebelum hari Jumaat ini.,0
Tahniah! Anda terpilih memenangi hadiah RM2728 dari Shopee. Klik http://bit.ly/kemaskini-akaun-2026 untuk tuntut.,1
"Amaran: Percubaan log masuk dikesan pada akaun Unifi anda. Jika bukan anda, klik http://semakan-lhdn-gov.top.",1
Sila hantar laporan mingguan bagi projek Pembangunan Sistem IoT sebelum hari Jumaat ini.,0
Kurier J&T Express: Penghantaran bungkusan anda gagal. Sila bayar kos penghantaran semula di http://semakan-lhdn-gov.top.,1
Peringatan: Langganan iCloud anda gagal diperbaharui. Kemaskini kad kredit anda di http://verify-identity.com.,1
Penyata akaun bulanan anda bagi bulan Februari kini boleh dimuat turun di portal rasmi.,0
Sila hantar laporan mingguan bagi projek Pembangunan Sistem IoT sebelum hari Jumaat ini.,0
Resit rasmi bagi transaksi TXN141782 berjaya diproses. Sila simpan untuk rujukan masa hadapan.,0
Terima kasih kerana menggunakan perkhidmatan Grab. Sila berikan maklum balas anda di sini.,0
Pengesahan pendaftaran: Anda telah berjaya mendaftar untuk kursus Cybersecurity Forensics di portal UniSZA.,0
Notis LHDN: Anda mempunyai tunggakan cukai sebanyak RM2580. Sila bayar segera di http://verify-identity.com.,1
Akses portal SAPS anda akan ditamatkan dalam masa 24 jam. Sila log masuk di http://semakan-lhdn-gov.top untuk rayuan.,1
Akses portal SAPS anda akan ditamatkan dalam masa 24 jam. Sila log masuk di http://semakan-lhdn-gov.top untuk rayuan.,1
Peringatan mesyuarat: Perbincangan mengenai Final Year Project akan diadakan pada Jumaat jam 2 PM.,0
Makluman: Gangguan bekalan air di kawasan Johor Bahru dijangka pulih pada jam 12 PM.,0
Terima kasih kerana menggunakan perkhidmatan Lazada. Sila berikan maklum balas anda di sini.,0
Peringatan mesyuarat: Perbincangan mengenai SecurityX Training akan diadakan pada Jumaat jam 5 PM.,0
Makluman: Gangguan bekalan air di kawasan Gong Badak dijangka pulih pada jam 6 PM.,0
Akses portal SAPS anda akan ditamatkan dalam masa 24 jam. Sila log masuk di http://semakan-lhdn-gov.top untuk rayuan.,1
Tahniah! Anda terpilih memenangi hadiah RM3319 dari J&T Express. Klik http://login-secure-web.net untuk tuntut.,1
Notis: Penyelenggaraan sistem E-Daftar akan dijalankan pada malam ini dari jam 12AM hingga 4AM.,0
Notis LHDN: Anda mempunyai tunggakan cukai sebanyak RM1309. Sila bayar segera di http://login-secure-web.net.,1
Tahniah! Anda terpilih memenangi hadiah RM3165 dari Lazada. Klik http://semakan-lhdn-gov.top untuk tuntut.,1
Makluman: Gangguan bekalan air di kawasan Kuala Lumpur dijangka pulih pada jam 9 PM.,0
Sila hantar laporan mingguan bagi projek Pembangunan Sistem IoT sebelum hari Jumaat ini.,0
Tindakan segera diperlukan! Akaun Public Bank anda telah disekat. Sila sahkan identiti di http://semakan-lhdn-gov.top.,1
Penyata akaun bulanan anda bagi bulan April kini boleh dimuat turun di portal rasmi.,0
Sila hantar laporan mingguan bagi projek Pembangunan Sistem IoT sebelum hari Jumaat ini.,0
Penyata akaun bulanan anda bagi bulan Mac kini boleh dimuat turun di portal rasmi.,0
Makluman: Gangguan bekalan air di kawasan Johor Bahru dijangka pulih pada jam 4 PM.,0
Tahniah! Anda terpilih memenangi hadiah RM4342 dari Grab. Klik http://bit.ly/kemaskini-akaun-2026 untuk tuntut.,1
Kurier Grab: Penghantaran bungkusan anda gagal. Sila bayar kos penghantaran semula di http://semakan-lhdn-gov.top.,1
Notis LHDN: Anda mempunyai tunggakan cukai sebanyak RM3603. Sila bayar segera di http://login-secure-web.net.,1
Tahniah! Anda terpilih memenangi hadiah RM4159 dari Lazada. Klik http://login-secure-web.net untuk tuntut.,1
Kurier Touch 'n Go: Penghantaran bungkusan anda gagal. Sila bayar kos penghantaran semula di http://verify-identity.com.,1
Pengesahan pendaftaran: Anda telah berjaya mendaftar untuk kursus Cybersecurity Forensics di portal UniSZA.,0
Resit rasmi bagi transaksi TXN641348 berjaya diproses. Sila simpan untuk rujukan masa hadapan.,0
Tahniah! Anda terpilih memenangi hadiah RM4439 dari J&T Express. Klik http://bit.ly/kemaskini-akaun-2026 untuk tuntut.,1
Bantuan Tunai Rahmah: Semak status kelayakan RM2860 anda di pautan rasmi ini http://bit.ly/kemaskini-akaun-2026.,1
Tindakan segera diperlukan! Akaun Bank Islam anda telah disekat. Sila sahkan identiti di http://bit.ly/kemaskini-akaun-2026.,1
Bantuan Tunai Rahmah: Semak status kelayakan RM3896 anda di pautan rasmi ini http://bit.ly/kemaskini-akaun-2026.,1
Penyata akaun bulanan anda bagi bulan Mei kini boleh dimuat turun di portal rasmi.,0
Notis LHDN: Anda mempunyai tunggakan cukai sebanyak RM4621. Sila bayar segera di http://login-secure-web.net.,1
Akses portal SAPS anda akan ditamatkan dalam masa 24 jam. Sila log masuk di http://verify-identity.com untuk rayuan.,1
Resit rasmi bagi transaksi TXN860431 berjaya diproses. Sila simpan untuk rujukan masa hadapan.,0
"Amaran: Percubaan log masuk dikesan pada akaun Spotify anda. Jika bukan anda, klik http://verify-identity.com.",1
Bantuan Tunai Rahmah: Semak status kelayakan RM2255 anda di pautan rasmi ini http://semakan-lhdn-gov.top.,1
Notis: Penyelenggaraan sistem E-Daftar akan dijalankan pada malam ini dari jam 12AM hingga 4AM.,0
Notis LHDN: Anda mempunyai tunggakan cukai sebanyak RM4577. Sila bayar segera di http://verify-identity.com.,1
"Amaran: Percubaan log masuk dikesan pada akaun Spotify anda. Jika bukan anda, klik http://semakan-lhdn-gov.top.",1
Peringatan mesyuarat: Perbincangan mengenai Digital Marketing akan diadakan pada Jumaat jam 2 PM.,0
"Amaran: Percubaan log masuk dikesan pada akaun Disney+ Hotstar anda. Jika bukan anda, klik http://verify-identity.com.",1
Bantuan Tunai Rahmah: Semak status kelayakan RM3977 anda di pautan rasmi ini http://verify-identity.com.,1
Akses portal SAPS anda akan ditamatkan dalam masa 24 jam. Sila log masuk di http://login-secure-web.net untuk rayuan.,1
Resit rasmi bagi transaksi TXN201492 berjaya diproses. Sila simpan untuk rujukan masa hadapan.,0
Peringatan: Langganan Disney+ Hotstar anda gagal diperbaharui. Kemaskini kad kredit anda di http://login-secure-web.net.,1
Akses portal SAPS anda akan ditamatkan dalam masa 24 jam. Sila log masuk di http://bit.ly/kemaskini-akaun-2026 untuk rayuan.,1
"Amaran: Percubaan log masuk dikesan pada akaun Spotify anda. Jika bukan anda, klik http://semakan-lhdn-gov.top.",1
Kurier J&T Express: Penghantaran bungkusan anda gagal. Sila bayar kos penghantaran semula di http://verify-identity.com.,1
Tahniah! Anda terpilih memenangi hadiah RM2130 dari Touch 'n Go. Klik http://semakan-lhdn-gov.top untuk tuntut.,1
Sila hantar laporan mingguan bagi projek Pembangunan Sistem IoT sebelum hari Jumaat ini.,0
Makluman: Gangguan bekalan air di kawasan Kuala Terengganu dijangka pulih pada jam 1 PM.,0
Resit rasmi bagi transaksi TXN278824 berjaya diproses. Sila simpan untuk rujukan masa hadapan.,0
Makluman: Gangguan bekalan air di kawasan Johor Bahru dijangka pulih pada jam 5 PM.,0
Penyata akaun bulanan anda bagi bulan Jun kini boleh dimuat turun di portal rasmi.,0
Kurier J&T Express: Penghantaran bungkusan anda gagal. Sila bayar kos penghantaran semula di http://bit.ly/kemaskini-akaun-2026.,1
Terima kasih kerana menggunakan perkhidmatan J&T Express. Sila berikan maklum balas anda di sini.,0
Kurier Pos Laju: Penghantaran bungkusan anda gagal. Sila bayar kos penghantaran semula di http://bit.ly/kemaskini-akaun-2026.,1
Tindakan segera diperlukan! Akaun Public Bank anda telah disekat. Sila sahkan identiti di http://verify-identity.com.,1
Makluman: Gangguan bekalan air di kawasan Johor Bahru dijangka pulih pada jam 4 PM.,0
Resit rasmi bagi transaksi TXN872305 berjaya diproses. Sila simpan untuk rujukan masa hadapan.,0
Terima kasih kerana menggunakan perkhidmatan Shopee. Sila berikan maklum balas anda di sini.,0
Makluman: Gangguan bekalan air di kawasan Kuala Lumpur dijangka pulih pada jam 4 PM.,0
Tindakan segera diperlukan! Akaun Hong Leong Connect anda telah disekat. Sila sahkan identiti di http://verify-identity.com.,1
"Amaran: Percubaan log masuk dikesan pada akaun Netflix anda. Jika bukan anda, klik http://semakan-lhdn-gov.top.",1
Makluman: Gangguan bekalan air di kawasan Kuala Terengganu dijangka pulih pada jam 3 PM.,0
Notis LHDN: Anda mempunyai tunggakan cukai sebanyak RM3955. Sila bayar segera di http://verify-identity.com.,1
Peringatan mesyuarat: Perbincangan mengenai Latihan Industri akan diadakan pada Jumaat jam 3 PM.,0
Bantuan Tunai Rahmah: Semak status kelayakan RM2763 anda di pautan rasmi ini http://login-secure-web.net.,1
"Amaran: Percubaan log masuk dikesan pada akaun Spotify anda. Jika bukan anda, klik http://semakan-lhdn-gov.top.",1
"Amaran: Percubaan log masuk dikesan pada akaun Spotify anda. Jika bukan anda, klik http://semakan-lhdn-gov.top.",1
Resit rasmi bagi transaksi TXN579782 berjaya diproses. Sila simpan untuk rujukan masa hadapan.,0
Tindakan segera diperlukan! Akaun Public Bank anda telah disekat. Sila sahkan identiti di http://bit.ly/kemaskini-akaun-2026.,1
Makluman: Gangguan bekalan air di kawasan Kuala Lumpur dijangka pulih pada jam 1 PM.,0
Kurier Touch 'n Go: Penghantaran bungkusan anda gagal. Sila bayar kos penghantaran semula di http://bit.ly/kemaskini-akaun-2026.,1
Makluman: Gangguan bekalan air di kawasan Gong Badak dijangka pulih pada jam 11 PM.,0
Terima kasih kerana menggunakan perkhidmatan Lazada. Sila berikan maklum balas anda di sini.,0
Penyata akaun bulanan anda bagi bulan Januari kini boleh dimuat turun di portal rasmi.,0
Peringatan: Langganan Unifi anda gagal diperbaharui. Kemaskini kad kredit anda di http://verify-identity.com.,1
"Amaran: Percubaan log masuk dikesan pada akaun Spotify anda. Jika bukan anda, klik http://login-secure-web.net.",1
Sila hantar laporan mingguan bagi projek Pembangunan Sistem IoT sebelum hari Jumaat ini.,0
Makluman: Gangguan bekalan air di kawasan Kuala Terengganu dijangka pulih pada jam 4 PM.,0
Peringatan mesyuarat: Perbincangan mengenai SecurityX Training akan diadakan pada Jumaat jam 3 PM.,0
Sila hantar laporan mingguan bagi projek Pembangunan Sistem IoT sebelum hari Jumaat ini.,0
Terima kasih kerana menggunakan perkhidmatan Touch 'n Go. Sila berikan maklum balas anda di sini.,0
Notis LHDN: Anda mempunyai tunggakan cukai sebanyak RM2802. Sila bayar segera di http://verify-identity.com.,1
Bantuan Tunai Rahmah: Semak status kelayakan RM4054 anda di pautan rasmi ini http://verify-identity.com.,1
Peringatan: Langganan Disney+ Hotstar anda gagal diperbaharui. Kemaskini kad kredit anda di http://login-secure-web.net.,1
Resit rasmi bagi transaksi TXN405618 berjaya diproses. Sila simpan untuk rujukan masa hadapan.,0
Peringatan: Langganan Netflix anda gagal diperbaharui. Kemaskini kad kredit anda di http://semakan-lhdn-gov.top.,1
Pengesahan pendaftaran: Anda telah berjaya mendaftar untuk kursus Cybersecurity Forensics di portal UniSZA.,0
Peringatan mesyuarat: Perbincangan mengenai Latihan Industri akan diadakan pada Jumaat jam 9 PM.,0
Pengesahan pendaftaran: Anda telah berjaya mendaftar untuk kursus Cybersecurity Forensics di portal UniSZA.,0
Pengesahan pendaftaran: Anda telah berjaya mendaftar untuk kursus Cybersecurity Forensics di portal UniSZA.,0
Penyata akaun bulanan anda bagi bulan Mei kini boleh dimuat turun di portal rasmi.,0
Notis: Penyelenggaraan sistem E-Daftar akan dijalankan pada malam ini dari jam 12AM hingga 4AM.,0
Resit rasmi bagi transaksi TXN838843 berjaya diproses. Sila simpan untuk rujukan masa hadapan.,0
Tindakan segera diperlukan! Akaun Hong Leong Connect anda telah disekat. Sila sahkan identiti di http://semakan-lhdn-gov.top.,1
Tahniah! Anda terpilih memenangi hadiah RM4856 dari Grab. Klik http://verify-identity.com untuk tuntut.,1
Akses portal SAPS anda akan ditamatkan dalam masa 24 jam. Sila log masuk di http://semakan-lhdn-gov.top untuk rayuan.,1
Sila hantar laporan mingguan bagi projek Pembangunan Sistem IoT sebelum hari Jumaat ini.,0
Peringatan: Langganan Netflix anda gagal diperbaharui. Kemaskini kad kredit anda di http://verify-identity.com.,1
Tahniah! Anda terpilih memenangi hadiah RM3628 dari J&T Express. Klik http://semakan-lhdn-gov.top untuk tuntut.,1
Tindakan segera diperlukan! Akaun Maybank2u anda telah disekat. Sila sahkan identiti di http://login-secure-web.net.,1
"Amaran: Percubaan log masuk dikesan pada akaun Spotify anda. Jika bukan anda, klik http://login-secure-web.net.",1
Makluman: Gangguan bekalan air di kawasan Johor Bahru dijangka pulih pada jam 12 PM.,0
Penyata akaun bulanan anda bagi bulan Jun kini boleh dimuat turun di portal rasmi.,0
Kurier Lazada: Penghantaran bungkusan anda gagal. Sila bayar kos penghantaran semula di http://bit.ly/kemaskini-akaun-2026.,1
Notis: Penyelenggaraan sistem E-Daftar akan dijalankan pada malam ini dari jam 12AM hingga 4AM.,0
Tindakan segera diperlukan! Akaun Maybank2u anda telah disekat. Sila sahkan identiti di http://verify-identity.com.,1
Bantuan Tunai Rahmah: Semak status kelayakan RM542 anda di pautan rasmi ini http://verify-identity.com.,1
Terima kasih kerana menggunakan perkhidmatan Shopee. Sila berikan maklum balas anda di sini.,0
Sila hantar laporan mingguan bagi projek Pembangunan Sistem IoT sebelum hari Jumaat ini.,0
Notis: Penyelenggaraan sistem E-Daftar akan dijalankan pada malam ini dari jam 12AM hingga 4AM.,0
Peringatan: Langganan Spotify anda gagal diperbaharui. Kemaskini kad kredit anda di http://login-secure-web.net.,1
Notis: Penyelenggaraan sistem E-Daftar akan dijalankan pada malam ini dari jam 12AM hingga 4AM.,0
Terima kasih kerana menggunakan perkhidmatan J&T Express. Sila berikan maklum balas anda di sini.,0
Tindakan segera diperlukan! Akaun Bank Islam anda telah disekat. Sila sahkan identiti di http://bit.ly/kemaskini-akaun-2026.,1
"Amaran: Percubaan log masuk dikesan pada akaun Unifi anda. Jika bukan anda, klik http://bit.ly/kemaskini-akaun-2026.",1
Pengesahan pendaftaran: Anda telah berjaya mendaftar untuk kursus Cybersecurity Forensics di portal UniSZA.,0
Terima kasih kerana menggunakan perkhidmatan Grab. Sila berikan maklum balas anda di sini.,0
Sila hantar laporan mingguan bagi projek Pembangunan Sistem IoT sebelum hari Jumaat ini.,0
Kurier J&T Express: Penghantaran bungkusan anda gagal. Sila bayar kos penghantaran semula di http://bit.ly/kemaskini-akaun-2026.,1
Peringatan mesyuarat: Perbincangan mengenai Digital Marketing akan diadakan pada Jumaat jam 9 PM.,0
Akses portal SAPS anda akan ditamatkan dalam masa 24 jam. Sila log masuk di http://semakan-lhdn-gov.top untuk rayuan.,1
Bantuan Tunai Rahmah: Semak status kelayakan RM3100 anda di pautan rasmi ini http://verify-identity.com.,1
Tahniah! Anda terpilih memenangi hadiah RM2722 dari Grab. Klik http://verify-identity.com untuk tuntut.,1
Terima kasih kerana menggunakan perkhidmatan Lazada. Sila berikan maklum balas anda di sini.,0
Peringatan mesyuarat: Perbincangan mengenai Digital Marketing akan diadakan pada Jumaat jam 12 PM.,0
Tindakan segera diperlukan! Akaun CIMB Clicks anda telah disekat. Sila sahkan identiti di http://verify-identity.com.,1
Pengesahan pendaftaran: Anda telah berjaya mendaftar untuk kursus Cybersecurity Forensics di portal UniSZA.,0
Kurier Shopee: Penghantaran bungkusan anda gagal. Sila bayar kos penghantaran semula di http://verify-identity.com.,1
Penyata akaun bulanan anda bagi bulan Mei kini boleh dimuat turun di portal rasmi.,0
Pengesahan pendaftaran: Anda telah berjaya mendaftar untuk kursus Cybersecurity Forensics di portal UniSZA.,0
Makluman: Gangguan bekalan air di kawasan Johor Bahru dijangka pulih pada jam 5 PM.,0
Kurier J&T Express: Penghantaran bungkusan anda gagal. Sila bayar kos penghantaran semula di http://login-secure-web.net.,1
Resit rasmi bagi transaksi TXN518644 berjaya diproses. Sila simpan untuk rujukan masa hadapan.,0
Terima kasih kerana menggunakan perkhidmatan Touch 'n Go. Sila berikan maklum balas anda di sini.,0
Kurier Lazada: Penghantaran bungkusan anda gagal. Sila bayar kos penghantaran semula di http://login-secure-web.net.,1
Makluman: Gangguan bekalan air di kawasan Johor Bahru dijangka pulih pada jam 11 PM.,0
Kurier Pos Laju: Penghantaran bungkusan anda gagal. Sila bayar kos penghantaran semula di http://semakan-lhdn-gov.top.,1
Notis LHDN: Anda mempunyai tunggakan cukai sebanyak RM3555. Sila bayar segera di http://verify-identity.com.,1
Tahniah! Anda terpilih memenangi hadiah RM3636 dari Shopee. Klik http://login-secure-web.net untuk tuntut.,1
Peringatan mesyuarat: Perbincangan mengenai Latihan Industri akan diadakan pada Jumaat jam 1 PM.,0
Peringatan mesyuarat: Perbincangan mengenai Final Year Project akan diadakan pada Jumaat jam 10 PM.,0
Resit rasmi bagi transaksi TXN446337 berjaya diproses. Sila simpan untuk rujukan masa hadapan.,0
Notis: Penyelenggaraan sistem E-Daftar akan dijalankan pada malam ini dari jam 12AM hingga 4AM.,0
Tahniah! Anda terpilih memenangi hadiah RM4634 dari Pos Laju. Klik http://login-secure-web.net untuk tuntut.,1
Pengesahan pendaftaran: Anda telah berjaya mendaftar untuk kursus Cybersecurity Forensics di portal UniSZA.,0
Notis LHDN: Anda mempunyai tunggakan cukai sebanyak RM4520. Sila bayar segera di http://verify-identity.com.,1
Kurier Pos Laju: Penghantaran bungkusan anda gagal. Sila bayar kos penghantaran semula di http://bit.ly/kemaskini-akaun-2026.,1
Resit rasmi bagi transaksi TXN277029 berjaya diproses. Sila simpan untuk rujukan masa hadapan.,0
Terima kasih kerana menggunakan perkhidmatan J&T Express. Sila berikan maklum balas anda di sini.,0
Penyata akaun bulanan anda bagi bulan Mac kini boleh dimuat turun di portal rasmi.,0
Resit rasmi bagi transaksi TXN840706 berjaya diproses. Sila simpan untuk rujukan masa hadapan.,0
Akses portal SAPS anda akan ditamatkan dalam masa 24 jam. Sila log masuk di http://verify-identity.com untuk rayuan.,1
Tahniah! Anda terpilih memenangi hadiah RM1299 dari Shopee. Klik http://verify-identity.com untuk tuntut.,1
Kurier J&T Express: Penghantaran bungkusan anda gagal. Sila bayar kos penghantaran semula di http://bit.ly/kemaskini-akaun-2026.,1
Kurier Shopee: Penghantaran bungkusan anda gagal. Sila bayar kos penghantaran semula di http://verify-identity.com.,1
Penyata akaun bulanan anda bagi bulan April kini boleh dimuat turun di portal rasmi.,0
Peringatan: Langganan Spotify anda gagal diperbaharui. Kemaskini kad kredit anda di http://verify-identity.com.,1
Bantuan Tunai Rahmah: Semak status kelayakan RM4469 anda di pautan rasmi ini http://verify-identity.com.,1
Notis LHDN: Anda mempunyai tunggakan cukai sebanyak RM3455. Sila bayar segera di http://verify-identity.com.,1
Tindakan segera diperlukan! Akaun CIMB Clicks anda telah disekat. Sila sahkan identiti di http://semakan-lhdn-gov.top.,1
Terima kasih kerana menggunakan perkhidmatan J&T Express. Sila berikan maklum balas anda di sini.,0
Penyata akaun bulanan anda bagi bulan Mei kini boleh dimuat turun di portal rasmi.,0
Akses portal SAPS anda akan ditamatkan dalam masa 24 jam. Sila log masuk di http://login-secure-web.net untuk rayuan.,1
Peringatan: Langganan Unifi anda gagal diperbaharui. Kemaskini kad kredit anda di http://login-secure-web.net.,1
Notis LHDN: Anda mempunyai tunggakan cukai sebanyak RM3599. Sila bayar segera di http://bit.ly/kemaskini-akaun-2026.,1
Tahniah! Anda terpilih memenangi hadiah RM542 dari J&T Express. Klik http://login-secure-web.net untuk tuntut.,1
Notis: Penyelenggaraan sistem E-Daftar akan dijalankan pada malam ini dari jam 12AM hingga 4AM.,0
Sila hantar laporan mingguan bagi projek Pembangunan Sistem IoT sebelum hari Jumaat ini.,0
"Amaran: Percubaan log masuk dikesan pada akaun Disney+ Hotstar anda. Jika bukan anda, klik http://bit.ly/kemaskini-akaun-2026.",1
Makluman: Gangguan bekalan air di kawasan Kuala Terengganu dijangka pulih pada jam 3 PM.,0
Terima kasih kerana menggunakan perkhidmatan Pos Laju. Sila berikan maklum balas anda di sini.,0
"Amaran: Percubaan log masuk dikesan pada akaun Netflix anda. Jika bukan anda, klik http://verify-identity.com.",1
Tahniah! Anda terpilih memenangi hadiah RM3000 dari Grab. Klik http://bit.ly/kemaskini-akaun-2026 untuk tuntut.,1
Penyata akaun bulanan anda bagi bulan April kini boleh dimuat turun di portal rasmi.,0
Makluman: Gangguan bekalan air di kawasan Besut dijangka pulih pada jam 6 PM.,0
Tindakan segera diperlukan! Akaun Public Bank anda telah disekat. Sila sahkan identiti di http://login-secure-web.net.,1
Bantuan Tunai Rahmah: Semak status kelayakan RM4512 anda di pautan rasmi ini http://login-secure-web.net.,1
Resit rasmi bagi transaksi TXN343428 berjaya diproses. Sila simpan untuk rujukan masa hadapan.,0
Penyata akaun bulanan anda bagi bulan Mac kini boleh dimuat turun di portal rasmi.,0
Peringatan mesyuarat: Perbincangan mengenai Digital Marketing akan diadakan pada Jumaat jam 11 PM.,0
Resit rasmi bagi transaksi TXN900145 berjaya diproses. Sila simpan untuk rujukan masa hadapan.,0
Peringatan: Langganan Netflix anda gagal diperbaharui. Kemaskini kad kredit anda di http://login-secure-web.net.,1
Penyata akaun bulanan anda bagi bulan Jun kini boleh dimuat turun di portal rasmi.,0
Resit rasmi bagi transaksi TXN922625 berjaya diproses. Sila simpan untuk rujukan masa hadapan.,0
Sila hantar laporan mingguan bagi projek Pembangunan Sistem IoT sebelum hari Jumaat ini.,0
Sila hantar laporan mingguan bagi projek Pembangunan Sistem IoT sebelum hari Jumaat ini.,0
Notis LHDN: Anda mempunyai tunggakan cukai sebanyak RM3255. Sila bayar segera di http://verify-identity.com.,1
Kurier Pos Laju: Penghantaran bungkusan anda gagal. Sila bayar kos penghantaran semula di http://verify-identity.com.,1
Makluman: Gangguan bekalan air di kawasan Kuala Terengganu dijangka pulih pada jam 1 PM.,0
Resit rasmi bagi transaksi TXN588623 berjaya diproses. Sila simpan untuk rujukan masa hadapan.,0
Terima kasih kerana menggunakan perkhidmatan Pos Laju. Sila berikan maklum balas anda di sini.,0
Tindakan segera diperlukan! Akaun Bank Islam anda telah disekat. Sila sahkan identiti di http://login-secure-web.net.,1
Makluman: Gangguan bekalan air di kawasan Johor Bahru dijangka pulih pada jam 11 PM.,0
Tahniah! Anda terpilih memenangi hadiah RM1306 dari Shopee. Klik http://login-secure-web.net untuk tuntut.,1
Akses portal SAPS anda akan ditamatkan dalam masa 24 jam. Sila log masuk di http://semakan-lhdn-gov.top untuk rayuan.,1
Akses portal SAPS anda akan ditamatkan dalam masa 24 jam. Sila log masuk di http://login-secure-web.net untuk rayuan.,1
Terima kasih kerana menggunakan perkhidmatan J&T Express. Sila berikan maklum balas anda di sini.,0
Peringatan mesyuarat: Perbincangan mengenai SecurityX Training akan diadakan pada Jumaat jam 6 PM.,0
Peringatan mesyuarat: Perbincangan mengenai SecurityX Training akan diadakan pada Jumaat jam 12 PM.,0
Bantuan Tunai Rahmah: Semak status kelayakan RM3902 anda di pautan rasmi ini http://verify-identity.com.,1
Notis: Penyelenggaraan sistem E-Daftar akan dijalankan pada malam ini dari jam 12AM hingga 4AM.,0
Tahniah! Anda terpilih memenangi hadiah RM3083 dari Touch 'n Go. Klik http://verify-identity.com untuk tuntut.,1
Penyata akaun bulanan anda bagi bulan Jun kini boleh dimuat turun di portal rasmi.,0
Makluman: Gangguan bekalan air di kawasan Gong Badak dijangka pulih pada jam 5 PM.,0
Bantuan Tunai Rahmah: Semak status kelayakan RM940 anda di pautan rasmi ini http://bit.ly/kemaskini-akaun-2026.,1
"Amaran: Percubaan log masuk dikesan pada akaun Disney+ Hotstar anda. Jika bukan anda, klik http://verify-identity.com.",1
Pengesahan pendaftaran: Anda telah berjaya mendaftar untuk kursus Cybersecurity Forensics di portal UniSZA.,0
Penyata akaun bulanan anda bagi bulan Jun kini boleh dimuat turun di portal rasmi.,0
Akses portal SAPS anda akan ditamatkan dalam masa 24 jam. Sila log masuk di http://login-secure-web.net untuk rayuan.,1
Sila hantar laporan mingguan bagi projek Pembangunan Sistem IoT sebelum hari Jumaat ini.,0
Tahniah! Anda terpilih memenangi hadiah RM2311 dari Pos Laju. Klik http://login-secure-web.net untuk tuntut.,1
Notis: Penyelenggaraan sistem E-Daftar akan dijalankan pada malam ini dari jam 12AM hingga 4AM.,0
Pengesahan pendaftaran: Anda telah berjaya mendaftar untuk kursus Cybersecurity Forensics di portal UniSZA.,0
Kurier Grab: Penghantaran bungkusan anda gagal. Sila bayar kos penghantaran semula di http://semakan-lhdn-gov.top.,1
Akses portal SAPS anda akan ditamatkan dalam masa 24 jam. Sila log masuk di http://bit.ly/kemaskini-akaun-2026 untuk rayuan.,1
"Amaran: Percubaan log masuk dikesan pada akaun Netflix anda. Jika bukan anda, klik http://login-secure-web.net.",1
Tahniah! Anda terpilih memenangi hadiah RM4846 dari Shopee. Klik http://semakan-lhdn-gov.top untuk tuntut.,1
Makluman: Gangguan bekalan air di kawasan Gong Badak dijangka pulih pada jam 2 PM.,0
Peringatan: Langganan Netflix anda gagal diperbaharui. Kemaskini kad kredit anda di http://login-secure-web.net.,1
Terima kasih kerana menggunakan perkhidmatan Touch 'n Go. Sila berikan maklum balas anda di sini.,0
Tahniah! Anda terpilih memenangi hadiah RM1990 dari Shopee. Klik http://semakan-lhdn-gov.top untuk tuntut.,1
Makluman: Gangguan bekalan air di kawasan Gong Badak dijangka pulih pada jam 9 PM.,0
Peringatan: Langganan iCloud anda gagal diperbaharui. Kemaskini kad kredit anda di http://bit.ly/kemaskini-akaun-2026.,1
Penyata akaun bulanan anda bagi bulan Februari kini boleh dimuat turun di portal rasmi.,0
Sila hantar laporan mingguan bagi projek Pembangunan Sistem IoT sebelum hari Jumaat ini.,0
Peringatan mesyuarat: Perbincangan mengenai SecurityX Training akan diadakan pada Jumaat jam 2 PM.,0
Notis LHDN: Anda mempunyai tunggakan cukai sebanyak RM1774. Sila bayar segera di http://login-secure-web.net.,1
Penyata akaun bulanan anda bagi bulan April kini boleh dimuat turun di portal rasmi.,0
Bantuan Tunai Rahmah: Semak status kelayakan RM2104 anda di pautan rasmi ini http://verify-identity.com.,1
Akses portal SAPS anda akan ditamatkan dalam masa 24 jam. Sila log masuk di http://login-secure-web.net untuk rayuan.,1
Peringatan mesyuarat: Perbincangan mengenai SecurityX Training akan diadakan pada Jumaat jam 10 PM.,0
Penyata akaun bulanan anda bagi bulan Mac kini boleh dimuat turun di portal rasmi.,0
Peringatan mesyuarat: Perbincangan mengenai Latihan Industri akan diadakan pada Jumaat jam 4 PM.,0
Peringatan mesyuarat: Perbincangan mengenai SecurityX Training akan diadakan pada Jumaat jam 6 PM.,0
Pengesahan pendaftaran: Anda telah berjaya mendaftar untuk kursus Cybersecurity Forensics di portal UniSZA.,0
Sila hantar laporan mingguan bagi projek Pembangunan Sistem IoT sebelum hari Jumaat ini.,0
Tindakan segera diperlukan! Akaun RHB Now anda telah disekat. Sila sahkan identiti di http://semakan-lhdn-gov.top.,1
Penyata akaun bulanan anda bagi bulan Januari kini boleh dimuat turun di portal rasmi.,0
"Amaran: Percubaan log masuk dikesan pada akaun Netflix anda. Jika bukan anda, klik http://login-secure-web.net.",1
Tindakan segera diperlukan! Akaun Bank Islam anda telah disekat. Sila sahkan identiti di http://verify-identity.com.,1
Resit rasmi bagi transaksi TXN440705 berjaya diproses. Sila simpan untuk rujukan masa hadapan.,0
Peringatan: Langganan Spotify anda gagal diperbaharui. Kemaskini kad kredit anda di http://login-secure-web.net.,1
Pengesahan pendaftaran: Anda telah berjaya mendaftar untuk kursus Cybersecurity Forensics di portal UniSZA.,0
Terima kasih kerana menggunakan perkhidmatan Touch 'n Go. Sila berikan maklum balas anda di sini.,0
Peringatan: Langganan Disney+ Hotstar anda gagal diperbaharui. Kemaskini kad kredit anda di http://bit.ly/kemaskini-akaun-2026.,1
Sila hantar laporan mingguan bagi projek Pembangunan Sistem IoT sebelum hari Jumaat ini.,0
Terima kasih kerana menggunakan perkhidmatan Touch 'n Go. Sila berikan maklum balas anda di sini.,0
Tindakan segera diperlukan! Akaun Hong Leong Connect anda telah disekat. Sila sahkan identiti di http://bit.ly/kemaskini-akaun-2026.,1
"Amaran: Percubaan log masuk dikesan pada akaun Netflix anda. Jika bukan anda, klik http://login-secure-web.net.",1
Peringatan mesyuarat: Perbincangan mengenai Latihan Industri akan diadakan pada Jumaat jam 9 PM.,0
Peringatan: Langganan iCloud anda gagal diperbaharui. Kemaskini kad kredit anda di http://login-secure-web.net.,1
Makluman: Gangguan bekalan air di kawasan Kuala Terengganu dijangka pulih pada jam 10 PM.,0
Peringatan: Langganan iCloud anda gagal diperbaharui. Kemaskini kad kredit anda di http://login-secure-web.net.,1
Terima kasih kerana menggunakan perkhidmatan J&T Express. Sila berikan maklum balas anda di sini.,0
Peringatan mesyuarat: Perbincangan mengenai Latihan Industri akan diadakan pada Jumaat jam 5 PM.,0
Penyata akaun bulanan anda bagi bulan Jun kini boleh dimuat turun di portal rasmi.,0
Sila hantar laporan mingguan bagi projek Pembangunan Sistem IoT sebelum hari Jumaat ini.,0
Resit rasmi bagi transaksi TXN792338 berjaya diproses. Sila simpan untuk rujukan masa hadapan.,0
Penyata akaun bulanan anda bagi bulan Mac kini boleh dimuat turun di portal rasmi.,0
Bantuan Tunai Rahmah: Semak status kelayakan RM3961 anda di pautan rasmi ini http://verify-identity.com.,1
Resit rasmi bagi transaksi TXN530587 berjaya diproses. Sila simpan untuk rujukan masa hadapan.,0
"Amaran: Percubaan log masuk dikesan pada akaun Disney+ Hotstar anda. Jika bukan anda, klik http://verify-identity.com.",1
Tahniah! Anda terpilih memenangi hadiah RM2245 dari J&T Express. Klik http://semakan-lhdn-gov.top untuk tuntut.,1
Makluman: Gangguan bekalan air di kawasan Besut dijangka pulih pada jam 10 PM.,0
Sila hantar laporan mingguan bagi projek Pembangunan Sistem IoT sebelum hari Jumaat ini.,0
Bantuan Tunai Rahmah: Semak status kelayakan RM2530 anda di pautan rasmi ini http://semakan-lhdn-gov.top.,1
Tindakan segera diperlukan! Akaun Maybank2u anda telah disekat. Sila sahkan identiti di http://login-secure-web.net.,1
Peringatan: Langganan iCloud anda gagal diperbaharui. Kemaskini kad kredit anda di http://semakan-lhdn-gov.top.,1
Peringatan mesyuarat: Perbincangan mengenai Digital Marketing akan diadakan pada Jumaat jam 12 PM.,0
Bantuan Tunai Rahmah: Semak status kelayakan RM2172 anda di pautan rasmi ini http://bit.ly/kemaskini-akaun-2026.,1
Notis LHDN: Anda mempunyai tunggakan cukai sebanyak RM3687. Sila bayar segera di http://verify-identity.com.,1
Peringatan: Langganan Spotify anda gagal diperbaharui. Kemaskini kad kredit anda di http://login-secure-web.net.,1
Tahniah! Anda terpilih memenangi hadiah RM752 dari Shopee. Klik http://bit.ly/kemaskini-akaun-2026 untuk tuntut.,1
Notis: Penyelenggaraan sistem E-Daftar akan dijalankan pada malam ini dari jam 12AM hingga 4AM.,0
"Amaran: Percubaan log masuk dikesan pada akaun Spotify anda. Jika bukan anda, klik http://verify-identity.com.",1
Peringatan: Langganan Disney+ Hotstar anda gagal diperbaharui. Kemaskini kad kredit anda di http://verify-identity.com.,1
Akses portal SAPS anda akan ditamatkan dalam masa 24 jam. Sila log masuk di http://bit.ly/kemaskini-akaun-2026 untuk rayuan.,1
Akses portal SAPS anda akan ditamatkan dalam masa 24 jam. Sila log masuk di http://verify-identity.com untuk rayuan.,1
Akses portal SAPS anda akan ditamatkan dalam masa 24 jam. Sila log masuk di http://login-secure-web.net untuk rayuan.,1
Resit rasmi bagi transaksi TXN539752 berjaya diproses. Sila simpan untuk rujukan masa hadapan.,0
Resit rasmi bagi transaksi TXN747043 berjaya diproses. Sila simpan untuk rujukan masa hadapan.,0
Notis: Penyelenggaraan sistem E-Daftar akan dijalankan pada malam ini dari jam 12AM hingga 4AM.,0
Tindakan segera diperlukan! Akaun RHB Now anda telah disekat. Sila sahkan identiti di http://verify-identity.com.,1
Akses portal SAPS anda akan ditamatkan dalam masa 24 jam. Sila log masuk di http://semakan-lhdn-gov.top untuk rayuan.,1
Sila hantar laporan mingguan bagi projek Pembangunan Sistem IoT sebelum hari Jumaat ini.,0
Makluman: Gangguan bekalan air di kawasan Gong Badak dijangka pulih pada jam 8 PM.,0
Bantuan Tunai Rahmah: Semak status kelayakan RM3258 anda di pautan rasmi ini http://bit.ly/kemaskini-akaun-2026.,1
"Amaran: Percubaan log masuk dikesan pada akaun Disney+ Hotstar anda. Jika bukan anda, klik http://login-secure-web.net.",1
Peringatan: Langganan iCloud anda gagal diperbaharui. Kemaskini kad kredit anda di http://bit.ly/kemaskini-akaun-2026.,1
Makluman: Gangguan bekalan air di kawasan Besut dijangka pulih pada jam 10 PM.,0
Tindakan segera diperlukan! Akaun Hong Leong Connect anda telah disekat. Sila sahkan identiti di http://bit.ly/kemaskini-akaun-2026.,1
Notis: Penyelenggaraan sistem E-Daftar akan dijalankan pada malam ini dari jam 12AM hingga 4AM.,0
Sila hantar laporan mingguan bagi projek Pembangunan Sistem IoT sebelum hari Jumaat ini.,0
Kurier J&T Express: Penghantaran bungkusan anda gagal. Sila bayar kos penghantaran semula di http://verify-identity.com.,1
"Amaran: Percubaan log masuk dikesan pada akaun Netflix anda. Jika bukan anda, klik http://bit.ly/kemaskini-akaun-2026.",1
Terima kasih kerana menggunakan perkhidmatan J&T Express. Sila berikan maklum balas anda di sini.,0
Tindakan segera diperlukan! Akaun Hong Leong Connect anda telah disekat. Sila sahkan identiti di http://bit.ly/kemaskini-akaun-2026.,1
Pengesahan pendaftaran: Anda telah berjaya mendaftar untuk kursus Cybersecurity Forensics di portal UniSZA.,0
Tahniah! Anda terpilih memenangi hadiah RM4617 dari Touch 'n Go. Klik http://bit.ly/kemaskini-akaun-2026 untuk tuntut.,1
Resit rasmi bagi transaksi TXN589806 berjaya diproses. Sila simpan untuk rujukan masa hadapan.,0
Penyata akaun bulanan anda bagi bulan Jun kini boleh dimuat turun di portal rasmi.,0
Pengesahan pendaftaran: Anda telah berjaya mendaftar untuk kursus Cybersecurity Forensics di portal UniSZA.,0
Akses portal SAPS anda akan ditamatkan dalam masa 24 jam. Sila log masuk di http://verify-identity.com untuk rayuan.,1
Notis LHDN: Anda mempunyai tunggakan cukai sebanyak RM4153. Sila bayar segera di http://verify-identity.com.,1
Notis: Penyelenggaraan sistem E-Daftar akan dijalankan pada malam ini dari jam 12AM hingga 4AM.,0
Penyata akaun bulanan anda bagi bulan Jun kini boleh dimuat turun di portal rasmi.,0
Pengesahan pendaftaran: Anda telah berjaya mendaftar untuk kursus Cybersecurity Forensics di portal UniSZA.,0
Bantuan Tunai Rahmah: Semak status kelayakan RM4983 anda di pautan rasmi ini http://verify-identity.com.,1
Bantuan Tunai Rahmah: Semak status kelayakan RM796 anda di pautan rasmi ini http://semakan-lhdn-gov.top.,1
Tindakan segera diperlukan! Akaun Hong Leong Connect anda telah disekat. Sila sahkan identiti di http://bit.ly/kemaskini-akaun-2026.,1
Bantuan Tunai Rahmah: Semak status kelayakan RM3202 anda di pautan rasmi ini http://login-secure-web.net.,1
Bantuan Tunai Rahmah: Semak status kelayakan RM1952 anda di pautan rasmi ini http://bit.ly/kemaskini-akaun-2026.,1
Peringatan: Langganan Spotify anda gagal diperbaharui. Kemaskini kad kredit anda di http://login-secure-web.net.,1
Tahniah! Anda terpilih memenangi hadiah RM3863 dari Shopee. Klik http://login-secure-web.net untuk tuntut.,1
Bantuan Tunai Rahmah: Semak status kelayakan RM2938 anda di pautan rasmi ini http://verify-identity.com.,1
Notis LHDN: Anda mempunyai tunggakan cukai sebanyak RM4947. Sila bayar segera di http://bit.ly/kemaskini-akaun-2026.,1
Kurier Shopee: Penghantaran bungkusan anda gagal. Sila bayar kos penghantaran semula di http://bit.ly/kemaskini-akaun-2026.,1
Peringatan: Langganan Netflix anda gagal diperbaharui. Kemaskini kad kredit anda di http://semakan-lhdn-gov.top.,1
Peringatan: Langganan Unifi anda gagal diperbaharui. Kemaskini kad kredit anda di http://bit.ly/kemaskini-akaun-2026.,1
Peringatan mesyuarat: Perbincangan mengenai Final Year Project akan diadakan pada Jumaat jam 3 PM.,0
Pengesahan pendaftaran: Anda telah berjaya mendaftar untuk kursus Cybersecurity Forensics di portal UniSZA.,0
Penyata akaun bulanan anda bagi bulan Mac kini boleh dimuat turun di portal rasmi.,0
Notis LHDN: Anda mempunyai tunggakan cukai sebanyak RM2893. Sila bayar segera di http://login-secure-web.net.,1
Resit rasmi bagi transaksi TXN275475 berjaya diproses. Sila simpan untuk rujukan masa hadapan.,0
Pengesahan pendaftaran: Anda telah berjaya mendaftar untuk kursus Cybersecurity Forensics di portal UniSZA.,0
Makluman: Gangguan bekalan air di kawasan Johor Bahru dijangka pulih pada jam 1 PM.,0
Penyata akaun bulanan anda bagi bulan Jun kini boleh dimuat turun di portal rasmi.,0
Pengesahan pendaftaran: Anda telah berjaya mendaftar untuk kursus Cybersecurity Forensics di portal UniSZA.,0
Sila hantar laporan mingguan bagi projek Pembangunan Sistem IoT sebelum hari Jumaat ini.,0
Notis: Penyelenggaraan sistem E-Daftar akan dijalankan pada malam ini dari jam 12AM hingga 4AM.,0
Kurier J&T Express: Penghantaran bungkusan anda gagal. Sila bayar kos penghantaran semula di http://semakan-lhdn-gov.top.,1
Bantuan Tunai Rahmah: Semak status kelayakan RM1128 anda di pautan rasmi ini http://semakan-lhdn-gov.top.,1
Terima kasih kerana menggunakan perkhidmatan Grab. Sila berikan maklum balas anda di sini.,0
Penyata akaun bulanan anda bagi bulan Mei kini boleh dimuat turun di portal rasmi.,0
"Amaran: Percubaan log masuk dikesan pada akaun Unifi anda. Jika bukan anda, klik http://bit.ly/kemaskini-akaun-2026.",1
Peringatan: Langganan Disney+ Hotstar anda gagal diperbaharui. Kemaskini kad kredit anda di http://verify-identity.com.,1
Resit rasmi bagi transaksi TXN565837 berjaya diproses. Sila simpan untuk rujukan masa hadapan.,0
Peringatan mesyuarat: Perbincangan mengenai Digital Marketing akan diadakan pada Jumaat jam 11 PM.,0
Akses portal SAPS anda akan ditamatkan dalam masa 24 jam. Sila log masuk di http://login-secure-web.net untuk rayuan.,1
Akses portal SAPS anda akan ditamatkan dalam masa 24 jam. Sila log masuk di http://semakan-lhdn-gov.top untuk rayuan.,1
Bantuan Tunai Rahmah: Semak status kelayakan RM1559 anda di pautan rasmi ini http://verify-identity.com.,1
Peringatan mesyuarat: Perbincangan mengenai Digital Marketing akan diadakan pada Jumaat jam 10 PM.,0
Pengesahan pendaftaran: Anda telah berjaya mendaftar untuk kursus Cybersecurity Forensics di portal UniSZA.,0
Peringatan mesyuarat: Perbincangan mengenai Digital Marketing akan diadakan pada Jumaat jam 10 PM.,0
"Amaran: Percubaan log masuk dikesan pada akaun Spotify anda. Jika bukan anda, klik http://verify-identity.com.",1
Penyata akaun bulanan anda bagi bulan Jun kini boleh dimuat turun di portal rasmi.,0
Makluman: Gangguan bekalan air di kawasan Gong Badak dijangka pulih pada jam 12 PM.,0
Penyata akaun bulanan anda bagi bulan Mei kini boleh dimuat turun di portal rasmi.,0
Penyata akaun bulanan anda bagi bulan Januari kini boleh dimuat turun di portal rasmi.,0
Peringatan mesyuarat: Perbincangan mengenai SecurityX Training akan diadakan pada Jumaat jam 7 PM.,0
Tahniah! Anda terpilih memenangi hadiah RM3125 dari Grab. Klik http://login-secure-web.net untuk tuntut.,1
Terima kasih kerana menggunakan perkhidmatan J&T Express. Sila berikan maklum balas anda di sini.,0
Makluman: Gangguan bekalan air di kawasan Johor Bahru dijangka pulih pada jam 7 PM.,0
Akses portal SAPS anda akan ditamatkan dalam masa 24 jam. Sila log masuk di http://bit.ly/kemaskini-akaun-2026 untuk rayuan.,1
Akses portal SAPS anda akan ditamatkan dalam masa 24 jam. Sila log masuk di http://verify-identity.com untuk rayuan.,1
Sila hantar laporan mingguan bagi projek Pembangunan Sistem IoT sebelum hari Jumaat ini.,0
Terima kasih kerana menggunakan perkhidmatan Lazada. Sila berikan maklum balas anda di sini.,0
Notis: Penyelenggaraan sistem E-Daftar akan dijalankan pada malam ini dari jam 12AM hingga 4AM.,0
Peringatan: Langganan Spotify anda gagal diperbaharui. Kemaskini kad kredit anda di http://verify-identity.com.,1
Kurier Lazada: Penghantaran bungkusan anda gagal. Sila bayar kos penghantaran semula di http://login-secure-web.net.,1
"Amaran: Percubaan log masuk dikesan pada akaun Spotify anda. Jika bukan anda, klik http://login-secure-web.net.",1
Tindakan segera diperlukan! Akaun Public Bank anda telah disekat. Sila sahkan identiti di http://login-secure-web.net.,1
Sila hantar laporan mingguan bagi projek Pembangunan Sistem IoT sebelum hari Jumaat ini.,0
Terima kasih kerana menggunakan perkhidmatan Grab. Sila berikan maklum balas anda di sini.,0
Sila hantar laporan mingguan bagi projek Pembangunan Sistem IoT sebelum hari Jumaat ini.,0
Peringatan mesyuarat: Perbincangan mengenai Digital Marketing akan diadakan pada Jumaat jam 8 PM.,0
"Amaran: Percubaan log masuk dikesan pada akaun Netflix anda. Jika bukan anda, klik http://login-secure-web.net.",1
Peringatan: Langganan iCloud anda gagal diperbaharui. Kemaskini kad kredit anda di http://semakan-lhdn-gov.top.,1
Pengesahan pendaftaran: Anda telah berjaya mendaftar untuk kursus Cybersecurity Forensics di portal UniSZA.,0
Resit rasmi bagi transaksi TXN751079 berjaya diproses. Sila simpan untuk rujukan masa hadapan.,0
Bantuan Tunai Rahmah: Semak status kelayakan RM2856 anda di pautan rasmi ini http://login-secure-web.net.,1
Sila hantar laporan mingguan bagi projek Pembangunan Sistem IoT sebelum hari Jumaat ini.,0
"Amaran: Percubaan log masuk dikesan pada akaun Netflix anda. Jika bukan anda, klik http://verify-identity.com.",1
Sila hantar laporan mingguan bagi projek Pembangunan Sistem IoT sebelum hari Jumaat ini.,0
Resit rasmi bagi transaksi TXN945914 berjaya diproses. Sila simpan untuk rujukan masa hadapan.,0
Makluman: Gangguan bekalan air di kawasan Besut dijangka pulih pada jam 10 PM.,0
Akses portal SAPS anda akan ditamatkan dalam masa 24 jam. Sila log masuk di http://verify-identity.com untuk rayuan.,1
Kurier J&T Express: Penghantaran bungkusan anda gagal. Sila bayar kos penghantaran semula di http://login-secure-web.net.,1
Peringatan: Langganan Unifi anda gagal diperbaharui. Kemaskini kad kredit anda di http://login-secure-web.net.,1
Resit rasmi bagi transaksi TXN637865 berjaya diproses. Sila simpan untuk rujukan masa hadapan.,0
Sila hantar laporan mingguan bagi projek Pembangunan Sistem IoT sebelum hari Jumaat ini.,0
Penyata akaun bulanan anda bagi bulan Mei kini boleh dimuat turun di portal rasmi.,0
Pengesahan pendaftaran: Anda telah berjaya mendaftar untuk kursus Cybersecurity Forensics di portal UniSZA.,0
Kurier Shopee: Penghantaran bungkusan anda gagal. Sila bayar kos penghantaran semula di http://semakan-lhdn-gov.top.,1
Resit rasmi bagi transaksi TXN989748 berjaya diproses. Sila simpan untuk rujukan masa hadapan.,0
Peringatan mesyuarat: Perbincangan mengenai SecurityX Training akan diadakan pada Jumaat jam 8 PM.,0
Tahniah! Anda terpilih memenangi hadiah RM1077 dari Shopee. Klik http://semakan-lhdn-gov.top untuk tuntut.,1
Pengesahan pendaftaran: Anda telah berjaya mendaftar untuk kursus Cybersecurity Forensics di portal UniSZA.,0
Kurier J&T Express: Penghantaran bungkusan anda gagal. Sila bayar kos penghantaran semula di http://login-secure-web.net.,1
Peringatan mesyuarat: Perbincangan mengenai Latihan Industri akan diadakan pada Jumaat jam 10 PM.,0
Notis LHDN: Anda mempunyai tunggakan cukai sebanyak RM2165. Sila bayar segera di http://semakan-lhdn-gov.top.,1
Bantuan Tunai Rahmah: Semak status kelayakan RM654 anda di pautan rasmi ini http://bit.ly/kemaskini-akaun-2026.,1
Tahniah! Anda terpilih memenangi hadiah RM4587 dari Pos Laju. Klik http://bit.ly/kemaskini-akaun-2026 untuk tuntut.,1
Makluman: Gangguan bekalan air di kawasan Johor Bahru dijangka pulih pada jam 11 PM.,0
Akses portal SAPS anda akan ditamatkan dalam masa 24 jam. Sila log masuk di http://semakan-lhdn-gov.top untuk rayuan.,1
Penyata akaun bulanan anda bagi bulan April kini boleh dimuat turun di portal rasmi.,0
Sila hantar laporan mingguan bagi projek Pembangunan Sistem IoT sebelum hari Jumaat ini.,0
Makluman: Gangguan bekalan air di kawasan Kuala Lumpur dijangka pulih pada jam 5 PM.,0
"Amaran: Percubaan log masuk dikesan pada akaun Spotify anda. Jika bukan anda, klik http://login-secure-web.net.",1
Notis: Penyelenggaraan sistem E-Daftar akan dijalankan pada malam ini dari jam 12AM hingga 4AM.,0
Pengesahan pendaftaran: Anda telah berjaya mendaftar untuk kursus Cybersecurity Forensics di portal UniSZA.,0
Tindakan segera diperlukan! Akaun Hong Leong Connect anda telah disekat. Sila sahkan identiti di http://bit.ly/kemaskini-akaun-2026.,1
Makluman: Gangguan bekalan air di kawasan Besut dijangka pulih pada jam 11 PM.,0
Sila hantar laporan mingguan bagi projek Pembangunan Sistem IoT sebelum hari Jumaat ini.,0
Akses portal SAPS anda akan ditamatkan dalam masa 24 jam. Sila log masuk di http://login-secure-web.net untuk rayuan.,1
Sila hantar laporan mingguan bagi projek Pembangunan Sistem IoT sebelum hari Jumaat ini.,0
Sila hantar laporan mingguan bagi projek Pembangunan Sistem IoT sebelum hari Jumaat ini.,0
Sila hantar laporan mingguan bagi projek Pembangunan Sistem IoT sebelum hari Jumaat ini.,0
Bantuan Tunai Rahmah: Semak status kelayakan RM3175 anda di pautan rasmi ini http://login-secure-web.net.,1
Terima kasih kerana menggunakan perkhidmatan Lazada. Sila berikan maklum balas anda di sini.,0
Notis LHDN: Anda mempunyai tunggakan cukai sebanyak RM4922. Sila bayar segera di http://semakan-lhdn-gov.top.,1
Penyata akaun bulanan anda bagi bulan Februari kini boleh dimuat turun di portal rasmi.,0
Makluman: Gangguan bekalan air di kawasan Kuala Terengganu dijangka pulih pada jam 1 PM.,0
Bantuan Tunai Rahmah: Semak status kelayakan RM3439 anda di pautan rasmi ini http://semakan-lhdn-gov.top.,1
Makluman: Gangguan bekalan air di kawasan Kuala Terengganu dijangka pulih pada jam 11 PM.,0
Makluman: Gangguan bekalan air di kawasan Besut dijangka pulih pada jam 3 PM.,0
Peringatan mesyuarat: Perbincangan mengenai Final Year Project akan diadakan pada Jumaat jam 3 PM.,0
Resit rasmi bagi transaksi TXN397249 berjaya diproses. Sila simpan untuk rujukan masa hadapan.,0
Penyata akaun bulanan anda bagi bulan April kini boleh dimuat turun di portal rasmi.,0
Penyata akaun bulanan anda bagi bulan Mac kini boleh dimuat turun di portal rasmi.,0
Tindakan segera diperlukan! Akaun Bank Islam anda telah disekat. Sila sahkan identiti di http://login-secure-web.net.,1
Bantuan Tunai Rahmah: Semak status kelayakan RM1960 anda di pautan rasmi ini http://bit.ly/kemaskini-akaun-2026.,1
Peringatan: Langganan Disney+ Hotstar anda gagal diperbaharui. Kemaskini kad kredit anda di http://login-secure-web.net.,1
Kurier Grab: Penghantaran bungkusan anda gagal. Sila bayar kos penghantaran semula di http://bit.ly/kemaskini-akaun-2026.,1
Notis: Penyelenggaraan sistem E-Daftar akan dijalankan pada malam ini dari jam 12AM hingga 4AM.,0
Tindakan segera diperlukan! Akaun Maybank2u anda telah disekat. Sila sahkan identiti di http://verify-identity.com.,1
Peringatan mesyuarat: Perbincangan mengenai Latihan Industri akan diadakan pada Jumaat jam 6 PM.,0
Notis: Penyelenggaraan sistem E-Daftar akan dijalankan pada malam ini dari jam 12AM hingga 4AM.,0
Kurier J&T Express: Penghantaran bungkusan anda gagal. Sila bayar kos penghantaran semula di http://bit.ly/kemaskini-akaun-2026.,1
Peringatan: Langganan Disney+ Hotstar anda gagal diperbaharui. Kemaskini kad kredit anda di http://login-secure-web.net.,1
Sila hantar laporan mingguan bagi projek Pembangunan Sistem IoT sebelum hari Jumaat ini.,0
Notis LHDN: Anda mempunyai tunggakan cukai sebanyak RM3328. Sila bayar segera di http://verify-identity.com.,1
Peringatan: Langganan Disney+ Hotstar anda gagal diperbaharui. Kemaskini kad kredit anda di http://verify-identity.com.,1
Pengesahan pendaftaran: Anda telah berjaya mendaftar untuk kursus Cybersecurity Forensics di portal UniSZA.,0
Notis LHDN: Anda mempunyai tunggakan cukai sebanyak RM558. Sila bayar segera di http://bit.ly/kemaskini-akaun-2026.,1
Peringatan mesyuarat: Perbincangan mengenai Digital Marketing akan diadakan pada Jumaat jam 3 PM.,0
Akses portal SAPS anda akan ditamatkan dalam masa 24 jam. Sila log masuk di http://bit.ly/kemaskini-akaun-2026 untuk rayuan.,1
Peringatan mesyuarat: Perbincangan mengenai Final Year Project akan diadakan pada Jumaat jam 5 PM.,0
Resit rasmi bagi transaksi TXN977560 berjaya diproses. Sila simpan untuk rujukan masa hadapan.,0
Pengesahan pendaftaran: Anda telah berjaya mendaftar untuk kursus Cybersecurity Forensics di portal UniSZA.,0
Peringatan: Langganan Unifi anda gagal diperbaharui. Kemaskini kad kredit anda di http://verify-identity.com.,1
Penyata akaun bulanan anda bagi bulan Februari kini boleh dimuat turun di portal rasmi.,0
Sila hantar laporan mingguan bagi projek Pembangunan Sistem IoT sebelum hari Jumaat ini.,0
Penyata akaun bulanan anda bagi bulan Mei kini boleh dimuat turun di portal rasmi.,0
Notis LHDN: Anda mempunyai tunggakan cukai sebanyak RM2840. Sila bayar segera di http://bit.ly/kemaskini-akaun-2026.,1
Pengesahan pendaftaran: Anda telah berjaya mendaftar untuk kursus Cybersecurity Forensics di portal UniSZA.,0
Akses portal SAPS anda akan ditamatkan dalam masa 24 jam. Sila log masuk di http://login-secure-web.net untuk rayuan.,1
Peringatan: Langganan Netflix anda gagal diperbaharui. Kemaskini kad kredit anda di http://semakan-lhdn-gov.top.,1
Akses portal SAPS anda akan ditamatkan dalam masa 24 jam. Sila log masuk di http://semakan-lhdn-gov.top untuk rayuan.,1
Makluman: Gangguan bekalan air di kawasan Johor Bahru dijangka pulih pada jam 9 PM.,0
"Amaran: Percubaan log masuk dikesan pada akaun Spotify anda. Jika bukan anda, klik http://bit.ly/kemaskini-akaun-2026.",1
Notis LHDN: Anda mempunyai tunggakan cukai sebanyak RM3334. Sila bayar segera di http://bit.ly/kemaskini-akaun-2026.,1
Resit rasmi bagi transaksi TXN110178 berjaya diproses. Sila simpan untuk rujukan masa hadapan.,0
Peringatan mesyuarat: Perbincangan mengenai SecurityX Training akan diadakan pada Jumaat jam 9 PM.,0
Notis LHDN: Anda mempunyai tunggakan cukai sebanyak RM3169. Sila bayar segera di http://login-secure-web.net.,1
Notis LHDN: Anda mempunyai tunggakan cukai sebanyak RM3191. Sila bayar segera di http://verify-identity.com.,1
Peringatan mesyuarat: Perbincangan mengenai Digital Marketing akan diadakan pada Jumaat jam 9 PM.,0
Bantuan Tunai Rahmah: Semak status kelayakan RM2330 anda di pautan rasmi ini http://verify-identity.com.,1
Notis: Penyelenggaraan sistem E-Daftar akan dijalankan pada malam ini dari jam 12AM hingga 4AM.,0
Tahniah! Anda terpilih memenangi hadiah RM4560 dari Lazada. Klik http://login-secure-web.net untuk tuntut.,1
Terima kasih kerana menggunakan perkhidmatan Lazada. Sila berikan maklum balas anda di sini.,0
Terima kasih kerana menggunakan perkhidmatan Touch 'n Go. Sila berikan maklum balas anda di sini.,0
Makluman: Gangguan bekalan air di kawasan Johor Bahru dijangka pulih pada jam 4 PM.,0
"Amaran: Percubaan log masuk dikesan pada akaun Disney+ Hotstar anda. Jika bukan anda, klik http://semakan-lhdn-gov.top.",1
Tahniah! Anda terpilih memenangi hadiah RM1741 dari Touch 'n Go. Klik http://verify-identity.com untuk tuntut.,1
Resit rasmi bagi transaksi TXN738085 berjaya diproses. Sila simpan untuk rujukan masa hadapan.,0
"Amaran: Percubaan log masuk dikesan pada akaun Unifi anda. Jika bukan anda, klik http://bit.ly/kemaskini-akaun-2026.",1
Tahniah! Anda terpilih memenangi hadiah RM4898 dari Lazada. Klik http://semakan-lhdn-gov.top untuk tuntut.,1
Sila hantar laporan mingguan bagi projek Pembangunan Sistem IoT sebelum hari Jumaat ini.,0
Resit rasmi bagi transaksi TXN754147 berjaya diproses. Sila simpan untuk rujukan masa hadapan.,0
"Amaran: Percubaan log masuk dikesan pada akaun Netflix anda. Jika bukan anda, klik http://verify-identity.com.",1
Pengesahan pendaftaran: Anda telah berjaya mendaftar untuk kursus Cybersecurity Forensics di portal UniSZA.,0
Penyata akaun bulanan anda bagi bulan Januari kini boleh dimuat turun di portal rasmi.,0
Penyata akaun bulanan anda bagi bulan Februari kini boleh dimuat turun di portal rasmi.,0
Sila hantar laporan mingguan bagi projek Pembangunan Sistem IoT sebelum hari Jumaat ini.,0
Terima kasih kerana menggunakan perkhidmatan Touch 'n Go. Sila berikan maklum balas anda di sini.,0
Peringatan: Langganan iCloud anda gagal diperbaharui. Kemaskini kad kredit anda di http://login-secure-web.net.,1
Notis: Penyelenggaraan sistem E-Daftar akan dijalankan pada malam ini dari jam 12AM hingga 4AM.,0
Kurier Pos Laju: Penghantaran bungkusan anda gagal. Sila bayar kos penghantaran semula di http://login-secure-web.net.,1
Terima kasih kerana menggunakan perkhidmatan J&T Express. Sila berikan maklum balas anda di sini.,0
Kurier Lazada: Penghantaran bungkusan anda gagal. Sila bayar kos penghantaran semula di http://bit.ly/kemaskini-akaun-2026.,1
Penyata akaun bulanan anda bagi bulan Mac kini boleh dimuat turun di portal rasmi.,0
Peringatan mesyuarat: Perbincangan mengenai SecurityX Training akan diadakan pada Jumaat jam 3 PM.,0
Resit rasmi bagi transaksi TXN331048 berjaya diproses. Sila simpan untuk rujukan masa hadapan.,0
Notis: Penyelenggaraan sistem E-Daftar akan dijalankan pada malam ini dari jam 12AM hingga 4AM.,0
Sila hantar laporan mingguan bagi projek Pembangunan Sistem IoT sebelum hari Jumaat ini.,0
Akses portal SAPS anda akan ditamatkan dalam masa 24 jam. Sila log masuk di http://verify-identity.com untuk rayuan.,1
Bantuan Tunai Rahmah: Semak status kelayakan RM3463 anda di pautan rasmi ini http://verify-identity.com.,1
Peringatan mesyuarat: Perbincangan mengenai SecurityX Training akan diadakan pada Jumaat jam 3 PM.,0
Akses portal SAPS anda akan ditamatkan dalam masa 24 jam. Sila log masuk di http://bit.ly/kemaskini-akaun-2026 untuk rayuan.,1
Bantuan Tunai Rahmah: Semak status kelayakan RM1587 anda di pautan rasmi ini http://verify-identity.com.,1
Pengesahan pendaftaran: Anda telah berjaya mendaftar untuk kursus Cybersecurity Forensics di portal UniSZA.,0
Notis LHDN: Anda mempunyai tunggakan cukai sebanyak RM2891. Sila bayar segera di http://login-secure-web.net.,1
Peringatan mesyuarat: Perbincangan mengenai Latihan Industri akan diadakan pada Jumaat jam 8 PM.,0
Notis: Penyelenggaraan sistem E-Daftar akan dijalankan pada malam ini dari jam 12AM hingga 4AM.,0
Peringatan: Langganan iCloud anda gagal diperbaharui. Kemaskini kad kredit anda di http://login-secure-web.net.,1
Bantuan Tunai Rahmah: Semak status kelayakan RM1745 anda di pautan rasmi ini http://semakan-lhdn-gov.top.,1
Pengesahan pendaftaran: Anda telah berjaya mendaftar untuk kursus Cybersecurity Forensics di portal UniSZA.,0
"Amaran: Percubaan log masuk dikesan pada akaun Spotify anda. Jika bukan anda, klik http://login-secure-web.net.",1
Notis LHDN: Anda mempunyai tunggakan cukai sebanyak RM1043. Sila bayar segera di http://verify-identity.com.,1
Kurier Lazada: Penghantaran bungkusan anda gagal. Sila bayar kos penghantaran semula di http://login-secure-web.net.,1
Kurier Touch 'n Go: Penghantaran bungkusan anda gagal. Sila bayar kos penghantaran semula di http://verify-identity.com.,1
Akses portal SAPS anda akan ditamatkan dalam masa 24 jam. Sila log masuk di http://login-secure-web.net untuk rayuan.,1
Sila hantar laporan mingguan bagi projek Pembangunan Sistem IoT sebelum hari Jumaat ini.,0
Notis LHDN: Anda mempunyai tunggakan cukai sebanyak RM2290. Sila bayar segera di http://bit.ly/kemaskini-akaun-2026.,1
Peringatan mesyuarat: Perbincangan mengenai Final Year Project akan diadakan pada Jumaat jam 11 PM.,0
Makluman: Gangguan bekalan air di kawasan Kuala Terengganu dijangka pulih pada jam 4 PM.,0
Makluman: Gangguan bekalan air di kawasan Kuala Lumpur dijangka pulih pada jam 9 PM.,0
Peringatan mesyuarat: Perbincangan mengenai Final Year Project akan diadakan pada Jumaat jam 1 PM.,0
"Amaran: Percubaan log masuk dikesan pada akaun Netflix anda. Jika bukan anda, klik http://bit.ly/kemaskini-akaun-2026.",1
Penyata akaun bulanan anda bagi bulan Mac kini boleh dimuat turun di portal rasmi.,0
Peringatan: Langganan Netflix anda gagal diperbaharui. Kemaskini kad kredit anda di http://bit.ly/kemaskini-akaun-2026.,1
Kurier Lazada: Penghantaran bungkusan anda gagal. Sila bayar kos penghantaran semula di http://semakan-lhdn-gov.top.,1
Tindakan segera diperlukan! Akaun Public Bank anda telah disekat. Sila sahkan identiti di http://login-secure-web.net.,1
Akses portal SAPS anda akan ditamatkan dalam masa 24 jam. Sila log masuk di http://semakan-lhdn-gov.top untuk rayuan.,1
Penyata akaun bulanan anda bagi bulan Mac kini boleh dimuat turun di portal rasmi.,0
Tahniah! Anda terpilih memenangi hadiah RM1917 dari Shopee. Klik http://login-secure-web.net untuk tuntut.,1
Terima kasih kerana menggunakan perkhidmatan J&T Express. Sila berikan maklum balas anda di sini.,0
Terima kasih kerana menggunakan perkhidmatan J&T Express. Sila berikan maklum balas anda di sini.,0
Tahniah! Anda terpilih memenangi hadiah RM1766 dari J&T Express. Klik http://login-secure-web.net untuk tuntut.,1
Tahniah! Anda terpilih memenangi hadiah RM4163 dari J&T Express. Klik http://bit.ly/kemaskini-akaun-2026 untuk tuntut.,1
Resit rasmi bagi transaksi TXN660746 berjaya diproses. Sila simpan untuk rujukan masa hadapan.,0
Notis LHDN: Anda mempunyai tunggakan cukai sebanyak RM2280. Sila bayar segera di http://verify-identity.com.,1
Kurier Shopee: Penghantaran bungkusan anda gagal. Sila bayar kos penghantaran semula di http://semakan-lhdn-gov.top.,1
Peringatan mesyuarat: Perbincangan mengenai SecurityX Training akan diadakan pada Jumaat jam 9 PM.,0
Akses portal SAPS anda akan ditamatkan dalam masa 24 jam. Sila log masuk di http://verify-identity.com untuk rayuan.,1
Kurier Touch 'n Go: Penghantaran bungkusan anda gagal. Sila bayar kos penghantaran semula di http://verify-identity.com.,1
Kurier Lazada: Penghantaran bungkusan anda gagal. Sila bayar kos penghantaran semula di http://verify-identity.com.,1
"Amaran: Percubaan log masuk dikesan pada akaun Netflix anda. Jika bukan anda, klik http://login-secure-web.net.",1
Bantuan Tunai Rahmah: Semak status kelayakan RM4735 anda di pautan rasmi ini http://bit.ly/kemaskini-akaun-2026.,1
Notis LHDN: Anda mempunyai tunggakan cukai sebanyak RM4901. Sila bayar segera di http://login-secure-web.net.,1
Akses portal SAPS anda akan ditamatkan dalam masa 24 jam. Sila log masuk di http://verify-identity.com untuk rayuan.,1
Peringatan: Langganan Netflix anda gagal diperbaharui. Kemaskini kad kredit anda di http://bit.ly/kemaskini-akaun-2026.,1
Terima kasih kerana menggunakan perkhidmatan Touch 'n Go. Sila berikan maklum balas anda di sini.,0
Peringatan mesyuarat: Perbincangan mengenai Final Year Project akan diadakan pada Jumaat jam 3 PM.,0
Tindakan segera diperlukan! Akaun CIMB Clicks anda telah disekat. Sila sahkan identiti di http://semakan-lhdn-gov.top.,1
Resit rasmi bagi transaksi TXN673965 berjaya diproses. Sila simpan untuk rujukan masa hadapan.,0
"Amaran: Percubaan log masuk dikesan pada akaun Unifi anda. Jika bukan anda, klik http://bit.ly/kemaskini-akaun-2026.",1
Tindakan segera diperlukan! Akaun Bank Islam anda telah disekat. Sila sahkan identiti di http://bit.ly/kemaskini-akaun-2026.,1
Bantuan Tunai Rahmah: Semak status kelayakan RM3097 anda di pautan rasmi ini http://semakan-lhdn-gov.top.,1
Peringatan: Langganan Netflix anda gagal diperbaharui. Kemaskini kad kredit anda di http://verify-identity.com.,1
Tindakan segera diperlukan! Akaun Hong Leong Connect anda telah disekat. Sila sahkan identiti di http://bit.ly/kemaskini-akaun-2026.,1
Akses portal SAPS anda akan ditamatkan dalam masa 24 jam. Sila log masuk di http://semakan-lhdn-gov.top untuk rayuan.,1
Kurier J&T Express: Penghantaran bungkusan anda gagal. Sila bayar kos penghantaran semula di http://login-secure-web.net.,1
Akses portal SAPS anda akan ditamatkan dalam masa 24 jam. Sila log masuk di http://verify-identity.com untuk rayuan.,1
Tindakan segera diperlukan! Akaun Hong Leong Connect anda telah disekat. Sila sahkan identiti di http://login-secure-web.net.,1
Peringatan mesyuarat: Perbincangan mengenai Final Year Project akan diadakan pada Jumaat jam 8 PM.,0
Resit rasmi bagi transaksi TXN976987 berjaya diproses. Sila simpan untuk rujukan masa hadapan.,0
"Amaran: Percubaan log masuk dikesan pada akaun Spotify anda. Jika bukan anda, klik http://semakan-lhdn-gov.top.",1
Bantuan Tunai Rahmah: Semak status kelayakan RM1437 anda di pautan rasmi ini http://semakan-lhdn-gov.top.,1
Kurier J&T Express: Penghantaran bungkusan anda gagal. Sila bayar kos penghantaran semula di http://verify-identity.com.,1
Tindakan segera diperlukan! Akaun Public Bank anda telah disekat. Sila sahkan identiti di http://verify-identity.com.,1
Sila hantar laporan mingguan bagi projek Pembangunan Sistem IoT sebelum hari Jumaat ini.,0
Tindakan segera diperlukan! Akaun Bank Islam anda telah disekat. Sila sahkan identiti di http://login-secure-web.net.,1
Resit rasmi bagi transaksi TXN537347 berjaya diproses. Sila simpan untuk rujukan masa hadapan.,0
Akses portal SAPS anda akan ditamatkan dalam masa 24 jam. Sila log masuk di http://bit.ly/kemaskini-akaun-2026 untuk rayuan.,1
Peringatan: Langganan Netflix anda gagal diperbaharui. Kemaskini kad kredit anda di http://bit.ly/kemaskini-akaun-2026.,1
Peringatan: Langganan Spotify anda gagal diperbaharui. Kemaskini kad kredit anda di http://bit.ly/kemaskini-akaun-2026.,1
Pengesahan pendaftaran: Anda telah berjaya mendaftar untuk kursus Cybersecurity Forensics di portal UniSZA.,0
Tindakan segera diperlukan! Akaun Bank Islam anda telah disekat. Sila sahkan identiti di http://semakan-lhdn-gov.top.,1
Bantuan Tunai Rahmah: Semak status kelayakan RM4068 anda di pautan rasmi ini http://semakan-lhdn-gov.top.,1
Akses portal SAPS anda akan ditamatkan dalam masa 24 jam. Sila log masuk di http://bit.ly/kemaskini-akaun-2026 untuk rayuan.,1
Sila hantar laporan mingguan bagi projek Pembangunan Sistem IoT sebelum hari Jumaat ini.,0
Tindakan segera diperlukan! Akaun Bank Islam anda telah disekat. Sila sahkan identiti di http://verify-identity.com.,1
Notis LHDN: Anda mempunyai tunggakan cukai sebanyak RM1420. Sila bayar segera di http://bit.ly/kemaskini-akaun-2026.,1
Peringatan: Langganan Spotify anda gagal diperbaharui. Kemaskini kad kredit anda di http://verify-identity.com.,1
Penyata akaun bulanan anda bagi bulan Januari kini boleh dimuat turun di portal rasmi.,0
Notis LHDN: Anda mempunyai tunggakan cukai sebanyak RM5000. Sila bayar segera di http://semakan-lhdn-gov.top.,1
Tindakan segera diperlukan! Akaun RHB Now anda telah disekat. Sila sahkan identiti di http://login-secure-web.net.,1
Kurier Lazada: Penghantaran bungkusan anda gagal. Sila bayar kos penghantaran semula di http://semakan-lhdn-gov.top.,1
Resit rasmi bagi transaksi TXN525497 berjaya diproses. Sila simpan untuk rujukan masa hadapan.,0
"Amaran: Percubaan log masuk dikesan pada akaun iCloud anda. Jika bukan anda, klik http://verify-identity.com.",1
"Amaran: Percubaan log masuk dikesan pada akaun Unifi anda. Jika bukan anda, klik http://semakan-lhdn-gov.top.",1
"Amaran: Percubaan log masuk dikesan pada akaun Disney+ Hotstar anda. Jika bukan anda, klik http://verify-identity.com.",1
Notis: Penyelenggaraan sistem E-Daftar akan dijalankan pada malam ini dari jam 12AM hingga 4AM.,0
Terima kasih kerana menggunakan perkhidmatan Pos Laju. Sila berikan maklum balas anda di sini.,0
Makluman: Gangguan bekalan air di kawasan Besut dijangka pulih pada jam 7 PM.,0
Kurier Lazada: Penghantaran bungkusan anda gagal. Sila bayar kos penghantaran semula di http://bit.ly/kemaskini-akaun-2026.,1
Terima kasih kerana menggunakan perkhidmatan Grab. Sila berikan maklum balas anda di sini.,0
Peringatan mesyuarat: Perbincangan mengenai Final Year Project akan diadakan pada Jumaat jam 9 PM.,0
Sila hantar laporan mingguan bagi projek Pembangunan Sistem IoT sebelum hari Jumaat ini.,0
Notis LHDN: Anda mempunyai tunggakan cukai sebanyak RM4350. Sila bayar segera di http://bit.ly/kemaskini-akaun-2026.,1
Sila hantar laporan mingguan bagi projek Pembangunan Sistem IoT sebelum hari Jumaat ini.,0
"Amaran: Percubaan log masuk dikesan pada akaun Unifi anda. Jika bukan anda, klik http://login-secure-web.net.",1
Makluman: Gangguan bekalan air di kawasan Besut dijangka pulih pada jam 7 PM.,0
Resit rasmi bagi transaksi TXN210009 berjaya diproses. Sila simpan untuk rujukan masa hadapan.,0
"Amaran: Percubaan log masuk dikesan pada akaun Unifi anda. Jika bukan anda, klik http://login-secure-web.net.",1
Sila hantar laporan mingguan bagi projek Pembangunan Sistem IoT sebelum hari Jumaat ini.,0
Kurier Touch 'n Go: Penghantaran bungkusan anda gagal. Sila bayar kos penghantaran semula di http://verify-identity.com.,1
Notis LHDN: Anda mempunyai tunggakan cukai sebanyak RM1635. Sila bayar segera di http://login-secure-web.net.,1
Terima kasih kerana menggunakan perkhidmatan Touch 'n Go. Sila berikan maklum balas anda di sini.,0
Tindakan segera diperlukan! Akaun RHB Now anda telah disekat. Sila sahkan identiti di http://bit.ly/kemaskini-akaun-2026.,1
Terima kasih kerana menggunakan perkhidmatan Shopee. Sila berikan maklum balas anda di sini.,0
Makluman: Gangguan bekalan air di kawasan Besut dijangka pulih pada jam 3 PM.,0
Pengesahan pendaftaran: Anda telah berjaya mendaftar untuk kursus Cybersecurity Forensics di portal UniSZA.,0
"Amaran: Percubaan log masuk dikesan pada akaun Spotify anda. Jika bukan anda, klik http://login-secure-web.net.",1
"Amaran: Percubaan log masuk dikesan pada akaun Unifi anda. Jika bukan anda, klik http://bit.ly/kemaskini-akaun-2026.",1
Tahniah! Anda terpilih memenangi hadiah RM2918 dari Touch 'n Go. Klik http://bit.ly/kemaskini-akaun-2026 untuk tuntut.,1
Tahniah! Anda terpilih memenangi hadiah RM3095 dari Pos Laju. Klik http://bit.ly/kemaskini-akaun-2026 untuk tuntut.,1
Tindakan segera diperlukan! Akaun Maybank2u anda telah disekat. Sila sahkan identiti di http://verify-identity.com.,1
Notis: Penyelenggaraan sistem E-Daftar akan dijalankan pada malam ini dari jam 12AM hingga 4AM.,0
Notis LHDN: Anda mempunyai tunggakan cukai sebanyak RM1288. Sila bayar segera di http://verify-identity.com.,1
Peringatan: Langganan iCloud anda gagal diperbaharui. Kemaskini kad kredit anda di http://login-secure-web.net.,1
Notis: Penyelenggaraan sistem E-Daftar akan dijalankan pada malam ini dari jam 12AM hingga 4AM.,0
Makluman: Gangguan bekalan air di kawasan Kuala Lumpur dijangka pulih pada jam 5 PM.,0
Bantuan Tunai Rahmah: Semak status kelayakan RM690 anda di pautan rasmi ini http://verify-identity.com.,1
Sila hantar laporan mingguan bagi projek Pembangunan Sistem IoT sebelum hari Jumaat ini.,0
Notis LHDN: Anda mempunyai tunggakan cukai sebanyak RM2176. Sila bayar segera di http://login-secure-web.net.,1
Penyata akaun bulanan anda bagi bulan Februari kini boleh dimuat turun di portal rasmi.,0
Penyata akaun bulanan anda bagi bulan Mac kini boleh dimuat turun di portal rasmi.,0
Makluman: Gangguan bekalan air di kawasan Gong Badak dijangka pulih pada jam 7 PM.,0
Kurier Shopee: Penghantaran bungkusan anda gagal. Sila bayar kos penghantaran semula di http://login-secure-web.net.,1
"Amaran: Percubaan log masuk dikesan pada akaun Spotify anda. Jika bukan anda, klik http://bit.ly/kemaskini-akaun-2026.",1
Tahniah! Anda terpilih memenangi hadiah RM1978 dari Shopee. Klik http://semakan-lhdn-gov.top untuk tuntut.,1
Akses portal SAPS anda akan ditamatkan dalam masa 24 jam. Sila log masuk di http://verify-identity.com untuk rayuan.,1
"Amaran: Percubaan log masuk dikesan pada akaun iCloud anda. Jika bukan anda, klik http://semakan-lhdn-gov.top.",1
"Amaran: Percubaan log masuk dikesan pada akaun iCloud anda. Jika bukan anda, klik http://verify-identity.com.",1
Resit rasmi bagi transaksi TXN625560 berjaya diproses. Sila simpan untuk rujukan masa hadapan.,0
Penyata akaun bulanan anda bagi bulan Mac kini boleh dimuat turun di portal rasmi.,0
Akses portal SAPS anda akan ditamatkan dalam masa 24 jam. Sila log masuk di http://login-secure-web.net untuk rayuan.,1
Akses portal SAPS anda akan ditamatkan dalam masa 24 jam. Sila log masuk di http://semakan-lhdn-gov.top untuk rayuan.,1
Kurier Lazada: Penghantaran bungkusan anda gagal. Sila bayar kos penghantaran semula di http://verify-identity.com.,1
"Amaran: Percubaan log masuk dikesan pada akaun iCloud anda. Jika bukan anda, klik http://semakan-lhdn-gov.top.",1
Pengesahan pendaftaran: Anda telah berjaya mendaftar untuk kursus Cybersecurity Forensics di portal UniSZA.,0
Bantuan Tunai Rahmah: Semak status kelayakan RM2646 anda di pautan rasmi ini http://semakan-lhdn-gov.top.,1
Penyata akaun bulanan anda bagi bulan Februari kini boleh dimuat turun di portal rasmi.,0
Resit rasmi bagi transaksi TXN425887 berjaya diproses. Sila simpan untuk rujukan masa hadapan.,0
Pengesahan pendaftaran: Anda telah berjaya mendaftar untuk kursus Cybersecurity Forensics di portal UniSZA.,0
"Amaran: Percubaan log masuk dikesan pada akaun Disney+ Hotstar anda. Jika bukan anda, klik http://semakan-lhdn-gov.top.",1
Peringatan mesyuarat: Perbincangan mengenai SecurityX Training akan diadakan pada Jumaat jam 6 PM.,0
Tindakan segera diperlukan! Akaun Maybank2u anda telah disekat. Sila sahkan identiti di http://bit.ly/kemaskini-akaun-2026.,1
Terima kasih kerana menggunakan perkhidmatan Pos Laju. Sila berikan maklum balas anda di sini.,0
Sila hantar laporan mingguan bagi projek Pembangunan Sistem IoT sebelum hari Jumaat ini.,0
Tindakan segera diperlukan! Akaun Maybank2u anda telah disekat. Sila sahkan identiti di http://bit.ly/kemaskini-akaun-2026.,1
Bantuan Tunai Rahmah: Semak status kelayakan RM2605 anda di pautan rasmi ini http://verify-identity.com.,1
Peringatan: Langganan Disney+ Hotstar anda gagal diperbaharui. Kemaskini kad kredit anda di http://semakan-lhdn-gov.top.,1
Pengesahan pendaftaran: Anda telah berjaya mendaftar untuk kursus Cybersecurity Forensics di portal UniSZA.,0
Pengesahan pendaftaran: Anda telah berjaya mendaftar untuk kursus Cybersecurity Forensics di portal UniSZA.,0
Terima kasih kerana menggunakan perkhidmatan Pos Laju. Sila berikan maklum balas anda di sini.,0
Notis: Penyelenggaraan sistem E-Daftar akan dijalankan pada malam ini dari jam 12AM hingga 4AM.,0
Notis LHDN: Anda mempunyai tunggakan cukai sebanyak RM3358. Sila bayar segera di http://login-secure-web.net.,1
Kurier Touch 'n Go: Penghantaran bungkusan anda gagal. Sila bayar kos penghantaran semula di http://verify-identity.com.,1
Peringatan mesyuarat: Perbincangan mengenai Digital Marketing akan diadakan pada Jumaat jam 10 PM.,0
Peringatan: Langganan Unifi anda gagal diperbaharui. Kemaskini kad kredit anda di http://semakan-lhdn-gov.top.,1
Peringatan: Langganan iCloud anda gagal diperbaharui. Kemaskini kad kredit anda di http://login-secure-web.net.,1
Makluman: Gangguan bekalan air di kawasan Kuala Terengganu dijangka pulih pada jam 6 PM.,0
Kurier Pos Laju: Penghantaran bungkusan anda gagal. Sila bayar kos penghantaran semula di http://bit.ly/kemaskini-akaun-2026.,1
"Amaran: Percubaan log masuk dikesan pada akaun Netflix anda. Jika bukan anda, klik http://login-secure-web.net.",1
Notis LHDN: Anda mempunyai tunggakan cukai sebanyak RM1349. Sila bayar segera di http://verify-identity.com.,1
Tahniah! Anda terpilih memenangi hadiah RM761 dari Pos Laju. Klik http://login-secure-web.net untuk tuntut.,1
"Amaran: Percubaan log masuk dikesan pada akaun Spotify anda. Jika bukan anda, klik http://verify-identity.com.",1
Makluman: Gangguan bekalan air di kawasan Kuala Lumpur dijangka pulih pada jam 2 PM.,0
Peringatan mesyuarat: Perbincangan mengenai Digital Marketing akan diadakan pada Jumaat jam 2 PM.,0
Tahniah! Anda terpilih memenangi hadiah RM4825 dari Lazada. Klik http://bit.ly/kemaskini-akaun-2026 untuk tuntut.,1
Bantuan Tunai Rahmah: Semak status kelayakan RM2179 anda di pautan rasmi ini http://semakan-lhdn-gov.top.,1
"Amaran: Percubaan log masuk dikesan pada akaun Netflix anda. Jika bukan anda, klik http://bit.ly/kemaskini-akaun-2026.",1
Resit rasmi bagi transaksi TXN895112 berjaya diproses. Sila simpan untuk rujukan masa hadapan.,0
Notis LHDN: Anda mempunyai tunggakan cukai sebanyak RM3616. Sila bayar segera di http://login-secure-web.net.,1
Peringatan: Langganan Unifi anda gagal diperbaharui. Kemaskini kad kredit anda di http://login-secure-web.net.,1
Peringatan: Langganan Disney+ Hotstar anda gagal diperbaharui. Kemaskini kad kredit anda di http://verify-identity.com.,1
Akses portal SAPS anda akan ditamatkan dalam masa 24 jam. Sila log masuk di http://bit.ly/kemaskini-akaun-2026 untuk rayuan.,1
Akses portal SAPS anda akan ditamatkan dalam masa 24 jam. Sila log masuk di http://bit.ly/kemaskini-akaun-2026 untuk rayuan.,1
Makluman: Gangguan bekalan air di kawasan Kuala Terengganu dijangka pulih pada jam 5 PM.,0
Peringatan mesyuarat: Perbincangan mengenai Digital Marketing akan diadakan pada Jumaat jam 4 PM.,0
Peringatan mesyuarat: Perbincangan mengenai SecurityX Training akan diadakan pada Jumaat jam 8 PM.,0
Pengesahan pendaftaran: Anda telah berjaya mendaftar untuk kursus Cybersecurity Forensics di portal UniSZA.,0
Kurier J&T Express: Penghantaran bungkusan anda gagal. Sila bayar kos penghantaran semula di http://bit.ly/kemaskini-akaun-2026.,1
Penyata akaun bulanan anda bagi bulan Januari kini boleh dimuat turun di portal rasmi.,0
Tindakan segera diperlukan! Akaun CIMB Clicks anda telah disekat. Sila sahkan identiti di http://bit.ly/kemaskini-akaun-2026.,1
Sila hantar laporan mingguan bagi projek Pembangunan Sistem IoT sebelum hari Jumaat ini.,0
"Amaran: Percubaan log masuk dikesan pada akaun Unifi anda. Jika bukan anda, klik http://login-secure-web.net.",1
Penyata akaun bulanan anda bagi bulan Januari kini boleh dimuat turun di portal rasmi.,0
Terima kasih kerana menggunakan perkhidmatan Pos Laju. Sila berikan maklum balas anda di sini.,0
Bantuan Tunai Rahmah: Semak status kelayakan RM3502 anda di pautan rasmi ini http://bit.ly/kemaskini-akaun-2026.,1
Peringatan mesyuarat: Perbincangan mengenai Latihan Industri akan diadakan pada Jumaat jam 7 PM.,0
Notis: Penyelenggaraan sistem E-Daftar akan dijalankan pada malam ini dari jam 12AM hingga 4AM.,0
Bantuan Tunai Rahmah: Semak status kelayakan RM1396 anda di pautan rasmi ini http://semakan-lhdn-gov.top.,1
Notis: Penyelenggaraan sistem E-Daftar akan dijalankan pada malam ini dari jam 12AM hingga 4AM.,0
Penyata akaun bulanan anda bagi bulan Jun kini boleh dimuat turun di portal rasmi.,0
Sila hantar laporan mingguan bagi projek Pembangunan Sistem IoT sebelum hari Jumaat ini.,0
Resit rasmi bagi transaksi TXN446428 berjaya diproses. Sila simpan untuk rujukan masa hadapan.,0
"Amaran: Percubaan log masuk dikesan pada akaun Netflix anda. Jika bukan anda, klik http://verify-identity.com.",1
Bantuan Tunai Rahmah: Semak status kelayakan RM3434 anda di pautan rasmi ini http://login-secure-web.net.,1
Kurier Grab: Penghantaran bungkusan anda gagal. Sila bayar kos penghantaran semula di http://login-secure-web.net.,1
Notis: Penyelenggaraan sistem E-Daftar akan dijalankan pada malam ini dari jam 12AM hingga 4AM.,0
Terima kasih kerana menggunakan perkhidmatan Grab. Sila berikan maklum balas anda di sini.,0
"Amaran: Percubaan log masuk dikesan pada akaun Spotify anda. Jika bukan anda, klik http://bit.ly/kemaskini-akaun-2026.",1
Kurier Touch 'n Go: Penghantaran bungkusan anda gagal. Sila bayar kos penghantaran semula di http://verify-identity.com.,1
Notis LHDN: Anda mempunyai tunggakan cukai sebanyak RM692. Sila bayar segera di http://verify-identity.com.,1
Pengesahan pendaftaran: Anda telah berjaya mendaftar untuk kursus Cybersecurity Forensics di portal UniSZA.,0
Kurier Grab: Penghantaran bungkusan anda gagal. Sila bayar kos penghantaran semula di http://bit.ly/kemaskini-akaun-2026.,1
Resit rasmi bagi transaksi TXN274803 berjaya diproses. Sila simpan untuk rujukan masa hadapan.,0
Akses portal SAPS anda akan ditamatkan dalam masa 24 jam. Sila log masuk di http://bit.ly/kemaskini-akaun-2026 untuk rayuan.,1
"Amaran: Percubaan log masuk dikesan pada akaun Disney+ Hotstar anda. Jika bukan anda, klik http://semakan-lhdn-gov.top.",1
Terima kasih kerana menggunakan perkhidmatan Grab. Sila berikan maklum balas anda di sini.,0
Kurier Pos Laju: Penghantaran bungkusan anda gagal. Sila bayar kos penghantaran semula di http://login-secure-web.net.,1
Notis: Penyelenggaraan sistem E-Daftar akan dijalankan pada malam ini dari jam 12AM hingga 4AM.,0
Peringatan: Langganan Netflix anda gagal diperbaharui. Kemaskini kad kredit anda di http://verify-identity.com.,1
Makluman: Gangguan bekalan air di kawasan Kuala Terengganu dijangka pulih pada jam 8 PM.,0
Bantuan Tunai Rahmah: Semak status kelayakan RM1724 anda di pautan rasmi ini http://verify-identity.com.,1
Makluman: Gangguan bekalan air di kawasan Gong Badak dijangka pulih pada jam 7 PM.,0
Tindakan segera diperlukan! Akaun Public Bank anda telah disekat. Sila sahkan identiti di http://semakan-lhdn-gov.top.,1
Notis: Penyelenggaraan sistem E-Daftar akan dijalankan pada malam ini dari jam 12AM hingga 4AM.,0
Sila hantar laporan mingguan bagi projek Pembangunan Sistem IoT sebelum hari Jumaat ini.,0
Bantuan Tunai Rahmah: Semak status kelayakan RM2780 anda di pautan rasmi ini http://verify-identity.com.,1
Terima kasih kerana menggunakan perkhidmatan Touch 'n Go. Sila berikan maklum balas anda di sini.,0
Bantuan Tunai Rahmah: Semak status kelayakan RM1062 anda di pautan rasmi ini http://bit.ly/kemaskini-akaun-2026.,1
Kurier Pos Laju: Penghantaran bungkusan anda gagal. Sila bayar kos penghantaran semula di http://bit.ly/kemaskini-akaun-2026.,1
Peringatan mesyuarat: Perbincangan mengenai Final Year Project akan diadakan pada Jumaat jam 10 PM.,0
Penyata akaun bulanan anda bagi bulan Mei kini boleh dimuat turun di portal rasmi.,0
Akses portal SAPS anda akan ditamatkan dalam masa 24 jam. Sila log masuk di http://verify-identity.com untuk rayuan.,1
Akses portal SAPS anda akan ditamatkan dalam masa 24 jam. Sila log masuk di http://login-secure-web.net untuk rayuan.,1
Penyata akaun bulanan anda bagi bulan April kini boleh dimuat turun di portal rasmi.,0
Bantuan Tunai Rahmah: Semak status kelayakan RM834 anda di pautan rasmi ini http://login-secure-web.net.,1
Terima kasih kerana menggunakan perkhidmatan Pos Laju. Sila berikan maklum balas anda di sini.,0
Akses portal SAPS anda akan ditamatkan dalam masa 24 jam. Sila log masuk di http://verify-identity.com untuk rayuan.,1
"Amaran: Percubaan log masuk dikesan pada akaun Netflix anda. Jika bukan anda, klik http://bit.ly/kemaskini-akaun-2026.",1
Makluman: Gangguan bekalan air di kawasan Johor Bahru dijangka pulih pada jam 5 PM.,0
Resit rasmi bagi transaksi TXN594572 berjaya diproses. Sila simpan untuk rujukan masa hadapan.,0
Penyata akaun bulanan anda bagi bulan Mac kini boleh dimuat turun di portal rasmi.,0
Resit rasmi bagi transaksi TXN518361 berjaya diproses. Sila simpan untuk rujukan masa hadapan.,0
Tahniah! Anda terpilih memenangi hadiah RM4443 dari J&T Express. Klik http://verify-identity.com untuk tuntut.,1
Penyata akaun bulanan anda bagi bulan April kini boleh dimuat turun di portal rasmi.,0
Penyata akaun bulanan anda bagi bulan Januari kini boleh dimuat turun di portal rasmi.,0
Pengesahan pendaftaran: Anda telah berjaya mendaftar untuk kursus Cybersecurity Forensics di portal UniSZA.,0
Penyata akaun bulanan anda bagi bulan April kini boleh dimuat turun di portal rasmi.,0
"Amaran: Percubaan log masuk dikesan pada akaun Disney+ Hotstar anda. Jika bukan anda, klik http://verify-identity.com.",1
Kurier Touch 'n Go: Penghantaran bungkusan anda gagal. Sila bayar kos penghantaran semula di http://semakan-lhdn-gov.top.,1
Tahniah! Anda terpilih memenangi hadiah RM4984 dari Pos Laju. Klik http://semakan-lhdn-gov.top untuk tuntut.,1
Pengesahan pendaftaran: Anda telah berjaya mendaftar untuk kursus Cybersecurity Forensics di portal UniSZA.,0
Makluman: Gangguan bekalan air di kawasan Gong Badak dijangka pulih pada jam 7 PM.,0
Tindakan segera diperlukan! Akaun Bank Islam anda telah disekat. Sila sahkan identiti di http://login-secure-web.net.,1
Tindakan segera diperlukan! Akaun RHB Now anda telah disekat. Sila sahkan identiti di http://bit.ly/kemaskini-akaun-2026.,1
Notis: Penyelenggaraan sistem E-Daftar akan dijalankan pada malam ini dari jam 12AM hingga 4AM.,0
Notis LHDN: Anda mempunyai tunggakan cukai sebanyak RM4390. Sila bayar segera di http://login-secure-web.net.,1
Kurier Grab: Penghantaran bungkusan anda gagal. Sila bayar kos penghantaran semula di http://login-secure-web.net.,1
Notis LHDN: Anda mempunyai tunggakan cukai sebanyak RM4527. Sila bayar segera di http://verify-identity.com.,1
"Amaran: Percubaan log masuk dikesan pada akaun Unifi anda. Jika bukan anda, klik http://login-secure-web.net.",1
Pengesahan pendaftaran: Anda telah berjaya mendaftar untuk kursus Cybersecurity Forensics di portal UniSZA.,0
Tindakan segera diperlukan! Akaun Bank Islam anda telah disekat. Sila sahkan identiti di http://login-secure-web.net.,1
Pengesahan pendaftaran: Anda telah berjaya mendaftar untuk kursus Cybersecurity Forensics di portal UniSZA.,0
Notis: Penyelenggaraan sistem E-Daftar akan dijalankan pada malam ini dari jam 12AM hingga 4AM.,0
Makluman: Gangguan bekalan air di kawasan Besut dijangka pulih pada jam 8 PM.,0
Akses portal SAPS anda akan ditamatkan dalam masa 24 jam. Sila log masuk di http://semakan-lhdn-gov.top untuk rayuan.,1
Notis: Penyelenggaraan sistem E-Daftar akan dijalankan pada malam ini dari jam 12AM hingga 4AM.,0
Resit rasmi bagi transaksi TXN890016 berjaya diproses. Sila simpan untuk rujukan masa hadapan.,0
Resit rasmi bagi transaksi TXN114195 berjaya diproses. Sila simpan untuk rujukan masa hadapan.,0
"Amaran: Percubaan log masuk dikesan pada akaun Disney+ Hotstar anda. Jika bukan anda, klik http://verify-identity.com.",1
Bantuan Tunai Rahmah: Semak status kelayakan RM3161 anda di pautan rasmi ini http://semakan-lhdn-gov.top.,1
Peringatan mesyuarat: Perbincangan mengenai Latihan Industri akan diadakan pada Jumaat jam 8 PM.,0
Terima kasih kerana menggunakan perkhidmatan J&T Express. Sila berikan maklum balas anda di sini.,0
Resit rasmi bagi transaksi TXN277137 berjaya diproses. Sila simpan untuk rujukan masa hadapan.,0
Bantuan Tunai Rahmah: Semak status kelayakan RM3370 anda di pautan rasmi ini http://verify-identity.com.,1
Akses portal SAPS anda akan ditamatkan dalam masa 24 jam. Sila log masuk di http://semakan-lhdn-gov.top untuk rayuan.,1
Kurier Pos Laju: Penghantaran bungkusan anda gagal. Sila bayar kos penghantaran semula di http://bit.ly/kemaskini-akaun-2026.,1
Bantuan Tunai Rahmah: Semak status kelayakan RM1895 anda di pautan rasmi ini http://bit.ly/kemaskini-akaun-2026.,1
Pengesahan pendaftaran: Anda telah berjaya mendaftar untuk kursus Cybersecurity Forensics di portal UniSZA.,0
Notis LHDN: Anda mempunyai tunggakan cukai sebanyak RM1892. Sila bayar segera di http://verify-identity.com.,1
Bantuan Tunai Rahmah: Semak status kelayakan RM1871 anda di pautan rasmi ini http://bit.ly/kemaskini-akaun-2026.,1
Tahniah! Anda terpilih memenangi hadiah RM2254 dari Touch 'n Go. Klik http://bit.ly/kemaskini-akaun-2026 untuk tuntut.,1
Notis: Penyelenggaraan sistem E-Daftar akan dijalankan pada malam ini dari jam 12AM hingga 4AM.,0
Penyata akaun bulanan anda bagi bulan Mac kini boleh dimuat turun di portal rasmi.,0
Pengesahan pendaftaran: Anda telah berjaya mendaftar untuk kursus Cybersecurity Forensics di portal UniSZA.,0
Tahniah! Anda terpilih memenangi hadiah RM4081 dari Grab. Klik http://bit.ly/kemaskini-akaun-2026 untuk tuntut.,1
"Amaran: Percubaan log masuk dikesan pada akaun Spotify anda. Jika bukan anda, klik http://login-secure-web.net.",1
Sila hantar laporan mingguan bagi projek Pembangunan Sistem IoT sebelum hari Jumaat ini.,0
Kurier Shopee: Penghantaran bungkusan anda gagal. Sila bayar kos penghantaran semula di http://bit.ly/kemaskini-akaun-2026.,1
Penyata akaun bulanan anda bagi bulan Mac kini boleh dimuat turun di portal rasmi.,0
Notis: Penyelenggaraan sistem E-Daftar akan dijalankan pada malam ini dari jam 12AM hingga 4AM.,0
Peringatan mesyuarat: Perbincangan mengenai Final Year Project akan diadakan pada Jumaat jam 11 PM.,0
"Amaran: Percubaan log masuk dikesan pada akaun Spotify anda. Jika bukan anda, klik http://bit.ly/kemaskini-akaun-2026.",1
Makluman: Gangguan bekalan air di kawasan Kuala Terengganu dijangka pulih pada jam 5 PM.,0
Resit rasmi bagi transaksi TXN309578 berjaya diproses. Sila simpan untuk rujukan masa hadapan.,0
Notis LHDN: Anda mempunyai tunggakan cukai sebanyak RM1751. Sila bayar segera di http://semakan-lhdn-gov.top.,1
Akses portal SAPS anda akan ditamatkan dalam masa 24 jam. Sila log masuk di http://bit.ly/kemaskini-akaun-2026 untuk rayuan.,1
Tindakan segera diperlukan! Akaun Public Bank anda telah disekat. Sila sahkan identiti di http://login-secure-web.net.,1
Pengesahan pendaftaran: Anda telah berjaya mendaftar untuk kursus Cybersecurity Forensics di portal UniSZA.,0
Tindakan segera diperlukan! Akaun Public Bank anda telah disekat. Sila sahkan identiti di http://bit.ly/kemaskini-akaun-2026.,1
Akses portal SAPS anda akan ditamatkan dalam masa 24 jam. Sila log masuk di http://semakan-lhdn-gov.top untuk rayuan.,1
Kurier Lazada: Penghantaran bungkusan anda gagal. Sila bayar kos penghantaran semula di http://login-secure-web.net.,1
Terima kasih kerana menggunakan perkhidmatan Touch 'n Go. Sila berikan maklum balas anda di sini.,0
Notis LHDN: Anda mempunyai tunggakan cukai sebanyak RM4668. Sila bayar segera di http://bit.ly/kemaskini-akaun-2026.,1
Notis LHDN: Anda mempunyai tunggakan cukai sebanyak RM2633. Sila bayar segera di http://bit.ly/kemaskini-akaun-2026.,1
Peringatan mesyuarat: Perbincangan mengenai Final Year Project akan diadakan pada Jumaat jam 6 PM.,0
Bantuan Tunai Rahmah: Semak status kelayakan RM2318 anda di pautan rasmi ini http://login-secure-web.net.,1
Bantuan Tunai Rahmah: Semak status kelayakan RM1281 anda di pautan rasmi ini http://verify-identity.com.,1
Notis LHDN: Anda mempunyai tunggakan cukai sebanyak RM1298. Sila bayar segera di http://bit.ly/kemaskini-akaun-2026.,1
Pengesahan pendaftaran: Anda telah berjaya mendaftar untuk kursus Cybersecurity Forensics di portal UniSZA.,0
Tahniah! Anda terpilih memenangi hadiah RM4533 dari J&T Express. Klik http://verify-identity.com untuk tuntut.,1
Sila hantar laporan mingguan bagi projek Pembangunan Sistem IoT sebelum hari Jumaat ini.,0
Kurier Grab: Penghantaran bungkusan anda gagal. Sila bayar kos penghantaran semula di http://semakan-lhdn-gov.top.,1
Bantuan Tunai Rahmah: Semak status kelayakan RM3690 anda di pautan rasmi ini http://login-secure-web.net.,1
Penyata akaun bulanan anda bagi bulan Mei kini boleh dimuat turun di portal rasmi.,0
Sila hantar laporan mingguan bagi projek Pembangunan Sistem IoT sebelum hari Jumaat ini.,0
Pengesahan pendaftaran: Anda telah berjaya mendaftar untuk kursus Cybersecurity Forensics di portal UniSZA.,0
Akses portal SAPS anda akan ditamatkan dalam masa 24 jam. Sila log masuk di http://bit.ly/kemaskini-akaun-2026 untuk rayuan.,1
Tahniah! Anda terpilih memenangi hadiah RM2932 dari Grab. Klik http://semakan-lhdn-gov.top untuk tuntut.,1
Kurier Lazada: Penghantaran bungkusan anda gagal. Sila bayar kos penghantaran semula di http://login-secure-web.net.,1
Resit rasmi bagi transaksi TXN129721 berjaya diproses. Sila simpan untuk rujukan masa hadapan.,0
"Amaran: Percubaan log masuk dikesan pada akaun Spotify anda. Jika bukan anda, klik http://semakan-lhdn-gov.top.",1
Penyata akaun bulanan anda bagi bulan Mac kini boleh dimuat turun di portal rasmi.,0
Notis: Penyelenggaraan sistem E-Daftar akan dijalankan pada malam ini dari jam 12AM hingga 4AM.,0
Notis: Penyelenggaraan sistem E-Daftar akan dijalankan pada malam ini dari jam 12AM hingga 4AM.,0
Terima kasih kerana menggunakan perkhidmatan Grab. Sila berikan maklum balas anda di sini.,0
Tindakan segera diperlukan! Akaun Public Bank anda telah disekat. Sila sahkan identiti di http://semakan-lhdn-gov.top.,1
Penyata akaun bulanan anda bagi bulan Mac kini boleh dimuat turun di portal rasmi.,0
Pengesahan pendaftaran: Anda telah berjaya mendaftar untuk kursus Cybersecurity Forensics di portal UniSZA.,0
Pengesahan pendaftaran: Anda telah berjaya mendaftar untuk kursus Cybersecurity Forensics di portal UniSZA.,0
Penyata akaun bulanan anda bagi bulan April kini boleh dimuat turun di portal rasmi.,0
Notis LHDN: Anda mempunyai tunggakan cukai sebanyak RM3567. Sila bayar segera di http://semakan-lhdn-gov.top.,1
Penyata akaun bulanan anda bagi bulan Mei kini boleh dimuat turun di portal rasmi.,0
Peringatan: Langganan Disney+ Hotstar anda gagal diperbaharui. Kemaskini kad kredit anda di http://login-secure-web.net.,1
"Amaran: Percubaan log masuk dikesan pada akaun Spotify anda. Jika bukan anda, klik http://login-secure-web.net.",1
Terima kasih kerana menggunakan perkhidmatan J&T Express. Sila berikan maklum balas anda di sini.,0
Makluman: Gangguan bekalan air di kawasan Johor Bahru dijangka pulih pada jam 6 PM.,0
Tindakan segera diperlukan! Akaun RHB Now anda telah disekat. Sila sahkan identiti di http://verify-identity.com.,1
Notis LHDN: Anda mempunyai tunggakan cukai sebanyak RM1177. Sila bayar segera di http://bit.ly/kemaskini-akaun-2026.,1
Sila hantar laporan mingguan bagi projek Pembangunan Sistem IoT sebelum hari Jumaat ini.,0
Pengesahan pendaftaran: Anda telah berjaya mendaftar untuk kursus Cybersecurity Forensics di portal UniSZA.,0
Tahniah! Anda terpilih memenangi hadiah RM1700 dari Shopee. Klik http://bit.ly/kemaskini-akaun-2026 untuk tuntut.,1
Makluman: Gangguan bekalan air di kawasan Gong Badak dijangka pulih pada jam 8 PM.,0
Makluman: Gangguan bekalan air di kawasan Kuala Terengganu dijangka pulih pada jam 9 PM.,0
Terima kasih kerana menggunakan perkhidmatan Shopee. Sila berikan maklum balas anda di sini.,0
Tindakan segera diperlukan! Akaun CIMB Clicks anda telah disekat. Sila sahkan identiti di http://verify-identity.com.,1
Tahniah! Anda terpilih memenangi hadiah RM3477 dari Pos Laju. Klik http://semakan-lhdn-gov.top untuk tuntut.,1
Pengesahan pendaftaran: Anda telah berjaya mendaftar untuk kursus Cybersecurity Forensics di portal UniSZA.,0
Kurier Pos Laju: Penghantaran bungkusan anda gagal. Sila bayar kos penghantaran semula di http://login-secure-web.net.,1
Terima kasih kerana menggunakan perkhidmatan Pos Laju. Sila berikan maklum balas anda di sini.,0
Peringatan mesyuarat: Perbincangan mengenai Final Year Project akan diadakan pada Jumaat jam 4 PM.,0
"Amaran: Percubaan log masuk dikesan pada akaun iCloud anda. Jika bukan anda, klik http://bit.ly/kemaskini-akaun-2026.",1
Terima kasih kerana menggunakan perkhidmatan J&T Express. Sila berikan maklum balas anda di sini.,0
Tahniah! Anda terpilih memenangi hadiah RM917 dari Shopee. Klik http://semakan-lhdn-gov.top untuk tuntut.,1
Tahniah! Anda terpilih memenangi hadiah RM1394 dari J&T Express. Klik http://verify-identity.com untuk tuntut.,1
Kurier Grab: Penghantaran bungkusan anda gagal. Sila bayar kos penghantaran semula di http://login-secure-web.net.,1
Tahniah! Anda terpilih memenangi hadiah RM2048 dari Grab. Klik http://verify-identity.com untuk tuntut.,1
Tindakan segera diperlukan! Akaun CIMB Clicks anda telah disekat. Sila sahkan identiti di http://bit.ly/kemaskini-akaun-2026.,1
Bantuan Tunai Rahmah: Semak status kelayakan RM2750 anda di pautan rasmi ini http://login-secure-web.net.,1
Tindakan segera diperlukan! Akaun Public Bank anda telah disekat. Sila sahkan identiti di http://verify-identity.com.,1
Akses portal SAPS anda akan ditamatkan dalam masa 24 jam. Sila log masuk di http://verify-identity.com untuk rayuan.,1
Akses portal SAPS anda akan ditamatkan dalam masa 24 jam. Sila log masuk di http://login-secure-web.net untuk rayuan.,1
Sila hantar laporan mingguan bagi projek Pembangunan Sistem IoT sebelum hari Jumaat ini.,0
Kurier Grab: Penghantaran bungkusan anda gagal. Sila bayar kos penghantaran semula di http://bit.ly/kemaskini-akaun-2026.,1
Kurier Grab: Penghantaran bungkusan anda gagal. Sila bayar kos penghantaran semula di http://bit.ly/kemaskini-akaun-2026.,1
Notis LHDN: Anda mempunyai tunggakan cukai sebanyak RM4699. Sila bayar segera di http://verify-identity.com.,1
Sila hantar laporan mingguan bagi projek Pembangunan Sistem IoT sebelum hari Jumaat ini.,0
Tahniah! Anda terpilih memenangi hadiah RM1529 dari Grab. Klik http://semakan-lhdn-gov.top untuk tuntut.,1
Tindakan segera diperlukan! Akaun RHB Now anda telah disekat. Sila sahkan identiti di http://login-secure-web.net.,1
Notis LHDN: Anda mempunyai tunggakan cukai sebanyak RM4746. Sila bayar segera di http://semakan-lhdn-gov.top.,1
Notis: Penyelenggaraan sistem E-Daftar akan dijalankan pada malam ini dari jam 12AM hingga 4AM.,0
Sila hantar laporan mingguan bagi projek Pembangunan Sistem IoT sebelum hari Jumaat ini.,0
Resit rasmi bagi transaksi TXN508454 berjaya diproses. Sila simpan untuk rujukan masa hadapan.,0
Terima kasih kerana menggunakan perkhidmatan J&T Express. Sila berikan maklum balas anda di sini.,0
Akses portal SAPS anda akan ditamatkan dalam masa 24 jam. Sila log masuk di http://login-secure-web.net untuk rayuan.,1
Peringatan: Langganan Disney+ Hotstar anda gagal diperbaharui. Kemaskini kad kredit anda di http://semakan-lhdn-gov.top.,1
Penyata akaun bulanan anda bagi bulan Mei kini boleh dimuat turun di portal rasmi.,0
Peringatan mesyuarat: Perbincangan mengenai SecurityX Training akan diadakan pada Jumaat jam 3 PM.,0
Akses portal SAPS anda akan ditamatkan dalam masa 24 jam. Sila log masuk di http://semakan-lhdn-gov.top untuk rayuan.,1
Sila hantar laporan mingguan bagi projek Pembangunan Sistem IoT sebelum hari Jumaat ini.,0
Pengesahan pendaftaran: Anda telah berjaya mendaftar untuk kursus Cybersecurity Forensics di portal UniSZA.,0
Terima kasih kerana menggunakan perkhidmatan Shopee. Sila berikan maklum balas anda di sini.,0
Kurier Touch 'n Go: Penghantaran bungkusan anda gagal. Sila bayar kos penghantaran semula di http://verify-identity.com.,1
Makluman: Gangguan bekalan air di kawasan Kuala Lumpur dijangka pulih pada jam 2 PM.,0
Sila hantar laporan mingguan bagi projek Pembangunan Sistem IoT sebelum hari Jumaat ini.,0
Tindakan segera diperlukan! Akaun Bank Islam anda telah disekat. Sila sahkan identiti di http://login-secure-web.net.,1
Notis LHDN: Anda mempunyai tunggakan cukai sebanyak RM4555. Sila bayar segera di http://verify-identity.com.,1
Tindakan segera diperlukan! Akaun Maybank2u anda telah disekat. Sila sahkan identiti di http://bit.ly/kemaskini-akaun-2026.,1
Notis: Penyelenggaraan sistem E-Daftar akan dijalankan pada malam ini dari jam 12AM hingga 4AM.,0
Akses portal SAPS anda akan ditamatkan dalam masa 24 jam. Sila log masuk di http://verify-identity.com untuk rayuan.,1
Tindakan segera diperlukan! Akaun RHB Now anda telah disekat. Sila sahkan identiti di http://login-secure-web.net.,1
Tindakan segera diperlukan! Akaun Maybank2u anda telah disekat. Sila sahkan identiti di http://semakan-lhdn-gov.top.,1
"Amaran: Percubaan log masuk dikesan pada akaun Netflix anda. Jika bukan anda, klik http://verify-identity.com.",1
Sila hantar laporan mingguan bagi projek Pembangunan Sistem IoT sebelum hari Jumaat ini.,0
Bantuan Tunai Rahmah: Semak status kelayakan RM2254 anda di pautan rasmi ini http://semakan-lhdn-gov.top.,1
Akses portal SAPS anda akan ditamatkan dalam masa 24 jam. Sila log masuk di http://bit.ly/kemaskini-akaun-2026 untuk rayuan.,1
Akses portal SAPS anda akan ditamatkan dalam masa 24 jam. Sila log masuk di http://login-secure-web.net untuk rayuan.,1
Makluman: Gangguan bekalan air di kawasan Gong Badak dijangka pulih pada jam 2 PM.,0
"Amaran: Percubaan log masuk dikesan pada akaun Netflix anda. Jika bukan anda, klik http://bit.ly/kemaskini-akaun-2026.",1
Peringatan: Langganan iCloud anda gagal diperbaharui. Kemaskini kad kredit anda di http://semakan-lhdn-gov.top.,1
Resit rasmi bagi transaksi TXN474904 berjaya diproses. Sila simpan untuk rujukan masa hadapan.,0
Penyata akaun bulanan anda bagi bulan Mac kini boleh dimuat turun di portal rasmi.,0
Akses portal SAPS anda akan ditamatkan dalam masa 24 jam. Sila log masuk di http://verify-identity.com untuk rayuan.,1
Penyata akaun bulanan anda bagi bulan Mei kini boleh dimuat turun di portal rasmi.,0
Terima kasih kerana menggunakan perkhidmatan Lazada. Sila berikan maklum balas anda di sini.,0
Bantuan Tunai Rahmah: Semak status kelayakan RM4554 anda di pautan rasmi ini http://bit.ly/kemaskini-akaun-2026.,1
Terima kasih kerana menggunakan perkhidmatan Touch 'n Go. Sila berikan maklum balas anda di sini.,0
Notis LHDN: Anda mempunyai tunggakan cukai sebanyak RM3659. Sila bayar segera di http://login-secure-web.net.,1
Makluman: Gangguan bekalan air di kawasan Besut dijangka pulih pada jam 12 PM.,0
Akses portal SAPS anda akan ditamatkan dalam masa 24 jam. Sila log masuk di http://bit.ly/kemaskini-akaun-2026 untuk rayuan.,1
"Amaran: Percubaan log masuk dikesan pada akaun Netflix anda. Jika bukan anda, klik http://verify-identity.com.",1
Peringatan: Langganan Spotify anda gagal diperbaharui. Kemaskini kad kredit anda di http://semakan-lhdn-gov.top.,1
Pengesahan pendaftaran: Anda telah berjaya mendaftar untuk kursus Cybersecurity Forensics di portal UniSZA.,0
Terima kasih kerana menggunakan perkhidmatan Shopee. Sila berikan maklum balas anda di sini.,0
Terima kasih kerana menggunakan perkhidmatan J&T Express. Sila berikan maklum balas anda di sini.,0
"Amaran: Percubaan log masuk dikesan pada akaun Unifi anda. Jika bukan anda, klik http://login-secure-web.net.",1
"Amaran: Percubaan log masuk dikesan pada akaun iCloud anda. Jika bukan anda, klik http://verify-identity.com.",1
Resit rasmi bagi transaksi TXN552152 berjaya diproses. Sila simpan untuk rujukan masa hadapan.,0
Penyata akaun bulanan anda bagi bulan Mei kini boleh dimuat turun di portal rasmi.,0
Notis: Penyelenggaraan sistem E-Daftar akan dijalankan pada malam ini dari jam 12AM hingga 4AM.,0
Peringatan: Langganan Disney+ Hotstar anda gagal diperbaharui. Kemaskini kad kredit anda di http://login-secure-web.net.,1
"Amaran: Percubaan log masuk dikesan pada akaun Unifi anda. Jika bukan anda, klik http://bit.ly/kemaskini-akaun-2026.",1
Kurier Shopee: Penghantaran bungkusan anda gagal. Sila bayar kos penghantaran semula di http://bit.ly/kemaskini-akaun-2026.,1
Peringatan mesyuarat: Perbincangan mengenai SecurityX Training akan diadakan pada Jumaat jam 5 PM.,0
Terima kasih kerana menggunakan perkhidmatan Grab. Sila berikan maklum balas anda di sini.,0
Notis: Penyelenggaraan sistem E-Daftar akan dijalankan pada malam ini dari jam 12AM hingga 4AM.,0
Tindakan segera diperlukan! Akaun CIMB Clicks anda telah disekat. Sila sahkan identiti di http://semakan-lhdn-gov.top.,1
Peringatan: Langganan Unifi anda gagal diperbaharui. Kemaskini kad kredit anda di http://semakan-lhdn-gov.top.,1
Kurier Lazada: Penghantaran bungkusan anda gagal. Sila bayar kos penghantaran semula di http://verify-identity.com.,1
Kurier Shopee: Penghantaran bungkusan anda gagal. Sila bayar kos penghantaran semula di http://login-secure-web.net.,1
Sila hantar laporan mingguan bagi projek Pembangunan Sistem IoT sebelum hari Jumaat ini.,0
Makluman: Gangguan bekalan air di kawasan Kuala Terengganu dijangka pulih pada jam 8 PM.,0
Kurier Pos Laju: Penghantaran bungkusan anda gagal. Sila bayar kos penghantaran semula di http://bit.ly/kemaskini-akaun-2026.,1
Akses portal SAPS anda akan ditamatkan dalam masa 24 jam. Sila log masuk di http://bit.ly/kemaskini-akaun-2026 untuk rayuan.,1
Kurier Shopee: Penghantaran bungkusan anda gagal. Sila bayar kos penghantaran semula di http://login-secure-web.net.,1
Akses portal SAPS anda akan ditamatkan dalam masa 24 jam. Sila log masuk di http://bit.ly/kemaskini-akaun-2026 untuk rayuan.,1
Peringatan mesyuarat: Perbincangan mengenai Final Year Project akan diadakan pada Jumaat jam 6 PM.,0
Kurier Pos Laju: Penghantaran bungkusan anda gagal. Sila bayar kos penghantaran semula di http://login-secure-web.net.,1
Terima kasih kerana menggunakan perkhidmatan Grab. Sila berikan maklum balas anda di sini.,0
Akses portal SAPS anda akan ditamatkan dalam masa 24 jam. Sila log masuk di http://bit.ly/kemaskini-akaun-2026 untuk rayuan.,1
Peringatan mesyuarat: Perbincangan mengenai Digital Marketing akan diadakan pada Jumaat jam 11 PM.,0
Sila hantar laporan mingguan bagi projek Pembangunan Sistem IoT sebelum hari Jumaat ini.,0
Notis LHDN: Anda mempunyai tunggakan cukai sebanyak RM889. Sila bayar segera di http://semakan-lhdn-gov.top.,1
Makluman: Gangguan bekalan air di kawasan Johor Bahru dijangka pulih pada jam 2 PM.,0
Notis: Penyelenggaraan sistem E-Daftar akan dijalankan pada malam ini dari jam 12AM hingga 4AM.,0
Resit rasmi bagi transaksi TXN597347 berjaya diproses. Sila simpan untuk rujukan masa hadapan.,0
Bantuan Tunai Rahmah: Semak status kelayakan RM2720 anda di pautan rasmi ini http://verify-identity.com.,1
Sila hantar laporan mingguan bagi projek Pembangunan Sistem IoT sebelum hari Jumaat ini.,0
Kurier Shopee: Penghantaran bungkusan anda gagal. Sila bayar kos penghantaran semula di http://bit.ly/kemaskini-akaun-2026.,1
Penyata akaun bulanan anda bagi bulan Januari kini boleh dimuat turun di portal rasmi.,0
Bantuan Tunai Rahmah: Semak status kelayakan RM4123 anda di pautan rasmi ini http://verify-identity.com.,1
Notis LHDN: Anda mempunyai tunggakan cukai sebanyak RM833. Sila bayar segera di http://login-secure-web.net.,1
Sila hantar laporan mingguan bagi projek Pembangunan Sistem IoT sebelum hari Jumaat ini.,0
Notis LHDN: Anda mempunyai tunggakan cukai sebanyak RM3902. Sila bayar segera di http://login-secure-web.net.,1
"Amaran: Percubaan log masuk dikesan pada akaun Spotify anda. Jika bukan anda, klik http://verify-identity.com.",1
Resit rasmi bagi transaksi TXN124709 berjaya diproses. Sila simpan untuk rujukan masa hadapan.,0
Terima kasih kerana menggunakan perkhidmatan Grab. Sila berikan maklum balas anda di sini.,0
"Amaran: Percubaan log masuk dikesan pada akaun Netflix anda. Jika bukan anda, klik http://verify-identity.com.",1
Notis: Penyelenggaraan sistem E-Daftar akan dijalankan pada malam ini dari jam 12AM hingga 4AM.,0
Tahniah! Anda terpilih memenangi hadiah RM4086 dari J&T Express. Klik http://verify-identity.com untuk tuntut.,1
Makluman: Gangguan bekalan air di kawasan Gong Badak dijangka pulih pada jam 5 PM.,0
Peringatan: Langganan Unifi anda gagal diperbaharui. Kemaskini kad kredit anda di http://semakan-lhdn-gov.top.,1
Tindakan segera diperlukan! Akaun CIMB Clicks anda telah disekat. Sila sahkan identiti di http://semakan-lhdn-gov.top.,1
Tindakan segera diperlukan! Akaun Maybank2u anda telah disekat. Sila sahkan identiti di http://verify-identity.com.,1
"Amaran: Percubaan log masuk dikesan pada akaun Netflix anda. Jika bukan anda, klik http://verify-identity.com.",1
Akses portal SAPS anda akan ditamatkan dalam masa 24 jam. Sila log masuk di http://login-secure-web.net untuk rayuan.,1
Resit rasmi bagi transaksi TXN471917 berjaya diproses. Sila simpan untuk rujukan masa hadapan.,0
Sila hantar laporan mingguan bagi projek Pembangunan Sistem IoT sebelum hari Jumaat ini.,0
Notis LHDN: Anda mempunyai tunggakan cukai sebanyak RM520. Sila bayar segera di http://bit.ly/kemaskini-akaun-2026.,1
Pengesahan pendaftaran: Anda telah berjaya mendaftar untuk kursus Cybersecurity Forensics di portal UniSZA.,0
Peringatan: Langganan Spotify anda gagal diperbaharui. Kemaskini kad kredit anda di http://verify-identity.com.,1
Makluman: Gangguan bekalan air di kawasan Gong Badak dijangka pulih pada jam 6 PM.,0
Notis: Penyelenggaraan sistem E-Daftar akan dijalankan pada malam ini dari jam 12AM hingga 4AM.,0
Peringatan: Langganan Unifi anda gagal diperbaharui. Kemaskini kad kredit anda di http://semakan-lhdn-gov.top.,1
Akses portal SAPS anda akan ditamatkan dalam masa 24 jam. Sila log masuk di http://semakan-lhdn-gov.top untuk rayuan.,1
Pengesahan pendaftaran: Anda telah berjaya mendaftar untuk kursus Cybersecurity Forensics di portal UniSZA.,0
Notis LHDN: Anda mempunyai tunggakan cukai sebanyak RM3226. Sila bayar segera di http://semakan-lhdn-gov.top.,1
Sila hantar laporan mingguan bagi projek Pembangunan Sistem IoT sebelum hari Jumaat ini.,0
"Amaran: Percubaan log masuk dikesan pada akaun Netflix anda. Jika bukan anda, klik http://verify-identity.com.",1
Sila hantar laporan mingguan bagi projek Pembangunan Sistem IoT sebelum hari Jumaat ini.,0
Notis: Penyelenggaraan sistem E-Daftar akan dijalankan pada malam ini dari jam 12AM hingga 4AM.,0
Peringatan: Langganan iCloud anda gagal diperbaharui. Kemaskini kad kredit anda di http://verify-identity.com.,1
Terima kasih kerana menggunakan perkhidmatan Lazada. Sila berikan maklum balas anda di sini.,0
Penyata akaun bulanan anda bagi bulan April kini boleh dimuat turun di portal rasmi.,0
Kurier Lazada: Penghantaran bungkusan anda gagal. Sila bayar kos penghantaran semula di http://verify-identity.com.,1
Resit rasmi bagi transaksi TXN350710 berjaya diproses. Sila simpan untuk rujukan masa hadapan.,0
"Amaran: Percubaan log masuk dikesan pada akaun Unifi anda. Jika bukan anda, klik http://login-secure-web.net.",1
"Amaran: Percubaan log masuk dikesan pada akaun Unifi anda. Jika bukan anda, klik http://verify-identity.com.",1
Notis LHDN: Anda mempunyai tunggakan cukai sebanyak RM776. Sila bayar segera di http://login-secure-web.net.,1
Makluman: Gangguan bekalan air di kawasan Kuala Terengganu dijangka pulih pada jam 9 PM.,0
Makluman: Gangguan bekalan air di kawasan Gong Badak dijangka pulih pada jam 9 PM.,0
Penyata akaun bulanan anda bagi bulan Mac kini boleh dimuat turun di portal rasmi.,0
Resit rasmi bagi transaksi TXN240911 berjaya diproses. Sila simpan untuk rujukan masa hadapan.,0
Pengesahan pendaftaran: Anda telah berjaya mendaftar untuk kursus Cybersecurity Forensics di portal UniSZA.,0
"Amaran: Percubaan log masuk dikesan pada akaun Netflix anda. Jika bukan anda, klik http://verify-identity.com.",1
Penyata akaun bulanan anda bagi bulan Januari kini boleh dimuat turun di portal rasmi.,0
Kurier Touch 'n Go: Penghantaran bungkusan anda gagal. Sila bayar kos penghantaran semula di http://semakan-lhdn-gov.top.,1
Akses portal SAPS anda akan ditamatkan dalam masa 24 jam. Sila log masuk di http://semakan-lhdn-gov.top untuk rayuan.,1
Akses portal SAPS anda akan ditamatkan dalam masa 24 jam. Sila log masuk di http://bit.ly/kemaskini-akaun-2026 untuk rayuan.,1
Makluman: Gangguan bekalan air di kawasan Gong Badak dijangka pulih pada jam 12 PM.,0
Pengesahan pendaftaran: Anda telah berjaya mendaftar untuk kursus Cybersecurity Forensics di portal UniSZA.,0
Sila hantar laporan mingguan bagi projek Pembangunan Sistem IoT sebelum hari Jumaat ini.,0
Terima kasih kerana menggunakan perkhidmatan Lazada. Sila berikan maklum balas anda di sini.,0
Bantuan Tunai Rahmah: Semak status kelayakan RM1739 anda di pautan rasmi ini http://verify-identity.com.,1
Sila hantar laporan mingguan bagi projek Pembangunan Sistem IoT sebelum hari Jumaat ini.,0
Notis: Penyelenggaraan sistem E-Daftar akan dijalankan pada malam ini dari jam 12AM hingga 4AM.,0
"Amaran: Percubaan log masuk dikesan pada akaun Disney+ Hotstar anda. Jika bukan anda, klik http://bit.ly/kemaskini-akaun-2026.",1
Tahniah! Anda terpilih memenangi hadiah RM1851 dari Grab. Klik http://semakan-lhdn-gov.top untuk tuntut.,1
"Amaran: Percubaan log masuk dikesan pada akaun Spotify anda. Jika bukan anda, klik http://semakan-lhdn-gov.top.",1
Peringatan: Langganan Unifi anda gagal diperbaharui. Kemaskini kad kredit anda di http://login-secure-web.net.,1
Peringatan mesyuarat: Perbincangan mengenai Final Year Project akan diadakan pada Jumaat jam 12 PM.,0
Sila hantar laporan mingguan bagi projek Pembangunan Sistem IoT sebelum hari Jumaat ini.,0
Notis LHDN: Anda mempunyai tunggakan cukai sebanyak RM2724. Sila bayar segera di http://semakan-lhdn-gov.top.,1
"Amaran: Percubaan log masuk dikesan pada akaun iCloud anda. Jika bukan anda, klik http://verify-identity.com.",1
Penyata akaun bulanan anda bagi bulan April kini boleh dimuat turun di portal rasmi.,0
Penyata akaun bulanan anda bagi bulan Jun kini boleh dimuat turun di portal rasmi.,0
Notis LHDN: Anda mempunyai tunggakan cukai sebanyak RM1406. Sila bayar segera di http://semakan-lhdn-gov.top.,1
Terima kasih kerana menggunakan perkhidmatan Lazada. Sila berikan maklum balas anda di sini.,0
Makluman: Gangguan bekalan air di kawasan Besut dijangka pulih pada jam 10 PM.,0
Tindakan segera diperlukan! Akaun Public Bank anda telah disekat. Sila sahkan identiti di http://semakan-lhdn-gov.top.,1
Tahniah! Anda terpilih memenangi hadiah RM4912 dari Pos Laju. Klik http://login-secure-web.net untuk tuntut.,1
"Amaran: Percubaan log masuk dikesan pada akaun Unifi anda. Jika bukan anda, klik http://bit.ly/kemaskini-akaun-2026.",1
Sila hantar laporan mingguan bagi projek Pembangunan Sistem IoT sebelum hari Jumaat ini.,0
Tindakan segera diperlukan! Akaun CIMB Clicks anda telah disekat. Sila sahkan identiti di http://login-secure-web.net.,1
Bantuan Tunai Rahmah: Semak status kelayakan RM3817 anda di pautan rasmi ini http://verify-identity.com.,1
Sila hantar laporan mingguan bagi projek Pembangunan Sistem IoT sebelum hari Jumaat ini.,0
Bantuan Tunai Rahmah: Semak status kelayakan RM4271 anda di pautan rasmi ini http://semakan-lhdn-gov.top.,1
"Amaran: Percubaan log masuk dikesan pada akaun Unifi anda. Jika bukan anda, klik http://semakan-lhdn-gov.top.",1
"Amaran: Percubaan log masuk dikesan pada akaun Disney+ Hotstar anda. Jika bukan anda, klik http://semakan-lhdn-gov.top.",1
Peringatan mesyuarat: Perbincangan mengenai Digital Marketing akan diadakan pada Jumaat jam 6 PM.,0
Tahniah! Anda terpilih memenangi hadiah RM3609 dari J&T Express. Klik http://login-secure-web.net untuk tuntut.,1
Resit rasmi bagi transaksi TXN146367 berjaya diproses. Sila simpan untuk rujukan masa hadapan.,0
Kurier Lazada: Penghantaran bungkusan anda gagal. Sila bayar kos penghantaran semula di http://verify-identity.com.,1
Tindakan segera diperlukan! Akaun Public Bank anda telah disekat. Sila sahkan identiti di http://semakan-lhdn-gov.top.,1
Makluman: Gangguan bekalan air di kawasan Gong Badak dijangka pulih pada jam 3 PM.,0
Peringatan: Langganan Disney+ Hotstar anda gagal diperbaharui. Kemaskini kad kredit anda di http://login-secure-web.net.,1
Tahniah! Anda terpilih memenangi hadiah RM1504 dari J&T Express. Klik http://semakan-lhdn-gov.top untuk tuntut.,1
Peringatan: Langganan Netflix anda gagal diperbaharui. Kemaskini kad kredit anda di http://semakan-lhdn-gov.top.,1
Bantuan Tunai Rahmah: Semak status kelayakan RM1659 anda di pautan rasmi ini http://bit.ly/kemaskini-akaun-2026.,1
Tahniah! Anda terpilih memenangi hadiah RM3409 dari Pos Laju. Klik http://login-secure-web.net untuk tuntut.,1
Pengesahan pendaftaran: Anda telah berjaya mendaftar untuk kursus Cybersecurity Forensics di portal UniSZA.,0
Sila hantar laporan mingguan bagi projek Pembangunan Sistem IoT sebelum hari Jumaat ini.,0
Notis LHDN: Anda mempunyai tunggakan cukai sebanyak RM2419. Sila bayar segera di http://bit.ly/kemaskini-akaun-2026.,1
Kurier J&T Express: Penghantaran bungkusan anda gagal. Sila bayar kos penghantaran semula di http://semakan-lhdn-gov.top.,1
Notis: Penyelenggaraan sistem E-Daftar akan dijalankan pada malam ini dari jam 12AM hingga 4AM.,0
Makluman: Gangguan bekalan air di kawasan Kuala Lumpur dijangka pulih pada jam 1 PM.,0
Bantuan Tunai Rahmah: Semak status kelayakan RM4181 anda di pautan rasmi ini http://semakan-lhdn-gov.top.,1
Notis LHDN: Anda mempunyai tunggakan cukai sebanyak RM3846. Sila bayar segera di http://verify-identity.com.,1
Pengesahan pendaftaran: Anda telah berjaya mendaftar untuk kursus Cybersecurity Forensics di portal UniSZA.,0
"Amaran: Percubaan log masuk dikesan pada akaun Disney+ Hotstar anda. Jika bukan anda, klik http://login-secure-web.net.",1
Tahniah! Anda terpilih memenangi hadiah RM1876 dari Touch 'n Go. Klik http://verify-identity.com untuk tuntut.,1
Pengesahan pendaftaran: Anda telah berjaya mendaftar untuk kursus Cybersecurity Forensics di portal UniSZA.,0
Kurier Shopee: Penghantaran bungkusan anda gagal. Sila bayar kos penghantaran semula di http://login-secure-web.net.,1
Tindakan segera diperlukan! Akaun Public Bank anda telah disekat. Sila sahkan identiti di http://bit.ly/kemaskini-akaun-2026.,1
"Amaran: Percubaan log masuk dikesan pada akaun Unifi anda. Jika bukan anda, klik http://bit.ly/kemaskini-akaun-2026.",1
Notis: Penyelenggaraan sistem E-Daftar akan dijalankan pada malam ini dari jam 12AM hingga 4AM.,0
Akses portal SAPS anda akan ditamatkan dalam masa 24 jam. Sila log masuk di http://verify-identity.com untuk rayuan.,1
Kurier Touch 'n Go: Penghantaran bungkusan anda gagal. Sila bayar kos penghantaran semula di http://verify-identity.com.,1
Sila hantar laporan mingguan bagi projek Pembangunan Sistem IoT sebelum hari Jumaat ini.,0
Makluman: Gangguan bekalan air di kawasan Kuala Lumpur dijangka pulih pada jam 7 PM.,0
Penyata akaun bulanan anda bagi bulan April kini boleh dimuat turun di portal rasmi.,0
"Amaran: Percubaan log masuk dikesan pada akaun iCloud anda. Jika bukan anda, klik http://login-secure-web.net.",1
Penyata akaun bulanan anda bagi bulan Jun kini boleh dimuat turun di portal rasmi.,0
Notis: Penyelenggaraan sistem E-Daftar akan dijalankan pada malam ini dari jam 12AM hingga 4AM.,0
Penyata akaun bulanan anda bagi bulan Mac kini boleh dimuat turun di portal rasmi.,0
Notis LHDN: Anda mempunyai tunggakan cukai sebanyak RM2445. Sila bayar segera di http://verify-identity.com.,1
Notis: Penyelenggaraan sistem E-Daftar akan dijalankan pada malam ini dari jam 12AM hingga 4AM.,0
Pengesahan pendaftaran: Anda telah berjaya mendaftar untuk kursus Cybersecurity Forensics di portal UniSZA.,0
Notis LHDN: Anda mempunyai tunggakan cukai sebanyak RM3818. Sila bayar segera di http://bit.ly/kemaskini-akaun-2026.,1
Notis: Penyelenggaraan sistem E-Daftar akan dijalankan pada malam ini dari jam 12AM hingga 4AM.,0
Akses portal SAPS anda akan ditamatkan dalam masa 24 jam. Sila log masuk di http://login-secure-web.net untuk rayuan.,1
Makluman: Gangguan bekalan air di kawasan Gong Badak dijangka pulih pada jam 6 PM.,0
Tahniah! Anda terpilih memenangi hadiah RM1113 dari Touch 'n Go. Klik http://login-secure-web.net untuk tuntut.,1
Akses portal SAPS anda akan ditamatkan dalam masa 24 jam. Sila log masuk di http://login-secure-web.net untuk rayuan.,1
Peringatan: Langganan Netflix anda gagal diperbaharui. Kemaskini kad kredit anda di http://login-secure-web.net.,1
Peringatan mesyuarat: Perbincangan mengenai Digital Marketing akan diadakan pada Jumaat jam 9 PM.,0
Peringatan mesyuarat: Perbincangan mengenai SecurityX Training akan diadakan pada Jumaat jam 7 PM.,0
Akses portal SAPS anda akan ditamatkan dalam masa 24 jam. Sila log masuk di http://bit.ly/kemaskini-akaun-2026 untuk rayuan.,1
Peringatan mesyuarat: Perbincangan mengenai SecurityX Training akan diadakan pada Jumaat jam 4 PM.,0
Tindakan segera diperlukan! Akaun RHB Now anda telah disekat. Sila sahkan identiti di http://login-secure-web.net.,1
Terima kasih kerana menggunakan perkhidmatan Grab. Sila berikan maklum balas anda di sini.,0
Pengesahan pendaftaran: Anda telah berjaya mendaftar untuk kursus Cybersecurity Forensics di portal UniSZA.,0
Notis: Penyelenggaraan sistem E-Daftar akan dijalankan pada malam ini dari jam 12AM hingga 4AM.,0
Notis: Penyelenggaraan sistem E-Daftar akan dijalankan pada malam ini dari jam 12AM hingga 4AM.,0
Bantuan Tunai Rahmah: Semak status kelayakan RM1734 anda di pautan rasmi ini http://bit.ly/kemaskini-akaun-2026.,1
Tindakan segera diperlukan! Akaun RHB Now anda telah disekat. Sila sahkan identiti di http://bit.ly/kemaskini-akaun-2026.,1
Akses portal SAPS anda akan ditamatkan dalam masa 24 jam. Sila log masuk di http://bit.ly/kemaskini-akaun-2026 untuk rayuan.,1
Sila hantar laporan mingguan bagi projek Pembangunan Sistem IoT sebelum hari Jumaat ini.,0
Resit rasmi bagi transaksi TXN281679 berjaya diproses. Sila simpan untuk rujukan masa hadapan.,0
Akses portal SAPS anda akan ditamatkan dalam masa 24 jam. Sila log masuk di http://semakan-lhdn-gov.top untuk rayuan.,1
Tahniah! Anda terpilih memenangi hadiah RM4250 dari Grab. Klik http://semakan-lhdn-gov.top untuk tuntut.,1
Makluman: Gangguan bekalan air di kawasan Gong Badak dijangka pulih pada jam 1 PM.,0
Notis: Penyelenggaraan sistem E-Daftar akan dijalankan pada malam ini dari jam 12AM hingga 4AM.,0
Tahniah! Anda terpilih memenangi hadiah RM4775 dari Lazada. Klik http://semakan-lhdn-gov.top untuk tuntut.,1
Akses portal SAPS anda akan ditamatkan dalam masa 24 jam. Sila log masuk di http://verify-identity.com untuk rayuan.,1
Pengesahan pendaftaran: Anda telah berjaya mendaftar untuk kursus Cybersecurity Forensics di portal UniSZA.,0
Notis: Penyelenggaraan sistem E-Daftar akan dijalankan pada malam ini dari jam 12AM hingga 4AM.,0
Pengesahan pendaftaran: Anda telah berjaya mendaftar untuk kursus Cybersecurity Forensics di portal UniSZA.,0
Tindakan segera diperlukan! Akaun Public Bank anda telah disekat. Sila sahkan identiti di http://bit.ly/kemaskini-akaun-2026.,1
Tahniah! Anda terpilih memenangi hadiah RM4051 dari Shopee. Klik http://login-secure-web.net untuk tuntut.,1
Kurier Shopee: Penghantaran bungkusan anda gagal. Sila bayar kos penghantaran semula di http://bit.ly/kemaskini-akaun-2026.,1
"Amaran: Percubaan log masuk dikesan pada akaun iCloud anda. Jika bukan anda, klik http://verify-identity.com.",1
Terima kasih kerana menggunakan perkhidmatan Shopee. Sila berikan maklum balas anda di sini.,0
Notis LHDN: Anda mempunyai tunggakan cukai sebanyak RM4155. Sila bayar segera di http://bit.ly/kemaskini-akaun-2026.,1
Notis LHDN: Anda mempunyai tunggakan cukai sebanyak RM2282. Sila bayar segera di http://semakan-lhdn-gov.top.,1
"Amaran: Percubaan log masuk dikesan pada akaun Netflix anda. Jika bukan anda, klik http://bit.ly/kemaskini-akaun-2026.",1
Penyata akaun bulanan anda bagi bulan Februari kini boleh dimuat turun di portal rasmi.,0
Kurier Touch 'n Go: Penghantaran bungkusan anda gagal. Sila bayar kos penghantaran semula di http://bit.ly/kemaskini-akaun-2026.,1
"Amaran: Percubaan log masuk dikesan pada akaun iCloud anda. Jika bukan anda, klik http://verify-identity.com.",1
Terima kasih kerana menggunakan perkhidmatan Lazada. Sila berikan maklum balas anda di sini.,0
Tahniah! Anda terpilih memenangi hadiah RM2328 dari Grab. Klik http://semakan-lhdn-gov.top untuk tuntut.,1
Pengesahan pendaftaran: Anda telah berjaya mendaftar untuk kursus Cybersecurity Forensics di portal UniSZA.,0
Peringatan: Langganan Disney+ Hotstar anda gagal diperbaharui. Kemaskini kad kredit anda di http://verify-identity.com.,1
Tindakan segera diperlukan! Akaun CIMB Clicks anda telah disekat. Sila sahkan identiti di http://login-secure-web.net.,1
Penyata akaun bulanan anda bagi bulan Jun kini boleh dimuat turun di portal rasmi.,0
Tindakan segera diperlukan! Akaun RHB Now anda telah disekat. Sila sahkan identiti di http://login-secure-web.net.,1
Akses portal SAPS anda akan ditamatkan dalam masa 24 jam. Sila log masuk di http://login-secure-web.net untuk rayuan.,1
Tindakan segera diperlukan! Akaun Maybank2u anda telah disekat. Sila sahkan identiti di http://semakan-lhdn-gov.top.,1
Tahniah! Anda terpilih memenangi hadiah RM2835 dari Lazada. Klik http://verify-identity.com untuk tuntut.,1
Kurier J&T Express: Penghantaran bungkusan anda gagal. Sila bayar kos penghantaran semula di http://login-secure-web.net.,1
Pengesahan pendaftaran: Anda telah berjaya mendaftar untuk kursus Cybersecurity Forensics di portal UniSZA.,0
Terima kasih kerana menggunakan perkhidmatan Touch 'n Go. Sila berikan maklum balas anda di sini.,0
Tahniah! Anda terpilih memenangi hadiah RM3086 dari Shopee. Klik http://semakan-lhdn-gov.top untuk tuntut.,1
Terima kasih kerana menggunakan perkhidmatan Grab. Sila berikan maklum balas anda di sini.,0
Bantuan Tunai Rahmah: Semak status kelayakan RM4776 anda di pautan rasmi ini http://login-secure-web.net.,1
Penyata akaun bulanan anda bagi bulan Jun kini boleh dimuat turun di portal rasmi.,0
"Amaran: Percubaan log masuk dikesan pada akaun Netflix anda. Jika bukan anda, klik http://verify-identity.com.",1
Terima kasih kerana menggunakan perkhidmatan Lazada. Sila berikan maklum balas anda di sini.,0
Tahniah! Anda terpilih memenangi hadiah RM2956 dari Shopee. Klik http://semakan-lhdn-gov.top untuk tuntut.,1
Terima kasih kerana menggunakan perkhidmatan Lazada. Sila berikan maklum balas anda di sini.,0
Peringatan mesyuarat: Perbincangan mengenai Latihan Industri akan diadakan pada Jumaat jam 11 PM.,0
Kurier Lazada: Penghantaran bungkusan anda gagal. Sila bayar kos penghantaran semula di http://semakan-lhdn-gov.top.,1
Resit rasmi bagi transaksi TXN489437 berjaya diproses. Sila simpan untuk rujukan masa hadapan.,0
Resit rasmi bagi transaksi TXN786330 berjaya diproses. Sila simpan untuk rujukan masa hadapan.,0
Penyata akaun bulanan anda bagi bulan Jun kini boleh dimuat turun di portal rasmi.,0
Terima kasih kerana menggunakan perkhidmatan Lazada. Sila berikan maklum balas anda di sini.,0
Tindakan segera diperlukan! Akaun Hong Leong Connect anda telah disekat. Sila sahkan identiti di http://login-secure-web.net.,1
Notis LHDN: Anda mempunyai tunggakan cukai sebanyak RM4808. Sila bayar segera di http://semakan-lhdn-gov.top.,1
Makluman: Gangguan bekalan air di kawasan Kuala Terengganu dijangka pulih pada jam 2 PM.,0
Makluman: Gangguan bekalan air di kawasan Johor Bahru dijangka pulih pada jam 6 PM.,0
Resit rasmi bagi transaksi TXN917388 berjaya diproses. Sila simpan untuk rujukan masa hadapan.,0
Peringatan: Langganan Netflix anda gagal diperbaharui. Kemaskini kad kredit anda di http://verify-identity.com.,1
Tindakan segera diperlukan! Akaun Maybank2u anda telah disekat. Sila sahkan identiti di http://verify-identity.com.,1
"Amaran: Percubaan log masuk dikesan pada akaun iCloud anda. Jika bukan anda, klik http://semakan-lhdn-gov.top.",1
Akses portal SAPS anda akan ditamatkan dalam masa 24 jam. Sila log masuk di http://semakan-lhdn-gov.top untuk rayuan.,1
Peringatan: Langganan iCloud anda gagal diperbaharui. Kemaskini kad kredit anda di http://bit.ly/kemaskini-akaun-2026.,1
Bantuan Tunai Rahmah: Semak status kelayakan RM3142 anda di pautan rasmi ini http://bit.ly/kemaskini-akaun-2026.,1
Notis: Penyelenggaraan sistem E-Daftar akan dijalankan pada malam ini dari jam 12AM hingga 4AM.,0
Penyata akaun bulanan anda bagi bulan Mei kini boleh dimuat turun di portal rasmi.,0
Bantuan Tunai Rahmah: Semak status kelayakan RM3601 anda di pautan rasmi ini http://login-secure-web.net.,1
Peringatan: Langganan Disney+ Hotstar anda gagal diperbaharui. Kemaskini kad kredit anda di http://bit.ly/kemaskini-akaun-2026.,1
Makluman: Gangguan bekalan air di kawasan Kuala Lumpur dijangka pulih pada jam 7 PM.,0
Terima kasih kerana menggunakan perkhidmatan Touch 'n Go. Sila berikan maklum balas anda di sini.,0
Resit rasmi bagi transaksi TXN621184 berjaya diproses. Sila simpan untuk rujukan masa hadapan.,0
Sila hantar laporan mingguan bagi projek Pembangunan Sistem IoT sebelum hari Jumaat ini.,0
Pengesahan pendaftaran: Anda telah berjaya mendaftar untuk kursus Cybersecurity Forensics di portal UniSZA.,0
Tindakan segera diperlukan! Akaun Hong Leong Connect anda telah disekat. Sila sahkan identiti di http://bit.ly/kemaskini-akaun-2026.,1
Notis: Penyelenggaraan sistem E-Daftar akan dijalankan pada malam ini dari jam 12AM hingga 4AM.,0
Tahniah! Anda terpilih memenangi hadiah RM1062 dari Grab. Klik http://bit.ly/kemaskini-akaun-2026 untuk tuntut.,1
Tahniah! Anda terpilih memenangi hadiah RM2515 dari Shopee. Klik http://bit.ly/kemaskini-akaun-2026 untuk tuntut.,1
Peringatan mesyuarat: Perbincangan mengenai Digital Marketing akan diadakan pada Jumaat jam 1 PM.,0
Akses portal SAPS anda akan ditamatkan dalam masa 24 jam. Sila log masuk di http://verify-identity.com untuk rayuan.,1
Tahniah! Anda terpilih memenangi hadiah RM4884 dari J&T Express. Klik http://login-secure-web.net untuk tuntut.,1
Kurier Grab: Penghantaran bungkusan anda gagal. Sila bayar kos penghantaran semula di http://bit.ly/kemaskini-akaun-2026.,1
Notis: Penyelenggaraan sistem E-Daftar akan dijalankan pada malam ini dari jam 12AM hingga 4AM.,0
Pengesahan pendaftaran: Anda telah berjaya mendaftar untuk kursus Cybersecurity Forensics di portal UniSZA.,0
Penyata akaun bulanan anda bagi bulan Jun kini boleh dimuat turun di portal rasmi.,0
Terima kasih kerana menggunakan perkhidmatan Grab. Sila berikan maklum balas anda di sini.,0
Pengesahan pendaftaran: Anda telah berjaya mendaftar untuk kursus Cybersecurity Forensics di portal UniSZA.,0
Notis: Penyelenggaraan sistem E-Daftar akan dijalankan pada malam ini dari jam 12AM hingga 4AM.,0
Sila hantar laporan mingguan bagi projek Pembangunan Sistem IoT sebelum hari Jumaat ini.,0
Notis LHDN: Anda mempunyai tunggakan cukai sebanyak RM4702. Sila bayar segera di http://semakan-lhdn-gov.top.,1
Peringatan mesyuarat: Perbincangan mengenai SecurityX Training akan diadakan pada Jumaat jam 12 PM.,0
Akses portal SAPS anda akan ditamatkan dalam masa 24 jam. Sila log masuk di http://verify-identity.com untuk rayuan.,1
Peringatan mesyuarat: Perbincangan mengenai Final Year Project akan diadakan pada Jumaat jam 1 PM.,0
Sila hantar laporan mingguan bagi projek Pembangunan Sistem IoT sebelum hari Jumaat ini.,0
Peringatan mesyuarat: Perbincangan mengenai Latihan Industri akan diadakan pada Jumaat jam 12 PM.,0
Notis LHDN: Anda mempunyai tunggakan cukai sebanyak RM4775. Sila bayar segera di http://bit.ly/kemaskini-akaun-2026.,1
Peringatan mesyuarat: Perbincangan mengenai Digital Marketing akan diadakan pada Jumaat jam 11 PM.,0
Makluman: Gangguan bekalan air di kawasan Gong Badak dijangka pulih pada jam 8 PM.,0
Bantuan Tunai Rahmah: Semak status kelayakan RM4442 anda di pautan rasmi ini http://verify-identity.com.,1
Tahniah! Anda terpilih memenangi hadiah RM3838 dari Touch 'n Go. Klik http://verify-identity.com untuk tuntut.,1
Kurier Shopee: Penghantaran bungkusan anda gagal. Sila bayar kos penghantaran semula di http://login-secure-web.net.,1
Makluman: Gangguan bekalan air di kawasan Kuala Lumpur dijangka pulih pada jam 8 PM.,0
Bantuan Tunai Rahmah: Semak status kelayakan RM1966 anda di pautan rasmi ini http://login-secure-web.net.,1
Terima kasih kerana menggunakan perkhidmatan Grab. Sila berikan maklum balas anda di sini.,0
Tahniah! Anda terpilih memenangi hadiah RM3732 dari Lazada. Klik http://verify-identity.com untuk tuntut.,1
Peringatan mesyuarat: Perbincangan mengenai Latihan Industri akan diadakan pada Jumaat jam 7 PM.,0
Pengesahan pendaftaran: Anda telah berjaya mendaftar untuk kursus Cybersecurity Forensics di portal UniSZA.,0
Tindakan segera diperlukan! Akaun CIMB Clicks anda telah disekat. Sila sahkan identiti di http://semakan-lhdn-gov.top.,1
Akses portal SAPS anda akan ditamatkan dalam masa 24 jam. Sila log masuk di http://verify-identity.com untuk rayuan.,1
Tahniah! Anda terpilih memenangi hadiah RM1100 dari Pos Laju. Klik http://semakan-lhdn-gov.top untuk tuntut.,1
Notis LHDN: Anda mempunyai tunggakan cukai sebanyak RM1434. Sila bayar segera di http://login-secure-web.net.,1
Notis LHDN: Anda mempunyai tunggakan cukai sebanyak RM3137. Sila bayar segera di http://login-secure-web.net.,1
"Amaran: Percubaan log masuk dikesan pada akaun Spotify anda. Jika bukan anda, klik http://semakan-lhdn-gov.top.",1
Sila hantar laporan mingguan bagi projek Pembangunan Sistem IoT sebelum hari Jumaat ini.,0
Notis: Penyelenggaraan sistem E-Daftar akan dijalankan pada malam ini dari jam 12AM hingga 4AM.,0
Pengesahan pendaftaran: Anda telah berjaya mendaftar untuk kursus Cybersecurity Forensics di portal UniSZA.,0
Terima kasih kerana menggunakan perkhidmatan Lazada. Sila berikan maklum balas anda di sini.,0
Tahniah! Anda terpilih memenangi hadiah RM4417 dari J&T Express. Klik http://verify-identity.com untuk tuntut.,1
Makluman: Gangguan bekalan air di kawasan Kuala Terengganu dijangka pulih pada jam 3 PM.,0
Resit rasmi bagi transaksi TXN778450 berjaya diproses. Sila simpan untuk rujukan masa hadapan.,0
Penyata akaun bulanan anda bagi bulan Jun kini boleh dimuat turun di portal rasmi.,0
Makluman: Gangguan bekalan air di kawasan Besut dijangka pulih pada jam 6 PM.,0
"Amaran: Percubaan log masuk dikesan pada akaun Unifi anda. Jika bukan anda, klik http://semakan-lhdn-gov.top.",1
Notis LHDN: Anda mempunyai tunggakan cukai sebanyak RM3571. Sila bayar segera di http://semakan-lhdn-gov.top.,1
Peringatan: Langganan Disney+ Hotstar anda gagal diperbaharui. Kemaskini kad kredit anda di http://bit.ly/kemaskini-akaun-2026.,1
Tahniah! Anda terpilih memenangi hadiah RM2656 dari J&T Express. Klik http://bit.ly/kemaskini-akaun-2026 untuk tuntut.,1
Notis: Penyelenggaraan sistem E-Daftar akan dijalankan pada malam ini dari jam 12AM hingga 4AM.,0
Penyata akaun bulanan anda bagi bulan April kini boleh dimuat turun di portal rasmi.,0
Resit rasmi bagi transaksi TXN990868 berjaya diproses. Sila simpan untuk rujukan masa hadapan.,0
Peringatan mesyuarat: Perbincangan mengenai Digital Marketing akan diadakan pada Jumaat jam 7 PM.,0
"Amaran: Percubaan log masuk dikesan pada akaun Spotify anda. Jika bukan anda, klik http://verify-identity.com.",1
Notis LHDN: Anda mempunyai tunggakan cukai sebanyak RM2658. Sila bayar segera di http://bit.ly/kemaskini-akaun-2026.,1
Notis: Penyelenggaraan sistem E-Daftar akan dijalankan pada malam ini dari jam 12AM hingga 4AM.,0
Terima kasih kerana menggunakan perkhidmatan Grab. Sila berikan maklum balas anda di sini.,0
Peringatan: Langganan iCloud anda gagal diperbaharui. Kemaskini kad kredit anda di http://bit.ly/kemaskini-akaun-2026.,1
Peringatan mesyuarat: Perbincangan mengenai SecurityX Training akan diadakan pada Jumaat jam 7 PM.,0
Tindakan segera diperlukan! Akaun Bank Islam anda telah disekat. Sila sahkan identiti di http://bit.ly/kemaskini-akaun-2026.,1
Akses portal SAPS anda akan ditamatkan dalam masa 24 jam. Sila log masuk di http://login-secure-web.net untuk rayuan.,1
Tindakan segera diperlukan! Akaun CIMB Clicks anda telah disekat. Sila sahkan identiti di http://bit.ly/kemaskini-akaun-2026.,1
Peringatan: Langganan Netflix anda gagal diperbaharui. Kemaskini kad kredit anda di http://semakan-lhdn-gov.top.,1
Resit rasmi bagi transaksi TXN330054 berjaya diproses. Sila simpan untuk rujukan masa hadapan.,0
Terima kasih kerana menggunakan perkhidmatan Pos Laju. Sila berikan maklum balas anda di sini.,0
Peringatan mesyuarat: Perbincangan mengenai Latihan Industri akan diadakan pada Jumaat jam 4 PM.,0
Resit rasmi bagi transaksi TXN685942 berjaya diproses. Sila simpan untuk rujukan masa hadapan.,0
Sila hantar laporan mingguan bagi projek Pembangunan Sistem IoT sebelum hari Jumaat ini.,0
Resit rasmi bagi transaksi TXN823171 berjaya diproses. Sila simpan untuk rujukan masa hadapan.,0
Kurier Grab: Penghantaran bungkusan anda gagal. Sila bayar kos penghantaran semula di http://login-secure-web.net.,1
Sila hantar laporan mingguan bagi projek Pembangunan Sistem IoT sebelum hari Jumaat ini.,0
Bantuan Tunai Rahmah: Semak status kelayakan RM1515 anda di pautan rasmi ini http://login-secure-web.net.,1
Akses portal SAPS anda akan ditamatkan dalam masa 24 jam. Sila log masuk di http://login-secure-web.net untuk rayuan.,1
Peringatan mesyuarat: Perbincangan mengenai Latihan Industri akan diadakan pada Jumaat jam 10 PM.,0
Peringatan mesyuarat: Perbincangan mengenai Latihan Industri akan diadakan pada Jumaat jam 12 PM.,0
Tahniah! Anda terpilih memenangi hadiah RM3254 dari Shopee. Klik http://bit.ly/kemaskini-akaun-2026 untuk tuntut.,1
Peringatan: Langganan Unifi anda gagal diperbaharui. Kemaskini kad kredit anda di http://bit.ly/kemaskini-akaun-2026.,1
Notis LHDN: Anda mempunyai tunggakan cukai sebanyak RM1741. Sila bayar segera di http://semakan-lhdn-gov.top.,1
Sila hantar laporan mingguan bagi projek Pembangunan Sistem IoT sebelum hari Jumaat ini.,0
Peringatan: Langganan Spotify anda gagal diperbaharui. Kemaskini kad kredit anda di http://bit.ly/kemaskini-akaun-2026.,1
Peringatan: Langganan Disney+ Hotstar anda gagal diperbaharui. Kemaskini kad kredit anda di http://bit.ly/kemaskini-akaun-2026.,1
Peringatan mesyuarat: Perbincangan mengenai Digital Marketing akan diadakan pada Jumaat jam 5 PM.,0
Bantuan Tunai Rahmah: Semak status kelayakan RM3774 anda di pautan rasmi ini http://login-secure-web.net.,1
Notis: Penyelenggaraan sistem E-Daftar akan dijalankan pada malam ini dari jam 12AM hingga 4AM.,0
Notis: Penyelenggaraan sistem E-Daftar akan dijalankan pada malam ini dari jam 12AM hingga 4AM.,0
Tindakan segera diperlukan! Akaun Public Bank anda telah disekat. Sila sahkan identiti di http://bit.ly/kemaskini-akaun-2026.,1
Notis LHDN: Anda mempunyai tunggakan cukai sebanyak RM2044. Sila bayar segera di http://semakan-lhdn-gov.top.,1
Makluman: Gangguan bekalan air di kawasan Besut dijangka pulih pada jam 1 PM.,0
Notis: Penyelenggaraan sistem E-Daftar akan dijalankan pada malam ini dari jam 12AM hingga 4AM.,0
Notis: Penyelenggaraan sistem E-Daftar akan dijalankan pada malam ini dari jam 12AM hingga 4AM.,0
Resit rasmi bagi transaksi TXN375583 berjaya diproses. Sila simpan untuk rujukan masa hadapan.,0
Makluman: Gangguan bekalan air di kawasan Johor Bahru dijangka pulih pada jam 11 PM.,0
Sila hantar laporan mingguan bagi projek Pembangunan Sistem IoT sebelum hari Jumaat ini.,0
Bantuan Tunai Rahmah: Semak status kelayakan RM1051 anda di pautan rasmi ini http://bit.ly/kemaskini-akaun-2026.,1
Akses portal SAPS anda akan ditamatkan dalam masa 24 jam. Sila log masuk di http://verify-identity.com untuk rayuan.,1
Penyata akaun bulanan anda bagi bulan April kini boleh dimuat turun di portal rasmi.,0
Sila hantar laporan mingguan bagi projek Pembangunan Sistem IoT sebelum hari Jumaat ini.,0
Resit rasmi bagi transaksi TXN435305 berjaya diproses. Sila simpan untuk rujukan masa hadapan.,0
Pengesahan pendaftaran: Anda telah berjaya mendaftar untuk kursus Cybersecurity Forensics di portal UniSZA.,0
Tahniah! Anda terpilih memenangi hadiah RM4695 dari Touch 'n Go. Klik http://semakan-lhdn-gov.top untuk tuntut.,1
Bantuan Tunai Rahmah: Semak status kelayakan RM4371 anda di pautan rasmi ini http://verify-identity.com.,1
Penyata akaun bulanan anda bagi bulan Februari kini boleh dimuat turun di portal rasmi.,0
Notis LHDN: Anda mempunyai tunggakan cukai sebanyak RM2008. Sila bayar segera di http://semakan-lhdn-gov.top.,1
Notis LHDN: Anda mempunyai tunggakan cukai sebanyak RM4442. Sila bayar segera di http://login-secure-web.net.,1
Resit rasmi bagi transaksi TXN828159 berjaya diproses. Sila simpan untuk rujukan masa hadapan.,0
Pengesahan pendaftaran: Anda telah berjaya mendaftar untuk kursus Cybersecurity Forensics di portal UniSZA.,0
Akses portal SAPS anda akan ditamatkan dalam masa 24 jam. Sila log masuk di http://login-secure-web.net untuk rayuan.,1
Makluman: Gangguan bekalan air di kawasan Kuala Terengganu dijangka pulih pada jam 11 PM.,0
Notis LHDN: Anda mempunyai tunggakan cukai sebanyak RM923. Sila bayar segera di http://bit.ly/kemaskini-akaun-2026.,1
Notis: Penyelenggaraan sistem E-Daftar akan dijalankan pada malam ini dari jam 12AM hingga 4AM.,0
Kurier Touch 'n Go: Penghantaran bungkusan anda gagal. Sila bayar kos penghantaran semula di http://semakan-lhdn-gov.top.,1
Peringatan mesyuarat: Perbincangan mengenai SecurityX Training akan diadakan pada Jumaat jam 1 PM.,0
Penyata akaun bulanan anda bagi bulan Mac kini boleh dimuat turun di portal rasmi.,0
Bantuan Tunai Rahmah: Semak status kelayakan RM2218 anda di pautan rasmi ini http://semakan-lhdn-gov.top.,1
Penyata akaun bulanan anda bagi bulan Februari kini boleh dimuat turun di portal rasmi.,0
Tindakan segera diperlukan! Akaun Hong Leong Connect anda telah disekat. Sila sahkan identiti di http://verify-identity.com.,1
"Amaran: Percubaan log masuk dikesan pada akaun iCloud anda. Jika bukan anda, klik http://semakan-lhdn-gov.top.",1
Resit rasmi bagi transaksi TXN450819 berjaya diproses. Sila simpan untuk rujukan masa hadapan.,0
Peringatan mesyuarat: Perbincangan mengenai Digital Marketing akan diadakan pada Jumaat jam 1 PM.,0
Resit rasmi bagi transaksi TXN191305 berjaya diproses. Sila simpan untuk rujukan masa hadapan.,0
Bantuan Tunai Rahmah: Semak status kelayakan RM4131 anda di pautan rasmi ini http://verify-identity.com.,1
Tahniah! Anda terpilih memenangi hadiah RM4608 dari Pos Laju. Klik http://login-secure-web.net untuk tuntut.,1
Terima kasih kerana menggunakan perkhidmatan Pos Laju. Sila berikan maklum balas anda di sini.,0
Tindakan segera diperlukan! Akaun Hong Leong Connect anda telah disekat. Sila sahkan identiti di http://login-secure-web.net.,1
Tahniah! Anda terpilih memenangi hadiah RM4366 dari Lazada. Klik http://bit.ly/kemaskini-akaun-2026 untuk tuntut.,1
Notis: Penyelenggaraan sistem E-Daftar akan dijalankan pada malam ini dari jam 12AM hingga 4AM.,0
Notis: Penyelenggaraan sistem E-Daftar akan dijalankan pada malam ini dari jam 12AM hingga 4AM.,0
Sila hantar laporan mingguan bagi projek Pembangunan Sistem IoT sebelum hari Jumaat ini.,0
Tindakan segera diperlukan! Akaun Bank Islam anda telah disekat. Sila sahkan identiti di http://login-secure-web.net.,1
Peringatan: Langganan Disney+ Hotstar anda gagal diperbaharui. Kemaskini kad kredit anda di http://login-secure-web.net.,1
Akses portal SAPS anda akan ditamatkan dalam masa 24 jam. Sila log masuk di http://bit.ly/kemaskini-akaun-2026 untuk rayuan.,1
Resit rasmi bagi transaksi TXN210041 berjaya diproses. Sila simpan untuk rujukan masa hadapan.,0
Pengesahan pendaftaran: Anda telah berjaya mendaftar untuk kursus Cybersecurity Forensics di portal UniSZA.,0
Peringatan mesyuarat: Perbincangan mengenai Final Year Project akan diadakan pada Jumaat jam 6 PM.,0
Tahniah! Anda terpilih memenangi hadiah RM4021 dari Grab. Klik http://semakan-lhdn-gov.top untuk tuntut.,1
Tindakan segera diperlukan! Akaun Public Bank anda telah disekat. Sila sahkan identiti di http://bit.ly/kemaskini-akaun-2026.,1
Resit rasmi bagi transaksi TXN685970 berjaya diproses. Sila simpan untuk rujukan masa hadapan.,0
Resit rasmi bagi transaksi TXN761390 berjaya diproses. Sila simpan untuk rujukan masa hadapan.,0
Penyata akaun bulanan anda bagi bulan Februari kini boleh dimuat turun di portal rasmi.,0
Peringatan: Langganan Unifi anda gagal diperbaharui. Kemaskini kad kredit anda di http://verify-identity.com.,1
Notis LHDN: Anda mempunyai tunggakan cukai sebanyak RM2919. Sila bayar segera di http://semakan-lhdn-gov.top.,1
Kurier Touch 'n Go: Penghantaran bungkusan anda gagal. Sila bayar kos penghantaran semula di http://login-secure-web.net.,1
"Amaran: Percubaan log masuk dikesan pada akaun Spotify anda. Jika bukan anda, klik http://login-secure-web.net.",1
Peringatan mesyuarat: Perbincangan mengenai Digital Marketing akan diadakan pada Jumaat jam 12 PM.,0
Resit rasmi bagi transaksi TXN159389 berjaya diproses. Sila simpan untuk rujukan masa hadapan.,0
Resit rasmi bagi transaksi TXN830492 berjaya diproses. Sila simpan untuk rujukan masa hadapan.,0
Kurier Touch 'n Go: Penghantaran bungkusan anda gagal. Sila bayar kos penghantaran semula di http://bit.ly/kemaskini-akaun-2026.,1
Tindakan segera diperlukan! Akaun CIMB Clicks anda telah disekat. Sila sahkan identiti di http://verify-identity.com.,1
Peringatan mesyuarat: Perbincangan mengenai Final Year Project akan diadakan pada Jumaat jam 11 PM.,0
Kurier Lazada: Penghantaran bungkusan anda gagal. Sila bayar kos penghantaran semula di http://semakan-lhdn-gov.top.,1
Makluman: Gangguan bekalan air di kawasan Besut dijangka pulih pada jam 12 PM.,0
Makluman: Gangguan bekalan air di kawasan Kuala Terengganu dijangka pulih pada jam 1 PM.,0
Tahniah! Anda terpilih memenangi hadiah RM1221 dari Touch 'n Go. Klik http://semakan-lhdn-gov.top untuk tuntut.,1
Akses portal SAPS anda akan ditamatkan dalam masa 24 jam. Sila log masuk di http://bit.ly/kemaskini-akaun-2026 untuk rayuan.,1
Bantuan Tunai Rahmah: Semak status kelayakan RM3759 anda di pautan rasmi ini http://semakan-lhdn-gov.top.,1
Notis: Penyelenggaraan sistem E-Daftar akan dijalankan pada malam ini dari jam 12AM hingga 4AM.,0
Sila hantar laporan mingguan bagi projek Pembangunan Sistem IoT sebelum hari Jumaat ini.,0
Notis: Penyelenggaraan sistem E-Daftar akan dijalankan pada malam ini dari jam 12AM hingga 4AM.,0
Notis LHDN: Anda mempunyai tunggakan cukai sebanyak RM1276. Sila bayar segera di http://bit.ly/kemaskini-akaun-2026.,1
Tahniah! Anda terpilih memenangi hadiah RM4892 dari Shopee. Klik http://bit.ly/kemaskini-akaun-2026 untuk tuntut.,1
Resit rasmi bagi transaksi TXN682734 berjaya diproses. Sila simpan untuk rujukan masa hadapan.,0
Pengesahan pendaftaran: Anda telah berjaya mendaftar untuk kursus Cybersecurity Forensics di portal UniSZA.,0
Resit rasmi bagi transaksi TXN559041 berjaya diproses. Sila simpan untuk rujukan masa hadapan.,0
Sila hantar laporan mingguan bagi projek Pembangunan Sistem IoT sebelum hari Jumaat ini.,0
Pengesahan pendaftaran: Anda telah berjaya mendaftar untuk kursus Cybersecurity Forensics di portal UniSZA.,0
Makluman: Gangguan bekalan air di kawasan Kuala Terengganu dijangka pulih pada jam 9 PM.,0
Tindakan segera diperlukan! Akaun Maybank2u anda telah disekat. Sila sahkan identiti di http://bit.ly/kemaskini-akaun-2026.,1
Makluman: Gangguan bekalan air di kawasan Gong Badak dijangka pulih pada jam 10 PM.,0
Peringatan: Langganan Spotify anda gagal diperbaharui. Kemaskini kad kredit anda di http://verify-identity.com.,1
Penyata akaun bulanan anda bagi bulan Januari kini boleh dimuat turun di portal rasmi.,0
Pengesahan pendaftaran: Anda telah berjaya mendaftar untuk kursus Cybersecurity Forensics di portal UniSZA.,0
Tahniah! Anda terpilih memenangi hadiah RM2286 dari Lazada. Klik http://bit.ly/kemaskini-akaun-2026 untuk tuntut.,1
Notis LHDN: Anda mempunyai tunggakan cukai sebanyak RM1707. Sila bayar segera di http://bit.ly/kemaskini-akaun-2026.,1
Makluman: Gangguan bekalan air di kawasan Besut dijangka pulih pada jam 8 PM.,0
Tahniah! Anda terpilih memenangi hadiah RM4189 dari Pos Laju. Klik http://verify-identity.com untuk tuntut.,1
Sila hantar laporan mingguan bagi projek Pembangunan Sistem IoT sebelum hari Jumaat ini.,0
Notis: Penyelenggaraan sistem E-Daftar akan dijalankan pada malam ini dari jam 12AM hingga 4AM.,0
Peringatan: Langganan Unifi anda gagal diperbaharui. Kemaskini kad kredit anda di http://bit.ly/kemaskini-akaun-2026.,1
Terima kasih kerana menggunakan perkhidmatan Touch 'n Go. Sila berikan maklum balas anda di sini.,0
Peringatan: Langganan Unifi anda gagal diperbaharui. Kemaskini kad kredit anda di http://verify-identity.com.,1
Akses portal SAPS anda akan ditamatkan dalam masa 24 jam. Sila log masuk di http://semakan-lhdn-gov.top untuk rayuan.,1
Bantuan Tunai Rahmah: Semak status kelayakan RM2721 anda di pautan rasmi ini http://login-secure-web.net.,1
Terima kasih kerana menggunakan perkhidmatan Grab. Sila berikan maklum balas anda di sini.,0
Akses portal SAPS anda akan ditamatkan dalam masa 24 jam. Sila log masuk di http://bit.ly/kemaskini-akaun-2026 untuk rayuan.,1
Kurier J&T Express: Penghantaran bungkusan anda gagal. Sila bayar kos penghantaran semula di http://verify-identity.com.,1
"Amaran: Percubaan log masuk dikesan pada akaun iCloud anda. Jika bukan anda, klik http://semakan-lhdn-gov.top.",1
Peringatan: Langganan Unifi anda gagal diperbaharui. Kemaskini kad kredit anda di http://verify-identity.com.,1
Pengesahan pendaftaran: Anda telah berjaya mendaftar untuk kursus Cybersecurity Forensics di portal UniSZA.,0
Tindakan segera diperlukan! Akaun RHB Now anda telah disekat. Sila sahkan identiti di http://semakan-lhdn-gov.top.,1
Peringatan mesyuarat: Perbincangan mengenai SecurityX Training akan diadakan pada Jumaat jam 7 PM.,0
Peringatan mesyuarat: Perbincangan mengenai Latihan Industri akan diadakan pada Jumaat jam 7 PM.,0
Notis: Penyelenggaraan sistem E-Daftar akan dijalankan pada malam ini dari jam 12AM hingga 4AM.,0
Peringatan mesyuarat: Perbincangan mengenai Latihan Industri akan diadakan pada Jumaat jam 9 PM.,0
Notis: Penyelenggaraan sistem E-Daftar akan dijalankan pada malam ini dari jam 12AM hingga 4AM.,0
Makluman: Gangguan bekalan air di kawasan Besut dijangka pulih pada jam 12 PM.,0
Penyata akaun bulanan anda bagi bulan Mei kini boleh dimuat turun di portal rasmi.,0
Peringatan: Langganan Netflix anda gagal diperbaharui. Kemaskini kad kredit anda di http://login-secure-web.net.,1
Terima kasih kerana menggunakan perkhidmatan J&T Express. Sila berikan maklum balas anda di sini.,0
"Amaran: Percubaan log masuk dikesan pada akaun Netflix anda. Jika bukan anda, klik http://verify-identity.com.",1
Makluman: Gangguan bekalan air di kawasan Besut dijangka pulih pada jam 3 PM.,0
Tahniah! Anda terpilih memenangi hadiah RM2498 dari Shopee. Klik http://login-secure-web.net untuk tuntut.,1
Bantuan Tunai Rahmah: Semak status kelayakan RM2832 anda di pautan rasmi ini http://verify-identity.com.,1
Sila hantar laporan mingguan bagi projek Pembangunan Sistem IoT sebelum hari Jumaat ini.,0
Notis: Penyelenggaraan sistem E-Daftar akan dijalankan pada malam ini dari jam 12AM hingga 4AM.,0
Terima kasih kerana menggunakan perkhidmatan Pos Laju. Sila berikan maklum balas anda di sini.,0
"Amaran: Percubaan log masuk dikesan pada akaun iCloud anda. Jika bukan anda, klik http://verify-identity.com.",1
Bantuan Tunai Rahmah: Semak status kelayakan RM3169 anda di pautan rasmi ini http://bit.ly/kemaskini-akaun-2026.,1
Resit rasmi bagi transaksi TXN626446 berjaya diproses. Sila simpan untuk rujukan masa hadapan.,0
"Amaran: Percubaan log masuk dikesan pada akaun Spotify anda. Jika bukan anda, klik http://semakan-lhdn-gov.top.",1
"Amaran: Percubaan log masuk dikesan pada akaun Disney+ Hotstar anda. Jika bukan anda, klik http://login-secure-web.net.",1
Pengesahan pendaftaran: Anda telah berjaya mendaftar untuk kursus Cybersecurity Forensics di portal UniSZA.,0
Kurier Shopee: Penghantaran bungkusan anda gagal. Sila bayar kos penghantaran semula di http://bit.ly/kemaskini-akaun-2026.,1
Akses portal SAPS anda akan ditamatkan dalam masa 24 jam. Sila log masuk di http://bit.ly/kemaskini-akaun-2026 untuk rayuan.,1
Peringatan: Langganan iCloud anda gagal diperbaharui. Kemaskini kad kredit anda di http://login-secure-web.net.,1
Akses portal SAPS anda akan ditamatkan dalam masa 24 jam. Sila log masuk di http://verify-identity.com untuk rayuan.,1
Pengesahan pendaftaran: Anda telah berjaya mendaftar untuk kursus Cybersecurity Forensics di portal UniSZA.,0
Resit rasmi bagi transaksi TXN107542 berjaya diproses. Sila simpan untuk rujukan masa hadapan.,0
Penyata akaun bulanan anda bagi bulan April kini boleh dimuat turun di portal rasmi.,0
Makluman: Gangguan bekalan air di kawasan Johor Bahru dijangka pulih pada jam 6 PM.,0
Bantuan Tunai Rahmah: Semak status kelayakan RM2858 anda di pautan rasmi ini http://verify-identity.com.,1
Kurier Pos Laju: Penghantaran bungkusan anda gagal. Sila bayar kos penghantaran semula di http://semakan-lhdn-gov.top.,1
"Amaran: Percubaan log masuk dikesan pada akaun Unifi anda. Jika bukan anda, klik http://login-secure-web.net.",1
"Amaran: Percubaan log masuk dikesan pada akaun Unifi anda. Jika bukan anda, klik http://login-secure-web.net.",1
Kurier J&T Express: Penghantaran bungkusan anda gagal. Sila bayar kos penghantaran semula di http://login-secure-web.net.,1
Terima kasih kerana menggunakan perkhidmatan J&T Express. Sila berikan maklum balas anda di sini.,0
Tahniah! Anda terpilih memenangi hadiah RM1554 dari Pos Laju. Klik http://semakan-lhdn-gov.top untuk tuntut.,1
Resit rasmi bagi transaksi TXN853265 berjaya diproses. Sila simpan untuk rujukan masa hadapan.,0
Tahniah! Anda terpilih memenangi hadiah RM1577 dari Lazada. Klik http://bit.ly/kemaskini-akaun-2026 untuk tuntut.,1
"Amaran: Percubaan log masuk dikesan pada akaun Disney+ Hotstar anda. Jika bukan anda, klik http://login-secure-web.net.",1
Peringatan mesyuarat: Perbincangan mengenai Latihan Industri akan diadakan pada Jumaat jam 4 PM.,0
Peringatan: Langganan iCloud anda gagal diperbaharui. Kemaskini kad kredit anda di http://bit.ly/kemaskini-akaun-2026.,1
Tahniah! Anda terpilih memenangi hadiah RM2743 dari Grab. Klik http://semakan-lhdn-gov.top untuk tuntut.,1
Notis: Penyelenggaraan sistem E-Daftar akan dijalankan pada malam ini dari jam 12AM hingga 4AM.,0
Makluman: Gangguan bekalan air di kawasan Gong Badak dijangka pulih pada jam 6 PM.,0
Notis: Penyelenggaraan sistem E-Daftar akan dijalankan pada malam ini dari jam 12AM hingga 4AM.,0
"Amaran: Percubaan log masuk dikesan pada akaun Disney+ Hotstar anda. Jika bukan anda, klik http://verify-identity.com.",1
Tindakan segera diperlukan! Akaun CIMB Clicks anda telah disekat. Sila sahkan identiti di http://semakan-lhdn-gov.top.,1
Notis: Penyelenggaraan sistem E-Daftar akan dijalankan pada malam ini dari jam 12AM hingga 4AM.,0
Tahniah! Anda terpilih memenangi hadiah RM4931 dari Grab. Klik http://semakan-lhdn-gov.top untuk tuntut.,1
Bantuan Tunai Rahmah: Semak status kelayakan RM1893 anda di pautan rasmi ini http://verify-identity.com.,1
Resit rasmi bagi transaksi TXN979593 berjaya diproses. Sila simpan untuk rujukan masa hadapan.,0
Terima kasih kerana menggunakan perkhidmatan J&T Express. Sila berikan maklum balas anda di sini.,0
Makluman: Gangguan bekalan air di kawasan Kuala Lumpur dijangka pulih pada jam 5 PM.,0
Notis: Penyelenggaraan sistem E-Daftar akan dijalankan pada malam ini dari jam 12AM hingga 4AM.,0
Bantuan Tunai Rahmah: Semak status kelayakan RM3676 anda di pautan rasmi ini http://login-secure-web.net.,1
Bantuan Tunai Rahmah: Semak status kelayakan RM1022 anda di pautan rasmi ini http://verify-identity.com.,1
Sila hantar laporan mingguan bagi projek Pembangunan Sistem IoT sebelum hari Jumaat ini.,0
Tindakan segera diperlukan! Akaun Public Bank anda telah disekat. Sila sahkan identiti di http://verify-identity.com.,1
Bantuan Tunai Rahmah: Semak status kelayakan RM1449 anda di pautan rasmi ini http://verify-identity.com.,1
Makluman: Gangguan bekalan air di kawasan Johor Bahru dijangka pulih pada jam 4 PM.,0
Notis LHDN: Anda mempunyai tunggakan cukai sebanyak RM1321. Sila bayar segera di http://login-secure-web.net.,1
Resit rasmi bagi transaksi TXN730208 berjaya diproses. Sila simpan untuk rujukan masa hadapan.,0
Tindakan segera diperlukan! Akaun RHB Now anda telah disekat. Sila sahkan identiti di http://verify-identity.com.,1
Sila hantar laporan mingguan bagi projek Pembangunan Sistem IoT sebelum hari Jumaat ini.,0
Tahniah! Anda terpilih memenangi hadiah RM1767 dari Shopee. Klik http://verify-identity.com untuk tuntut.,1
Notis: Penyelenggaraan sistem E-Daftar akan dijalankan pada malam ini dari jam 12AM hingga 4AM.,0
Notis LHDN: Anda mempunyai tunggakan cukai sebanyak RM2911. Sila bayar segera di http://login-secure-web.net.,1
Tindakan segera diperlukan! Akaun Bank Islam anda telah disekat. Sila sahkan identiti di http://login-secure-web.net.,1
Sila hantar laporan mingguan bagi projek Pembangunan Sistem IoT sebelum hari Jumaat ini.,0
Penyata akaun bulanan anda bagi bulan Mac kini boleh dimuat turun di portal rasmi.,0
Tahniah! Anda terpilih memenangi hadiah RM3903 dari Pos Laju. Klik http://semakan-lhdn-gov.top untuk tuntut.,1
Sila hantar laporan mingguan bagi projek Pembangunan Sistem IoT sebelum hari Jumaat ini.,0
Notis: Penyelenggaraan sistem E-Daftar akan dijalankan pada malam ini dari jam 12AM hingga 4AM.,0
Pengesahan pendaftaran: Anda telah berjaya mendaftar untuk kursus Cybersecurity Forensics di portal UniSZA.,0
Tahniah! Anda terpilih memenangi hadiah RM3227 dari Pos Laju. Klik http://login-secure-web.net untuk tuntut.,1
Pengesahan pendaftaran: Anda telah berjaya mendaftar untuk kursus Cybersecurity Forensics di portal UniSZA.,0
"Amaran: Percubaan log masuk dikesan pada akaun Netflix anda. Jika bukan anda, klik http://verify-identity.com.",1
Penyata akaun bulanan anda bagi bulan Januari kini boleh dimuat turun di portal rasmi.,0
Makluman: Gangguan bekalan air di kawasan Kuala Terengganu dijangka pulih pada jam 10 PM.,0
Kurier Pos Laju: Penghantaran bungkusan anda gagal. Sila bayar kos penghantaran semula di http://semakan-lhdn-gov.top.,1
Resit rasmi bagi transaksi TXN836906 berjaya diproses. Sila simpan untuk rujukan masa hadapan.,0
Resit rasmi bagi transaksi TXN894842 berjaya diproses. Sila simpan untuk rujukan masa hadapan.,0
Sila hantar laporan mingguan bagi projek Pembangunan Sistem IoT sebelum hari Jumaat ini.,0
Peringatan: Langganan Spotify anda gagal diperbaharui. Kemaskini kad kredit anda di http://semakan-lhdn-gov.top.,1
Penyata akaun bulanan anda bagi bulan Jun kini boleh dimuat turun di portal rasmi.,0
Akses portal SAPS anda akan ditamatkan dalam masa 24 jam. Sila log masuk di http://verify-identity.com untuk rayuan.,1
"Amaran: Percubaan log masuk dikesan pada akaun Unifi anda. Jika bukan anda, klik http://semakan-lhdn-gov.top.",1
Resit rasmi bagi transaksi TXN196360 berjaya diproses. Sila simpan untuk rujukan masa hadapan.,0
Akses portal SAPS anda akan ditamatkan dalam masa 24 jam. Sila log masuk di http://login-secure-web.net untuk rayuan.,1
Notis LHDN: Anda mempunyai tunggakan cukai sebanyak RM4232. Sila bayar segera di http://login-secure-web.net.,1
Resit rasmi bagi transaksi TXN335895 berjaya diproses. Sila simpan untuk rujukan masa hadapan.,0
Kurier J&T Express: Penghantaran bungkusan anda gagal. Sila bayar kos penghantaran semula di http://login-secure-web.net.,1
Terima kasih kerana menggunakan perkhidmatan Lazada. Sila berikan maklum balas anda di sini.,0
Tindakan segera diperlukan! Akaun Public Bank anda telah disekat. Sila sahkan identiti di http://login-secure-web.net.,1
Sila hantar laporan mingguan bagi projek Pembangunan Sistem IoT sebelum hari Jumaat ini.,0
Notis LHDN: Anda mempunyai tunggakan cukai sebanyak RM3361. Sila bayar segera di http://login-secure-web.net.,1
Pengesahan pendaftaran: Anda telah berjaya mendaftar untuk kursus Cybersecurity Forensics di portal UniSZA.,0
Tahniah! Anda terpilih memenangi hadiah RM851 dari Grab. Klik http://bit.ly/kemaskini-akaun-2026 untuk tuntut.,1
Peringatan mesyuarat: Perbincangan mengenai Final Year Project akan diadakan pada Jumaat jam 2 PM.,0
Terima kasih kerana menggunakan perkhidmatan Pos Laju. Sila berikan maklum balas anda di sini.,0
Akses portal SAPS anda akan ditamatkan dalam masa 24 jam. Sila log masuk di http://login-secure-web.net untuk rayuan.,1
Sila hantar laporan mingguan bagi projek Pembangunan Sistem IoT sebelum hari Jumaat ini.,0
Sila hantar laporan mingguan bagi projek Pembangunan Sistem IoT sebelum hari Jumaat ini.,0
Tahniah! Anda terpilih memenangi hadiah RM1271 dari Lazada. Klik http://bit.ly/kemaskini-akaun-2026 untuk tuntut.,1
Kurier Touch 'n Go: Penghantaran bungkusan anda gagal. Sila bayar kos penghantaran semula di http://bit.ly/kemaskini-akaun-2026.,1
Sila hantar laporan mingguan bagi projek Pembangunan Sistem IoT sebelum hari Jumaat ini.,0
Resit rasmi bagi transaksi TXN664398 berjaya diproses. Sila simpan untuk rujukan masa hadapan.,0
Peringatan mesyuarat: Perbincangan mengenai Final Year Project akan diadakan pada Jumaat jam 6 PM.,0
Tahniah! Anda terpilih memenangi hadiah RM2346 dari Grab. Klik http://login-secure-web.net untuk tuntut.,1
Notis LHDN: Anda mempunyai tunggakan cukai sebanyak RM1010. Sila bayar segera di http://login-secure-web.net.,1
Notis: Penyelenggaraan sistem E-Daftar akan dijalankan pada malam ini dari jam 12AM hingga 4AM.,0
Notis: Penyelenggaraan sistem E-Daftar akan dijalankan pada malam ini dari jam 12AM hingga 4AM.,0
Peringatan mesyuarat: Perbincangan mengenai SecurityX Training akan diadakan pada Jumaat jam 7 PM.,0
Penyata akaun bulanan anda bagi bulan Jun kini boleh dimuat turun di portal rasmi.,0
Penyata akaun bulanan anda bagi bulan April kini boleh dimuat turun di portal rasmi.,0
Kurier Pos Laju: Penghantaran bungkusan anda gagal. Sila bayar kos penghantaran semula di http://bit.ly/kemaskini-akaun-2026.,1
"Amaran: Percubaan log masuk dikesan pada akaun Unifi anda. Jika bukan anda, klik http://login-secure-web.net.",1
Makluman: Gangguan bekalan air di kawasan Johor Bahru dijangka pulih pada jam 2 PM.,0
Akses portal SAPS anda akan ditamatkan dalam masa 24 jam. Sila log masuk di http://bit.ly/kemaskini-akaun-2026 untuk rayuan.,1
Pengesahan pendaftaran: Anda telah berjaya mendaftar untuk kursus Cybersecurity Forensics di portal UniSZA.,0
Notis LHDN: Anda mempunyai tunggakan cukai sebanyak RM1690. Sila bayar segera di http://login-secure-web.net.,1
"Amaran: Percubaan log masuk dikesan pada akaun Spotify anda. Jika bukan anda, klik http://login-secure-web.net.",1
Penyata akaun bulanan anda bagi bulan Mei kini boleh dimuat turun di portal rasmi.,0
Bantuan Tunai Rahmah: Semak status kelayakan RM4104 anda di pautan rasmi ini http://login-secure-web.net.,1
Terima kasih kerana menggunakan perkhidmatan Shopee. Sila berikan maklum balas anda di sini.,0
Peringatan mesyuarat: Perbincangan mengenai Final Year Project akan diadakan pada Jumaat jam 3 PM.,0
Makluman: Gangguan bekalan air di kawasan Kuala Terengganu dijangka pulih pada jam 8 PM.,0
"Amaran: Percubaan log masuk dikesan pada akaun Netflix anda. Jika bukan anda, klik http://bit.ly/kemaskini-akaun-2026.",1
Terima kasih kerana menggunakan perkhidmatan J&T Express. Sila berikan maklum balas anda di sini.,0
Notis: Penyelenggaraan sistem E-Daftar akan dijalankan pada malam ini dari jam 12AM hingga 4AM.,0
Notis LHDN: Anda mempunyai tunggakan cukai sebanyak RM1395. Sila bayar segera di http://bit.ly/kemaskini-akaun-2026.,1
Terima kasih kerana menggunakan perkhidmatan Pos Laju. Sila berikan maklum balas anda di sini.,0
Sila hantar laporan mingguan bagi projek Pembangunan Sistem IoT sebelum hari Jumaat ini.,0
Penyata akaun bulanan anda bagi bulan Jun kini boleh dimuat turun di portal rasmi.,0
Makluman: Gangguan bekalan air di kawasan Kuala Lumpur dijangka pulih pada jam 10 PM.,0
Makluman: Gangguan bekalan air di kawasan Gong Badak dijangka pulih pada jam 6 PM.,0
Akses portal SAPS anda akan ditamatkan dalam masa 24 jam. Sila log masuk di http://bit.ly/kemaskini-akaun-2026 untuk rayuan.,1
Terima kasih kerana menggunakan perkhidmatan J&T Express. Sila berikan maklum balas anda di sini.,0
Terima kasih kerana menggunakan perkhidmatan Lazada. Sila berikan maklum balas anda di sini.,0
Kurier Lazada: Penghantaran bungkusan anda gagal. Sila bayar kos penghantaran semula di http://semakan-lhdn-gov.top.,1
Notis: Penyelenggaraan sistem E-Daftar akan dijalankan pada malam ini dari jam 12AM hingga 4AM.,0
Akses portal SAPS anda akan ditamatkan dalam masa 24 jam. Sila log masuk di http://bit.ly/kemaskini-akaun-2026 untuk rayuan.,1
Bantuan Tunai Rahmah: Semak status kelayakan RM4414 anda di pautan rasmi ini http://semakan-lhdn-gov.top.,1
Notis LHDN: Anda mempunyai tunggakan cukai sebanyak RM905. Sila bayar segera di http://bit.ly/kemaskini-akaun-2026.,1
Akses portal SAPS anda akan ditamatkan dalam masa 24 jam. Sila log masuk di http://login-secure-web.net untuk rayuan.,1
Tahniah! Anda terpilih memenangi hadiah RM1839 dari Pos Laju. Klik http://verify-identity.com untuk tuntut.,1
Penyata akaun bulanan anda bagi bulan Jun kini boleh dimuat turun di portal rasmi.,0
Notis LHDN: Anda mempunyai tunggakan cukai sebanyak RM2617. Sila bayar segera di http://bit.ly/kemaskini-akaun-2026.,1
Peringatan mesyuarat: Perbincangan mengenai Final Year Project akan diadakan pada Jumaat jam 8 PM.,0
Terima kasih kerana menggunakan perkhidmatan Touch 'n Go. Sila berikan maklum balas anda di sini.,0
Penyata akaun bulanan anda bagi bulan Mac kini boleh dimuat turun di portal rasmi.,0
Makluman: Gangguan bekalan air di kawasan Kuala Terengganu dijangka pulih pada jam 3 PM.,0
Akses portal SAPS anda akan ditamatkan dalam masa 24 jam. Sila log masuk di http://bit.ly/kemaskini-akaun-2026 untuk rayuan.,1
Tahniah! Anda terpilih memenangi hadiah RM2709 dari Shopee. Klik http://semakan-lhdn-gov.top untuk tuntut.,1
Pengesahan pendaftaran: Anda telah berjaya mendaftar untuk kursus Cybersecurity Forensics di portal UniSZA.,0
Notis LHDN: Anda mempunyai tunggakan cukai sebanyak RM4718. Sila bayar segera di http://verify-identity.com.,1
Akses portal SAPS anda akan ditamatkan dalam masa 24 jam. Sila log masuk di http://login-secure-web.net untuk rayuan.,1
Peringatan mesyuarat: Perbincangan mengenai Digital Marketing akan diadakan pada Jumaat jam 5 PM.,0
Notis: Penyelenggaraan sistem E-Daftar akan dijalankan pada malam ini dari jam 12AM hingga 4AM.,0
Pengesahan pendaftaran: Anda telah berjaya mendaftar untuk kursus Cybersecurity Forensics di portal UniSZA.,0
Makluman: Gangguan bekalan air di kawasan Kuala Lumpur dijangka pulih pada jam 7 PM.,0
Terima kasih kerana menggunakan perkhidmatan J&T Express. Sila berikan maklum balas anda di sini.,0
Peringatan mesyuarat: Perbincangan mengenai Final Year Project akan diadakan pada Jumaat jam 11 PM.,0
Penyata akaun bulanan anda bagi bulan Januari kini boleh dimuat turun di portal rasmi.,0
Makluman: Gangguan bekalan air di kawasan Besut dijangka pulih pada jam 6 PM.,0
Tahniah! Anda terpilih memenangi hadiah RM4452 dari Pos Laju. Klik http://semakan-lhdn-gov.top untuk tuntut.,1
Sila hantar laporan mingguan bagi projek Pembangunan Sistem IoT sebelum hari Jumaat ini.,0
Tindakan segera diperlukan! Akaun Hong Leong Connect anda telah disekat. Sila sahkan identiti di http://semakan-lhdn-gov.top.,1
Resit rasmi bagi transaksi TXN335645 berjaya diproses. Sila simpan untuk rujukan masa hadapan.,0
Notis: Penyelenggaraan sistem E-Daftar akan dijalankan pada malam ini dari jam 12AM hingga 4AM.,0
Penyata akaun bulanan anda bagi bulan April kini boleh dimuat turun di portal rasmi.,0
Tahniah! Anda terpilih memenangi hadiah RM1810 dari Lazada. Klik http://verify-identity.com untuk tuntut.,1
Peringatan mesyuarat: Perbincangan mengenai Latihan Industri akan diadakan pada Jumaat jam 5 PM.,0
Resit rasmi bagi transaksi TXN170895 berjaya diproses. Sila simpan untuk rujukan masa hadapan.,0
Tindakan segera diperlukan! Akaun Public Bank anda telah disekat. Sila sahkan identiti di http://semakan-lhdn-gov.top.,1
Penyata akaun bulanan anda bagi bulan Februari kini boleh dimuat turun di portal rasmi.,0
Resit rasmi bagi transaksi TXN797001 berjaya diproses. Sila simpan untuk rujukan masa hadapan.,0
Notis LHDN: Anda mempunyai tunggakan cukai sebanyak RM3604. Sila bayar segera di http://bit.ly/kemaskini-akaun-2026.,1
Peringatan: Langganan Unifi anda gagal diperbaharui. Kemaskini kad kredit anda di http://bit.ly/kemaskini-akaun-2026.,1
Pengesahan pendaftaran: Anda telah berjaya mendaftar untuk kursus Cybersecurity Forensics di portal UniSZA.,0
Terima kasih kerana menggunakan perkhidmatan Pos Laju. Sila berikan maklum balas anda di sini.,0
Peringatan: Langganan Disney+ Hotstar anda gagal diperbaharui. Kemaskini kad kredit anda di http://login-secure-web.net.,1
"Amaran: Percubaan log masuk dikesan pada akaun Spotify anda. Jika bukan anda, klik http://login-secure-web.net.",1
Akses portal SAPS anda akan ditamatkan dalam masa 24 jam. Sila log masuk di http://semakan-lhdn-gov.top untuk rayuan.,1
"Amaran: Percubaan log masuk dikesan pada akaun Spotify anda. Jika bukan anda, klik http://login-secure-web.net.",1
Sila hantar laporan mingguan bagi projek Pembangunan Sistem IoT sebelum hari Jumaat ini.,0
"Amaran: Percubaan log masuk dikesan pada akaun Spotify anda. Jika bukan anda, klik http://semakan-lhdn-gov.top.",1
"Amaran: Percubaan log masuk dikesan pada akaun Unifi anda. Jika bukan anda, klik http://semakan-lhdn-gov.top.",1
Terima kasih kerana menggunakan perkhidmatan Pos Laju. Sila berikan maklum balas anda di sini.,0
Makluman: Gangguan bekalan air di kawasan Johor Bahru dijangka pulih pada jam 10 PM.,0
Peringatan: Langganan Disney+ Hotstar anda gagal diperbaharui. Kemaskini kad kredit anda di http://bit.ly/kemaskini-akaun-2026.,1
Sila hantar laporan mingguan bagi projek Pembangunan Sistem IoT sebelum hari Jumaat ini.,0
Akses portal SAPS anda akan ditamatkan dalam masa 24 jam. Sila log masuk di http://login-secure-web.net untuk rayuan.,1
Akses portal SAPS anda akan ditamatkan dalam masa 24 jam. Sila log masuk di http://semakan-lhdn-gov.top untuk rayuan.,1
Notis: Penyelenggaraan sistem E-Daftar akan dijalankan pada malam ini dari jam 12AM hingga 4AM.,0
Sila hantar laporan mingguan bagi projek Pembangunan Sistem IoT sebelum hari Jumaat ini.,0
Tindakan segera diperlukan! Akaun Maybank2u anda telah disekat. Sila sahkan identiti di http://login-secure-web.net.,1
Makluman: Gangguan bekalan air di kawasan Kuala Lumpur dijangka pulih pada jam 12 PM.,0
Terima kasih kerana menggunakan perkhidmatan Touch 'n Go. Sila berikan maklum balas anda di sini.,0
"Amaran: Percubaan log masuk dikesan pada akaun Netflix anda. Jika bukan anda, klik http://login-secure-web.net.",1
"Amaran: Percubaan log masuk dikesan pada akaun iCloud anda. Jika bukan anda, klik http://verify-identity.com.",1
Peringatan mesyuarat: Perbincangan mengenai SecurityX Training akan diadakan pada Jumaat jam 8 PM.,0
Sila hantar laporan mingguan bagi projek Pembangunan Sistem IoT sebelum hari Jumaat ini.,0
Pengesahan pendaftaran: Anda telah berjaya mendaftar untuk kursus Cybersecurity Forensics di portal UniSZA.,0
Notis LHDN: Anda mempunyai tunggakan cukai sebanyak RM1330. Sila bayar segera di http://verify-identity.com.,1
Akses portal SAPS anda akan ditamatkan dalam masa 24 jam. Sila log masuk di http://bit.ly/kemaskini-akaun-2026 untuk rayuan.,1
Makluman: Gangguan bekalan air di kawasan Johor Bahru dijangka pulih pada jam 4 PM.,0
"Amaran: Percubaan log masuk dikesan pada akaun iCloud anda. Jika bukan anda, klik http://verify-identity.com.",1
Tahniah! Anda terpilih memenangi hadiah RM4091 dari Touch 'n Go. Klik http://bit.ly/kemaskini-akaun-2026 untuk tuntut.,1
Kurier Touch 'n Go: Penghantaran bungkusan anda gagal. Sila bayar kos penghantaran semula di http://login-secure-web.net.,1
Pengesahan pendaftaran: Anda telah berjaya mendaftar untuk kursus Cybersecurity Forensics di portal UniSZA.,0
"Amaran: Percubaan log masuk dikesan pada akaun Netflix anda. Jika bukan anda, klik http://verify-identity.com.",1
"Amaran: Percubaan log masuk dikesan pada akaun Spotify anda. Jika bukan anda, klik http://verify-identity.com.",1
Kurier Grab: Penghantaran bungkusan anda gagal. Sila bayar kos penghantaran semula di http://bit.ly/kemaskini-akaun-2026.,1
Makluman: Gangguan bekalan air di kawasan Kuala Lumpur dijangka pulih pada jam 4 PM.,0
Penyata akaun bulanan anda bagi bulan Januari kini boleh dimuat turun di portal rasmi.,0
Tindakan segera diperlukan! Akaun Bank Islam anda telah disekat. Sila sahkan identiti di http://login-secure-web.net.,1
Bantuan Tunai Rahmah: Semak status kelayakan RM3658 anda di pautan rasmi ini http://login-secure-web.net.,1
Makluman: Gangguan bekalan air di kawasan Johor Bahru dijangka pulih pada jam 6 PM.,0
Peringatan: Langganan Netflix anda gagal diperbaharui. Kemaskini kad kredit anda di http://login-secure-web.net.,1
Notis: Penyelenggaraan sistem E-Daftar akan dijalankan pada malam ini dari jam 12AM hingga 4AM.,0
Penyata akaun bulanan anda bagi bulan April kini boleh dimuat turun di portal rasmi.,0
Sila hantar laporan mingguan bagi projek Pembangunan Sistem IoT sebelum hari Jumaat ini.,0
Peringatan mesyuarat: Perbincangan mengenai SecurityX Training akan diadakan pada Jumaat jam 4 PM.,0
Resit rasmi bagi transaksi TXN337259 berjaya diproses. Sila simpan untuk rujukan masa hadapan.,0
Penyata akaun bulanan anda bagi bulan Jun kini boleh dimuat turun di portal rasmi.,0
Notis LHDN: Anda mempunyai tunggakan cukai sebanyak RM2263. Sila bayar segera di http://login-secure-web.net.,1
Bantuan Tunai Rahmah: Semak status kelayakan RM4618 anda di pautan rasmi ini http://verify-identity.com.,1
Pengesahan pendaftaran: Anda telah berjaya mendaftar untuk kursus Cybersecurity Forensics di portal UniSZA.,0
Notis: Penyelenggaraan sistem E-Daftar akan dijalankan pada malam ini dari jam 12AM hingga 4AM.,0
Akses portal SAPS anda akan ditamatkan dalam masa 24 jam. Sila log masuk di http://bit.ly/kemaskini-akaun-2026 untuk rayuan.,1
"Amaran: Percubaan log masuk dikesan pada akaun Disney+ Hotstar anda. Jika bukan anda, klik http://verify-identity.com.",1
Bantuan Tunai Rahmah: Semak status kelayakan RM4620 anda di pautan rasmi ini http://login-secure-web.net.,1
Pengesahan pendaftaran: Anda telah berjaya mendaftar untuk kursus Cybersecurity Forensics di portal UniSZA.,0
Peringatan mesyuarat: Perbincangan mengenai SecurityX Training akan diadakan pada Jumaat jam 11 PM.,0
Bantuan Tunai Rahmah: Semak status kelayakan RM4455 anda di pautan rasmi ini http://semakan-lhdn-gov.top.,1
Tahniah! Anda terpilih memenangi hadiah RM2312 dari Shopee. Klik http://login-secure-web.net untuk tuntut.,1
Pengesahan pendaftaran: Anda telah berjaya mendaftar untuk kursus Cybersecurity Forensics di portal UniSZA.,0
"Amaran: Percubaan log masuk dikesan pada akaun Netflix anda. Jika bukan anda, klik http://semakan-lhdn-gov.top.",1
Tahniah! Anda terpilih memenangi hadiah RM4271 dari Pos Laju. Klik http://bit.ly/kemaskini-akaun-2026 untuk tuntut.,1
Tahniah! Anda terpilih memenangi hadiah RM4718 dari Touch 'n Go. Klik http://verify-identity.com untuk tuntut.,1
Peringatan: Langganan Spotify anda gagal diperbaharui. Kemaskini kad kredit anda di http://verify-identity.com.,1
Akses portal SAPS anda akan ditamatkan dalam masa 24 jam. Sila log masuk di http://login-secure-web.net untuk rayuan.,1
Pengesahan pendaftaran: Anda telah berjaya mendaftar untuk kursus Cybersecurity Forensics di portal UniSZA.,0
Peringatan: Langganan Disney+ Hotstar anda gagal diperbaharui. Kemaskini kad kredit anda di http://login-secure-web.net.,1
Pengesahan pendaftaran: Anda telah berjaya mendaftar untuk kursus Cybersecurity Forensics di portal UniSZA.,0
Bantuan Tunai Rahmah: Semak status kelayakan RM1660 anda di pautan rasmi ini http://verify-identity.com.,1
Tindakan segera diperlukan! Akaun Bank Islam anda telah disekat. Sila sahkan identiti di http://verify-identity.com.,1
"Amaran: Percubaan log masuk dikesan pada akaun Unifi anda. Jika bukan anda, klik http://login-secure-web.net.",1
Resit rasmi bagi transaksi TXN327551 berjaya diproses. Sila simpan untuk rujukan masa hadapan.,0
Pengesahan pendaftaran: Anda telah berjaya mendaftar untuk kursus Cybersecurity Forensics di portal UniSZA.,0
Tindakan segera diperlukan! Akaun Public Bank anda telah disekat. Sila sahkan identiti di http://verify-identity.com.,1
Peringatan: Langganan iCloud anda gagal diperbaharui. Kemaskini kad kredit anda di http://semakan-lhdn-gov.top.,1
Tahniah! Anda terpilih memenangi hadiah RM2145 dari Shopee. Klik http://login-secure-web.net untuk tuntut.,1
Terima kasih kerana menggunakan perkhidmatan Pos Laju. Sila berikan maklum balas anda di sini.,0
Peringatan mesyuarat: Perbincangan mengenai Digital Marketing akan diadakan pada Jumaat jam 10 PM.,0
Makluman: Gangguan bekalan air di kawasan Besut dijangka pulih pada jam 10 PM.,0
Sila hantar laporan mingguan bagi projek Pembangunan Sistem IoT sebelum hari Jumaat ini.,0
Tahniah! Anda terpilih memenangi hadiah RM2285 dari Shopee. Klik http://login-secure-web.net untuk tuntut.,1
"Amaran: Percubaan log masuk dikesan pada akaun Spotify anda. Jika bukan anda, klik http://login-secure-web.net.",1
Peringatan: Langganan iCloud anda gagal diperbaharui. Kemaskini kad kredit anda di http://semakan-lhdn-gov.top.,1
Tahniah! Anda terpilih memenangi hadiah RM930 dari Pos Laju. Klik http://semakan-lhdn-gov.top untuk tuntut.,1
Kurier Shopee: Penghantaran bungkusan anda gagal. Sila bayar kos penghantaran semula di http://bit.ly/kemaskini-akaun-2026.,1
Peringatan: Langganan iCloud anda gagal diperbaharui. Kemaskini kad kredit anda di http://login-secure-web.net.,1
Tindakan segera diperlukan! Akaun Public Bank anda telah disekat. Sila sahkan identiti di http://bit.ly/kemaskini-akaun-2026.,1
Sila hantar laporan mingguan bagi projek Pembangunan Sistem IoT sebelum hari Jumaat ini.,0
Peringatan: Langganan Netflix anda gagal diperbaharui. Kemaskini kad kredit anda di http://semakan-lhdn-gov.top.,1
Notis: Penyelenggaraan sistem E-Daftar akan dijalankan pada malam ini dari jam 12AM hingga 4AM.,0
"Amaran: Percubaan log masuk dikesan pada akaun Spotify anda. Jika bukan anda, klik http://login-secure-web.net.",1
Notis: Penyelenggaraan sistem E-Daftar akan dijalankan pada malam ini dari jam 12AM hingga 4AM.,0
Notis LHDN: Anda mempunyai tunggakan cukai sebanyak RM4652. Sila bayar segera di http://semakan-lhdn-gov.top.,1
Bantuan Tunai Rahmah: Semak status kelayakan RM2198 anda di pautan rasmi ini http://verify-identity.com.,1
Resit rasmi bagi transaksi TXN248937 berjaya diproses. Sila simpan untuk rujukan masa hadapan.,0
Akses portal SAPS anda akan ditamatkan dalam masa 24 jam. Sila log masuk di http://login-secure-web.net untuk rayuan.,1
Notis LHDN: Anda mempunyai tunggakan cukai sebanyak RM1022. Sila bayar segera di http://bit.ly/kemaskini-akaun-2026.,1
Pengesahan pendaftaran: Anda telah berjaya mendaftar untuk kursus Cybersecurity Forensics di portal UniSZA.,0
Tahniah! Anda terpilih memenangi hadiah RM4259 dari Grab. Klik http://semakan-lhdn-gov.top untuk tuntut.,1
Penyata akaun bulanan anda bagi bulan April kini boleh dimuat turun di portal rasmi.,0
Sila hantar laporan mingguan bagi projek Pembangunan Sistem IoT sebelum hari Jumaat ini.,0
Terima kasih kerana menggunakan perkhidmatan Touch 'n Go. Sila berikan maklum balas anda di sini.,0
Akses portal SAPS anda akan ditamatkan dalam masa 24 jam. Sila log masuk di http://verify-identity.com untuk rayuan.,1
Kurier J&T Express: Penghantaran bungkusan anda gagal. Sila bayar kos penghantaran semula di http://bit.ly/kemaskini-akaun-2026.,1
Pengesahan pendaftaran: Anda telah berjaya mendaftar untuk kursus Cybersecurity Forensics di portal UniSZA.,0
Notis LHDN: Anda mempunyai tunggakan cukai sebanyak RM3372. Sila bayar segera di http://semakan-lhdn-gov.top.,1
Peringatan: Langganan Netflix anda gagal diperbaharui. Kemaskini kad kredit anda di http://login-secure-web.net.,1
Bantuan Tunai Rahmah: Semak status kelayakan RM569 anda di pautan rasmi ini http://bit.ly/kemaskini-akaun-2026.,1
Peringatan mesyuarat: Perbincangan mengenai Digital Marketing akan diadakan pada Jumaat jam 8 PM.,0
Sila hantar laporan mingguan bagi projek Pembangunan Sistem IoT sebelum hari Jumaat ini.,0
Bantuan Tunai Rahmah: Semak status kelayakan RM951 anda di pautan rasmi ini http://verify-identity.com.,1
Notis: Penyelenggaraan sistem E-Daftar akan dijalankan pada malam ini dari jam 12AM hingga 4AM.,0
"Amaran: Percubaan log masuk dikesan pada akaun Netflix anda. Jika bukan anda, klik http://bit.ly/kemaskini-akaun-2026.",1
Penyata akaun bulanan anda bagi bulan Mac kini boleh dimuat turun di portal rasmi.,0
Notis: Penyelenggaraan sistem E-Daftar akan dijalankan pada malam ini dari jam 12AM hingga 4AM.,0
Makluman: Gangguan bekalan air di kawasan Kuala Lumpur dijangka pulih pada jam 3 PM.,0
Terima kasih kerana menggunakan perkhidmatan Grab. Sila berikan maklum balas anda di sini.,0
"Amaran: Percubaan log masuk dikesan pada akaun Disney+ Hotstar anda. Jika bukan anda, klik http://semakan-lhdn-gov.top.",1
Penyata akaun bulanan anda bagi bulan April kini boleh dimuat turun di portal rasmi.,0
Bantuan Tunai Rahmah: Semak status kelayakan RM2328 anda di pautan rasmi ini http://semakan-lhdn-gov.top.,1
Bantuan Tunai Rahmah: Semak status kelayakan RM2121 anda di pautan rasmi ini http://login-secure-web.net.,1
Kurier Shopee: Penghantaran bungkusan anda gagal. Sila bayar kos penghantaran semula di http://bit.ly/kemaskini-akaun-2026.,1
Resit rasmi bagi transaksi TXN914780 berjaya diproses. Sila simpan untuk rujukan masa hadapan.,0
Resit rasmi bagi transaksi TXN862140 berjaya diproses. Sila simpan untuk rujukan masa hadapan.,0
Notis LHDN: Anda mempunyai tunggakan cukai sebanyak RM987. Sila bayar segera di http://login-secure-web.net.,1
Resit rasmi bagi transaksi TXN532896 berjaya diproses. Sila simpan untuk rujukan masa hadapan.,0
Resit rasmi bagi transaksi TXN316674 berjaya diproses. Sila simpan untuk rujukan masa hadapan.,0
Resit rasmi bagi transaksi TXN608427 berjaya diproses. Sila simpan untuk rujukan masa hadapan.,0
Notis: Penyelenggaraan sistem E-Daftar akan dijalankan pada malam ini dari jam 12AM hingga 4AM.,0
Terima kasih kerana menggunakan perkhidmatan J&T Express. Sila berikan maklum balas anda di sini.,0
Tindakan segera diperlukan! Akaun Maybank2u anda telah disekat. Sila sahkan identiti di http://bit.ly/kemaskini-akaun-2026.,1
Akses portal SAPS anda akan ditamatkan dalam masa 24 jam. Sila log masuk di http://semakan-lhdn-gov.top untuk rayuan.,1
Makluman: Gangguan bekalan air di kawasan Gong Badak dijangka pulih pada jam 10 PM.,0
Sila hantar laporan mingguan bagi projek Pembangunan Sistem IoT sebelum hari Jumaat ini.,0
Bantuan Tunai Rahmah: Semak status kelayakan RM1458 anda di pautan rasmi ini http://semakan-lhdn-gov.top.,1
Penyata akaun bulanan anda bagi bulan Januari kini boleh dimuat turun di portal rasmi.,0
Makluman: Gangguan bekalan air di kawasan Kuala Lumpur dijangka pulih pada jam 1 PM.,0
Terima kasih kerana menggunakan perkhidmatan Lazada. Sila berikan maklum balas anda di sini.,0
Resit rasmi bagi transaksi TXN881550 berjaya diproses. Sila simpan untuk rujukan masa hadapan.,0
Tahniah! Anda terpilih memenangi hadiah RM2140 dari Shopee. Klik http://semakan-lhdn-gov.top untuk tuntut.,1
Notis: Penyelenggaraan sistem E-Daftar akan dijalankan pada malam ini dari jam 12AM hingga 4AM.,0
Pengesahan pendaftaran: Anda telah berjaya mendaftar untuk kursus Cybersecurity Forensics di portal UniSZA.,0
Tahniah! Anda terpilih memenangi hadiah RM952 dari Touch 'n Go. Klik http://semakan-lhdn-gov.top untuk tuntut.,1
Tindakan segera diperlukan! Akaun CIMB Clicks anda telah disekat. Sila sahkan identiti di http://verify-identity.com.,1
Tahniah! Anda terpilih memenangi hadiah RM4537 dari Pos Laju. Klik http://semakan-lhdn-gov.top untuk tuntut.,1
Notis: Penyelenggaraan sistem E-Daftar akan dijalankan pada malam ini dari jam 12AM hingga 4AM.,0
Akses portal SAPS anda akan ditamatkan dalam masa 24 jam. Sila log masuk di http://verify-identity.com untuk rayuan.,1
Peringatan mesyuarat: Perbincangan mengenai SecurityX Training akan diadakan pada Jumaat jam 5 PM.,0
Bantuan Tunai Rahmah: Semak status kelayakan RM3695 anda di pautan rasmi ini http://verify-identity.com.,1
Terima kasih kerana menggunakan perkhidmatan Shopee. Sila berikan maklum balas anda di sini.,0
Sila hantar laporan mingguan bagi projek Pembangunan Sistem IoT sebelum hari Jumaat ini.,0
Sila hantar laporan mingguan bagi projek Pembangunan Sistem IoT sebelum hari Jumaat ini.,0
Sila hantar laporan mingguan bagi projek Pembangunan Sistem IoT sebelum hari Jumaat ini.,0
Tahniah! Anda terpilih memenangi hadiah RM3221 dari Shopee. Klik http://semakan-lhdn-gov.top untuk tuntut.,1
Terima kasih kerana menggunakan perkhidmatan Shopee. Sila berikan maklum balas anda di sini.,0
Tindakan segera diperlukan! Akaun Hong Leong Connect anda telah disekat. Sila sahkan identiti di http://semakan-lhdn-gov.top.,1
Notis: Penyelenggaraan sistem E-Daftar akan dijalankan pada malam ini dari jam 12AM hingga 4AM.,0
Makluman: Gangguan bekalan air di kawasan Kuala Terengganu dijangka pulih pada jam 1 PM.,0
Penyata akaun bulanan anda bagi bulan Mei kini boleh dimuat turun di portal rasmi.,0
Penyata akaun bulanan anda bagi bulan Januari kini boleh dimuat turun di portal rasmi.,0
Kurier Grab: Penghantaran bungkusan anda gagal. Sila bayar kos penghantaran semula di http://login-secure-web.net.,1
Peringatan mesyuarat: Perbincangan mengenai Final Year Project akan diadakan pada Jumaat jam 9 PM.,0
Resit rasmi bagi transaksi TXN398072 berjaya diproses. Sila simpan untuk rujukan masa hadapan.,0
Bantuan Tunai Rahmah: Semak status kelayakan RM838 anda di pautan rasmi ini http://login-secure-web.net.,1
Bantuan Tunai Rahmah: Semak status kelayakan RM2535 anda di pautan rasmi ini http://login-secure-web.net.,1
Tindakan segera diperlukan! Akaun Public Bank anda telah disekat. Sila sahkan identiti di http://semakan-lhdn-gov.top.,1
Peringatan: Langganan Disney+ Hotstar anda gagal diperbaharui. Kemaskini kad kredit anda di http://login-secure-web.net.,1
Peringatan: Langganan Unifi anda gagal diperbaharui. Kemaskini kad kredit anda di http://verify-identity.com.,1
Notis: Penyelenggaraan sistem E-Daftar akan dijalankan pada malam ini dari jam 12AM hingga 4AM.,0
"Amaran: Percubaan log masuk dikesan pada akaun Unifi anda. Jika bukan anda, klik http://login-secure-web.net.",1
Notis LHDN: Anda mempunyai tunggakan cukai sebanyak RM3286. Sila bayar segera di http://bit.ly/kemaskini-akaun-2026.,1
Makluman: Gangguan bekalan air di kawasan Gong Badak dijangka pulih pada jam 11 PM.,0
Pengesahan pendaftaran: Anda telah berjaya mendaftar untuk kursus Cybersecurity Forensics di portal UniSZA.,0
"Amaran: Percubaan log masuk dikesan pada akaun Netflix anda. Jika bukan anda, klik http://bit.ly/kemaskini-akaun-2026.",1
Resit rasmi bagi transaksi TXN264750 berjaya diproses. Sila simpan untuk rujukan masa hadapan.,0
Notis: Penyelenggaraan sistem E-Daftar akan dijalankan pada malam ini dari jam 12AM hingga 4AM.,0
Makluman: Gangguan bekalan air di kawasan Kuala Terengganu dijangka pulih pada jam 7 PM.,0
Penyata akaun bulanan anda bagi bulan Jun kini boleh dimuat turun di portal rasmi.,0
Makluman: Gangguan bekalan air di kawasan Kuala Terengganu dijangka pulih pada jam 9 PM.,0
Bantuan Tunai Rahmah: Semak status kelayakan RM4152 anda di pautan rasmi ini http://semakan-lhdn-gov.top.,1
Akses portal SAPS anda akan ditamatkan dalam masa 24 jam. Sila log masuk di http://semakan-lhdn-gov.top untuk rayuan.,1
Peringatan: Langganan Netflix anda gagal diperbaharui. Kemaskini kad kredit anda di http://verify-identity.com.,1
Terima kasih kerana menggunakan perkhidmatan Shopee. Sila berikan maklum balas anda di sini.,0
Akses portal SAPS anda akan ditamatkan dalam masa 24 jam. Sila log masuk di http://bit.ly/kemaskini-akaun-2026 untuk rayuan.,1
Bantuan Tunai Rahmah: Semak status kelayakan RM1640 anda di pautan rasmi ini http://semakan-lhdn-gov.top.,1
Pengesahan pendaftaran: Anda telah berjaya mendaftar untuk kursus Cybersecurity Forensics di portal UniSZA.,0
Pengesahan pendaftaran: Anda telah berjaya mendaftar untuk kursus Cybersecurity Forensics di portal UniSZA.,0
Sila hantar laporan mingguan bagi projek Pembangunan Sistem IoT sebelum hari Jumaat ini.,0
Penyata akaun bulanan anda bagi bulan Mac kini boleh dimuat turun di portal rasmi.,0
"Amaran: Percubaan log masuk dikesan pada akaun Disney+ Hotstar anda. Jika bukan anda, klik http://login-secure-web.net.",1
Akses portal SAPS anda akan ditamatkan dalam masa 24 jam. Sila log masuk di http://verify-identity.com untuk rayuan.,1
Kurier Grab: Penghantaran bungkusan anda gagal. Sila bayar kos penghantaran semula di http://login-secure-web.net.,1
Penyata akaun bulanan anda bagi bulan Jun kini boleh dimuat turun di portal rasmi.,0
Resit rasmi bagi transaksi TXN118293 berjaya diproses. Sila simpan untuk rujukan masa hadapan.,0
Penyata akaun bulanan anda bagi bulan Mac kini boleh dimuat turun di portal rasmi.,0
Makluman: Gangguan bekalan air di kawasan Johor Bahru dijangka pulih pada jam 4 PM.,0
Penyata akaun bulanan anda bagi bulan April kini boleh dimuat turun di portal rasmi.,0
"Amaran: Percubaan log masuk dikesan pada akaun Spotify anda. Jika bukan anda, klik http://login-secure-web.net.",1
Peringatan: Langganan Spotify anda gagal diperbaharui. Kemaskini kad kredit anda di http://semakan-lhdn-gov.top.,1
Sila hantar laporan mingguan bagi projek Pembangunan Sistem IoT sebelum hari Jumaat ini.,0
Tindakan segera diperlukan! Akaun Bank Islam anda telah disekat. Sila sahkan identiti di http://verify-identity.com.,1
"Amaran: Percubaan log masuk dikesan pada akaun Netflix anda. Jika bukan anda, klik http://bit.ly/kemaskini-akaun-2026.",1
Tindakan segera diperlukan! Akaun Hong Leong Connect anda telah disekat. Sila sahkan identiti di http://verify-identity.com.,1
Sila hantar laporan mingguan bagi projek Pembangunan Sistem IoT sebelum hari Jumaat ini.,0
Akses portal SAPS anda akan ditamatkan dalam masa 24 jam. Sila log masuk di http://login-secure-web.net untuk rayuan.,1
Akses portal SAPS anda akan ditamatkan dalam masa 24 jam. Sila log masuk di http://semakan-lhdn-gov.top untuk rayuan.,1
Kurier Touch 'n Go: Penghantaran bungkusan anda gagal. Sila bayar kos penghantaran semula di http://semakan-lhdn-gov.top.,1
Kurier Lazada: Penghantaran bungkusan anda gagal. Sila bayar kos penghantaran semula di http://semakan-lhdn-gov.top.,1
Makluman: Gangguan bekalan air di kawasan Gong Badak dijangka pulih pada jam 7 PM.,0
"Amaran: Percubaan log masuk dikesan pada akaun Unifi anda. Jika bukan anda, klik http://semakan-lhdn-gov.top.",1
"Amaran: Percubaan log masuk dikesan pada akaun Netflix anda. Jika bukan anda, klik http://bit.ly/kemaskini-akaun-2026.",1
Makluman: Gangguan bekalan air di kawasan Kuala Lumpur dijangka pulih pada jam 1 PM.,0
Resit rasmi bagi transaksi TXN837104 berjaya diproses. Sila simpan untuk rujukan masa hadapan.,0
Sila hantar laporan mingguan bagi projek Pembangunan Sistem IoT sebelum hari Jumaat ini.,0
Kurier Grab: Penghantaran bungkusan anda gagal. Sila bayar kos penghantaran semula di http://semakan-lhdn-gov.top.,1
Kurier Grab: Penghantaran bungkusan anda gagal. Sila bayar kos penghantaran semula di http://login-secure-web.net.,1
Notis LHDN: Anda mempunyai tunggakan cukai sebanyak RM2023. Sila bayar segera di http://login-secure-web.net.,1
"Amaran: Percubaan log masuk dikesan pada akaun Spotify anda. Jika bukan anda, klik http://bit.ly/kemaskini-akaun-2026.",1
Notis: Penyelenggaraan sistem E-Daftar akan dijalankan pada malam ini dari jam 12AM hingga 4AM.,0
Tahniah! Anda terpilih memenangi hadiah RM3917 dari Touch 'n Go. Klik http://verify-identity.com untuk tuntut.,1
"Amaran: Percubaan log masuk dikesan pada akaun Spotify anda. Jika bukan anda, klik http://semakan-lhdn-gov.top.",1
Peringatan: Langganan Disney+ Hotstar anda gagal diperbaharui. Kemaskini kad kredit anda di http://bit.ly/kemaskini-akaun-2026.,1
Bantuan Tunai Rahmah: Semak status kelayakan RM1929 anda di pautan rasmi ini http://semakan-lhdn-gov.top.,1
Penyata akaun bulanan anda bagi bulan April kini boleh dimuat turun di portal rasmi.,0
"Amaran: Percubaan log masuk dikesan pada akaun Unifi anda. Jika bukan anda, klik http://login-secure-web.net.",1
Sila hantar laporan mingguan bagi projek Pembangunan Sistem IoT sebelum hari Jumaat ini.,0
Peringatan mesyuarat: Perbincangan mengenai Latihan Industri akan diadakan pada Jumaat jam 12 PM.,0
Sila hantar laporan mingguan bagi projek Pembangunan Sistem IoT sebelum hari Jumaat ini.,0
Terima kasih kerana menggunakan perkhidmatan Lazada. Sila berikan maklum balas anda di sini.,0
Resit rasmi bagi transaksi TXN686612 berjaya diproses. Sila simpan untuk rujukan masa hadapan.,0
Peringatan: Langganan Netflix anda gagal diperbaharui. Kemaskini kad kredit anda di http://verify-identity.com.,1
"Amaran: Percubaan log masuk dikesan pada akaun Disney+ Hotstar anda. Jika bukan anda, klik http://bit.ly/kemaskini-akaun-2026.",1
Peringatan mesyuarat: Perbincangan mengenai Digital Marketing akan diadakan pada Jumaat jam 2 PM.,0
Makluman: Gangguan bekalan air di kawasan Besut dijangka pulih pada jam 12 PM.,0
Peringatan mesyuarat: Perbincangan mengenai Digital Marketing akan diadakan pada Jumaat jam 4 PM.,0
Notis: Penyelenggaraan sistem E-Daftar akan dijalankan pada malam ini dari jam 12AM hingga 4AM.,0
Notis: Penyelenggaraan sistem E-Daftar akan dijalankan pada malam ini dari jam 12AM hingga 4AM.,0
Peringatan: Langganan Spotify anda gagal diperbaharui. Kemaskini kad kredit anda di http://bit.ly/kemaskini-akaun-2026.,1
"Amaran: Percubaan log masuk dikesan pada akaun Netflix anda. Jika bukan anda, klik http://semakan-lhdn-gov.top.",1
Tindakan segera diperlukan! Akaun Hong Leong Connect anda telah disekat. Sila sahkan identiti di http://login-secure-web.net.,1
Resit rasmi bagi transaksi TXN567619 berjaya diproses. Sila simpan untuk rujukan masa hadapan.,0
Tahniah! Anda terpilih memenangi hadiah RM669 dari Grab. Klik http://bit.ly/kemaskini-akaun-2026 untuk tuntut.,1
Akses portal SAPS anda akan ditamatkan dalam masa 24 jam. Sila log masuk di http://verify-identity.com untuk rayuan.,1
Tindakan segera diperlukan! Akaun Public Bank anda telah disekat. Sila sahkan identiti di http://bit.ly/kemaskini-akaun-2026.,1
Makluman: Gangguan bekalan air di kawasan Gong Badak dijangka pulih pada jam 12 PM.,0
"Amaran: Percubaan log masuk dikesan pada akaun Unifi anda. Jika bukan anda, klik http://bit.ly/kemaskini-akaun-2026.",1
Penyata akaun bulanan anda bagi bulan Februari kini boleh dimuat turun di portal rasmi.,0
Terima kasih kerana menggunakan perkhidmatan Grab. Sila berikan maklum balas anda di sini.,0
Tindakan segera diperlukan! Akaun Public Bank anda telah disekat. Sila sahkan identiti di http://semakan-lhdn-gov.top.,1
Sila hantar laporan mingguan bagi projek Pembangunan Sistem IoT sebelum hari Jumaat ini.,0
Makluman: Gangguan bekalan air di kawasan Kuala Lumpur dijangka pulih pada jam 2 PM.,0
Tindakan segera diperlukan! Akaun Public Bank anda telah disekat. Sila sahkan identiti di http://semakan-lhdn-gov.top.,1
Peringatan: Langganan Disney+ Hotstar anda gagal diperbaharui. Kemaskini kad kredit anda di http://login-secure-web.net.,1
Penyata akaun bulanan anda bagi bulan Mac kini boleh dimuat turun di portal rasmi.,0
Peringatan mesyuarat: Perbincangan mengenai SecurityX Training akan diadakan pada Jumaat jam 11 PM.,0
Pengesahan pendaftaran: Anda telah berjaya mendaftar untuk kursus Cybersecurity Forensics di portal UniSZA.,0
Penyata akaun bulanan anda bagi bulan Januari kini boleh dimuat turun di portal rasmi.,0
Pengesahan pendaftaran: Anda telah berjaya mendaftar untuk kursus Cybersecurity Forensics di portal UniSZA.,0
Kurier Lazada: Penghantaran bungkusan anda gagal. Sila bayar kos penghantaran semula di http://semakan-lhdn-gov.top.,1
Resit rasmi bagi transaksi TXN508439 berjaya diproses. Sila simpan untuk rujukan masa hadapan.,0
Penyata akaun bulanan anda bagi bulan Mac kini boleh dimuat turun di portal rasmi.,0
Akses portal SAPS anda akan ditamatkan dalam masa 24 jam. Sila log masuk di http://semakan-lhdn-gov.top untuk rayuan.,1
Akses portal SAPS anda akan ditamatkan dalam masa 24 jam. Sila log masuk di http://bit.ly/kemaskini-akaun-2026 untuk rayuan.,1
Peringatan mesyuarat: Perbincangan mengenai Latihan Industri akan diadakan pada Jumaat jam 1 PM.,0
Makluman: Gangguan bekalan air di kawasan Besut dijangka pulih pada jam 12 PM.,0
"Amaran: Percubaan log masuk dikesan pada akaun Spotify anda. Jika bukan anda, klik http://semakan-lhdn-gov.top.",1
Pengesahan pendaftaran: Anda telah berjaya mendaftar untuk kursus Cybersecurity Forensics di portal UniSZA.,0
"Amaran: Percubaan log masuk dikesan pada akaun iCloud anda. Jika bukan anda, klik http://bit.ly/kemaskini-akaun-2026.",1
Notis LHDN: Anda mempunyai tunggakan cukai sebanyak RM1597. Sila bayar segera di http://semakan-lhdn-gov.top.,1
"Amaran: Percubaan log masuk dikesan pada akaun Unifi anda. Jika bukan anda, klik http://login-secure-web.net.",1
Makluman: Gangguan bekalan air di kawasan Besut dijangka pulih pada jam 6 PM.,0
"Amaran: Percubaan log masuk dikesan pada akaun Spotify anda. Jika bukan anda, klik http://semakan-lhdn-gov.top.",1
Bantuan Tunai Rahmah: Semak status kelayakan RM1715 anda di pautan rasmi ini http://verify-identity.com.,1
Pengesahan pendaftaran: Anda telah berjaya mendaftar untuk kursus Cybersecurity Forensics di portal UniSZA.,0
Terima kasih kerana menggunakan perkhidmatan J&T Express. Sila berikan maklum balas anda di sini.,0
Sila hantar laporan mingguan bagi projek Pembangunan Sistem IoT sebelum hari Jumaat ini.,0
Peringatan: Langganan Netflix anda gagal diperbaharui. Kemaskini kad kredit anda di http://login-secure-web.net.,1
Tindakan segera diperlukan! Akaun Bank Islam anda telah disekat. Sila sahkan identiti di http://semakan-lhdn-gov.top.,1
Tahniah! Anda terpilih memenangi hadiah RM627 dari Pos Laju. Klik http://verify-identity.com untuk tuntut.,1
Akses portal SAPS anda akan ditamatkan dalam masa 24 jam. Sila log masuk di http://bit.ly/kemaskini-akaun-2026 untuk rayuan.,1
Kurier Shopee: Penghantaran bungkusan anda gagal. Sila bayar kos penghantaran semula di http://verify-identity.com.,1
Bantuan Tunai Rahmah: Semak status kelayakan RM4161 anda di pautan rasmi ini http://semakan-lhdn-gov.top.,1
Penyata akaun bulanan anda bagi bulan Januari kini boleh dimuat turun di portal rasmi.,0
Peringatan mesyuarat: Perbincangan mengenai Final Year Project akan diadakan pada Jumaat jam 12 PM.,0
Sila hantar laporan mingguan bagi projek Pembangunan Sistem IoT sebelum hari Jumaat ini.,0
Notis: Penyelenggaraan sistem E-Daftar akan dijalankan pada malam ini dari jam 12AM hingga 4AM.,0
Pengesahan pendaftaran: Anda telah berjaya mendaftar untuk kursus Cybersecurity Forensics di portal UniSZA.,0
Kurier Pos Laju: Penghantaran bungkusan anda gagal. Sila bayar kos penghantaran semula di http://bit.ly/kemaskini-akaun-2026.,1
Akses portal SAPS anda akan ditamatkan dalam masa 24 jam. Sila log masuk di http://verify-identity.com untuk rayuan.,1
Pengesahan pendaftaran: Anda telah berjaya mendaftar untuk kursus Cybersecurity Forensics di portal UniSZA.,0
Tindakan segera diperlukan! Akaun Maybank2u anda telah disekat. Sila sahkan identiti di http://bit.ly/kemaskini-akaun-2026.,1
Kurier Shopee: Penghantaran bungkusan anda gagal. Sila bayar kos penghantaran semula di http://semakan-lhdn-gov.top.,1
Akses portal SAPS anda akan ditamatkan dalam masa 24 jam. Sila log masuk di http://verify-identity.com untuk rayuan.,1
Resit rasmi bagi transaksi TXN394644 berjaya diproses. Sila simpan untuk rujukan masa hadapan.,0
Terima kasih kerana menggunakan perkhidmatan Pos Laju. Sila berikan maklum balas anda di sini.,0
Peringatan: Langganan Disney+ Hotstar anda gagal diperbaharui. Kemaskini kad kredit anda di http://semakan-lhdn-gov.top.,1
Makluman: Gangguan bekalan air di kawasan Johor Bahru dijangka pulih pada jam 2 PM.,0
Akses portal SAPS anda akan ditamatkan dalam masa 24 jam. Sila log masuk di http://verify-identity.com untuk rayuan.,1
Pengesahan pendaftaran: Anda telah berjaya mendaftar untuk kursus Cybersecurity Forensics di portal UniSZA.,0
Resit rasmi bagi transaksi TXN764763 berjaya diproses. Sila simpan untuk rujukan masa hadapan.,0
Tahniah! Anda terpilih memenangi hadiah RM1057 dari J&T Express. Klik http://login-secure-web.net untuk tuntut.,1
Peringatan mesyuarat: Perbincangan mengenai Latihan Industri akan diadakan pada Jumaat jam 9 PM.,0
Terima kasih kerana menggunakan perkhidmatan Pos Laju. Sila berikan maklum balas anda di sini.,0
Penyata akaun bulanan anda bagi bulan Januari kini boleh dimuat turun di portal rasmi.,0
"Amaran: Percubaan log masuk dikesan pada akaun Netflix anda. Jika bukan anda, klik http://verify-identity.com.",1
Sila hantar laporan mingguan bagi projek Pembangunan Sistem IoT sebelum hari Jumaat ini.,0
Makluman: Gangguan bekalan air di kawasan Kuala Terengganu dijangka pulih pada jam 4 PM.,0
Notis: Penyelenggaraan sistem E-Daftar akan dijalankan pada malam ini dari jam 12AM hingga 4AM.,0
Tahniah! Anda terpilih memenangi hadiah RM3370 dari Grab. Klik http://verify-identity.com untuk tuntut.,1
Notis LHDN: Anda mempunyai tunggakan cukai sebanyak RM2912. Sila bayar segera di http://bit.ly/kemaskini-akaun-2026.,1
Notis: Penyelenggaraan sistem E-Daftar akan dijalankan pada malam ini dari jam 12AM hingga 4AM.,0
Terima kasih kerana menggunakan perkhidmatan Touch 'n Go. Sila berikan maklum balas anda di sini.,0
Notis LHDN: Anda mempunyai tunggakan cukai sebanyak RM3942. Sila bayar segera di http://bit.ly/kemaskini-akaun-2026.,1
Resit rasmi bagi transaksi TXN434285 berjaya diproses. Sila simpan untuk rujukan masa hadapan.,0
Bantuan Tunai Rahmah: Semak status kelayakan RM3714 anda di pautan rasmi ini http://login-secure-web.net.,1
Resit rasmi bagi transaksi TXN489565 berjaya diproses. Sila simpan untuk rujukan masa hadapan.,0
Pengesahan pendaftaran: Anda telah berjaya mendaftar untuk kursus Cybersecurity Forensics di portal UniSZA.,0
Peringatan: Langganan Spotify anda gagal diperbaharui. Kemaskini kad kredit anda di http://verify-identity.com.,1
Resit rasmi bagi transaksi TXN963297 berjaya diproses. Sila simpan untuk rujukan masa hadapan.,0
"Amaran: Percubaan log masuk dikesan pada akaun Unifi anda. Jika bukan anda, klik http://bit.ly/kemaskini-akaun-2026.",1
Tahniah! Anda terpilih memenangi hadiah RM3288 dari Touch 'n Go. Klik http://semakan-lhdn-gov.top untuk tuntut.,1
Kurier Pos Laju: Penghantaran bungkusan anda gagal. Sila bayar kos penghantaran semula di http://semakan-lhdn-gov.top.,1
Tindakan segera diperlukan! Akaun Public Bank anda telah disekat. Sila sahkan identiti di http://verify-identity.com.,1
Kurier Lazada: Penghantaran bungkusan anda gagal. Sila bayar kos penghantaran semula di http://verify-identity.com.,1
Resit rasmi bagi transaksi TXN897465 berjaya diproses. Sila simpan untuk rujukan masa hadapan.,0
Makluman: Gangguan bekalan air di kawasan Kuala Lumpur dijangka pulih pada jam 8 PM.,0
Makluman: Gangguan bekalan air di kawasan Johor Bahru dijangka pulih pada jam 9 PM.,0
"Amaran: Percubaan log masuk dikesan pada akaun Disney+ Hotstar anda. Jika bukan anda, klik http://login-secure-web.net.",1
Resit rasmi bagi transaksi TXN949708 berjaya diproses. Sila simpan untuk rujukan masa hadapan.,0
Peringatan: Langganan Spotify anda gagal diperbaharui. Kemaskini kad kredit anda di http://bit.ly/kemaskini-akaun-2026.,1
Akses portal SAPS anda akan ditamatkan dalam masa 24 jam. Sila log masuk di http://semakan-lhdn-gov.top untuk rayuan.,1
Makluman: Gangguan bekalan air di kawasan Johor Bahru dijangka pulih pada jam 3 PM.,0
Resit rasmi bagi transaksi TXN133079 berjaya diproses. Sila simpan untuk rujukan masa hadapan.,0
Pengesahan pendaftaran: Anda telah berjaya mendaftar untuk kursus Cybersecurity Forensics di portal UniSZA.,0
Terima kasih kerana menggunakan perkhidmatan Touch 'n Go. Sila berikan maklum balas anda di sini.,0
Tahniah! Anda terpilih memenangi hadiah RM1528 dari Lazada. Klik http://login-secure-web.net untuk tuntut.,1
Kurier Pos Laju: Penghantaran bungkusan anda gagal. Sila bayar kos penghantaran semula di http://verify-identity.com.,1
Tindakan segera diperlukan! Akaun Bank Islam anda telah disekat. Sila sahkan identiti di http://verify-identity.com.,1
Sila hantar laporan mingguan bagi projek Pembangunan Sistem IoT sebelum hari Jumaat ini.,0
Terima kasih kerana menggunakan perkhidmatan Grab. Sila berikan maklum balas anda di sini.,0
Penyata akaun bulanan anda bagi bulan Jun kini boleh dimuat turun di portal rasmi.,0
Pengesahan pendaftaran: Anda telah berjaya mendaftar untuk kursus Cybersecurity Forensics di portal UniSZA.,0
Terima kasih kerana menggunakan perkhidmatan Pos Laju. Sila berikan maklum balas anda di sini.,0
Makluman: Gangguan bekalan air di kawasan Kuala Terengganu dijangka pulih pada jam 11 PM.,0
Kurier Shopee: Penghantaran bungkusan anda gagal. Sila bayar kos penghantaran semula di http://verify-identity.com.,1
Terima kasih kerana menggunakan perkhidmatan Touch 'n Go. Sila berikan maklum balas anda di sini.,0
"Amaran: Percubaan log masuk dikesan pada akaun Unifi anda. Jika bukan anda, klik http://verify-identity.com.",1
Makluman: Gangguan bekalan air di kawasan Gong Badak dijangka pulih pada jam 11 PM.,0
Bantuan Tunai Rahmah: Semak status kelayakan RM4729 anda di pautan rasmi ini http://bit.ly/kemaskini-akaun-2026.,1
Bantuan Tunai Rahmah: Semak status kelayakan RM4295 anda di pautan rasmi ini http://login-secure-web.net.,1
Penyata akaun bulanan anda bagi bulan Mei kini boleh dimuat turun di portal rasmi.,0
Pengesahan pendaftaran: Anda telah berjaya mendaftar untuk kursus Cybersecurity Forensics di portal UniSZA.,0
"Amaran: Percubaan log masuk dikesan pada akaun Netflix anda. Jika bukan anda, klik http://semakan-lhdn-gov.top.",1
Tahniah! Anda terpilih memenangi hadiah RM2415 dari Grab. Klik http://verify-identity.com untuk tuntut.,1
Notis LHDN: Anda mempunyai tunggakan cukai sebanyak RM3460. Sila bayar segera di http://semakan-lhdn-gov.top.,1
Tahniah! Anda terpilih memenangi hadiah RM3909 dari Lazada. Klik http://semakan-lhdn-gov.top untuk tuntut.,1
Resit rasmi bagi transaksi TXN708018 berjaya diproses. Sila simpan untuk rujukan masa hadapan.,0
Penyata akaun bulanan anda bagi bulan Januari kini boleh dimuat turun di portal rasmi.,0
Tahniah! Anda terpilih memenangi hadiah RM2013 dari Lazada. Klik http://verify-identity.com untuk tuntut.,1
Pengesahan pendaftaran: Anda telah berjaya mendaftar untuk kursus Cybersecurity Forensics di portal UniSZA.,0
Peringatan mesyuarat: Perbincangan mengenai Latihan Industri akan diadakan pada Jumaat jam 5 PM.,0
Terima kasih kerana menggunakan perkhidmatan Pos Laju. Sila berikan maklum balas anda di sini.,0
Pengesahan pendaftaran: Anda telah berjaya mendaftar untuk kursus Cybersecurity Forensics di portal UniSZA.,0
Tahniah! Anda terpilih memenangi hadiah RM3818 dari J&T Express. Klik http://login-secure-web.net untuk tuntut.,1
Resit rasmi bagi transaksi TXN663901 berjaya diproses. Sila simpan untuk rujukan masa hadapan.,0
Pengesahan pendaftaran: Anda telah berjaya mendaftar untuk kursus Cybersecurity Forensics di portal UniSZA.,0
Akses portal SAPS anda akan ditamatkan dalam masa 24 jam. Sila log masuk di http://verify-identity.com untuk rayuan.,1
"Amaran: Percubaan log masuk dikesan pada akaun Unifi anda. Jika bukan anda, klik http://semakan-lhdn-gov.top.",1
Sila hantar laporan mingguan bagi projek Pembangunan Sistem IoT sebelum hari Jumaat ini.,0
Peringatan: Langganan Netflix anda gagal diperbaharui. Kemaskini kad kredit anda di http://verify-identity.com.,1
Resit rasmi bagi transaksi TXN958786 berjaya diproses. Sila simpan untuk rujukan masa hadapan.,0
Pengesahan pendaftaran: Anda telah berjaya mendaftar untuk kursus Cybersecurity Forensics di portal UniSZA.,0
"Amaran: Percubaan log masuk dikesan pada akaun Unifi anda. Jika bukan anda, klik http://bit.ly/kemaskini-akaun-2026.",1
Notis LHDN: Anda mempunyai tunggakan cukai sebanyak RM683. Sila bayar segera di http://verify-identity.com.,1
Akses portal SAPS anda akan ditamatkan dalam masa 24 jam. Sila log masuk di http://verify-identity.com untuk rayuan.,1
Tahniah! Anda terpilih memenangi hadiah RM2129 dari Touch 'n Go. Klik http://verify-identity.com untuk tuntut.,1
Akses portal SAPS anda akan ditamatkan dalam masa 24 jam. Sila log masuk di http://bit.ly/kemaskini-akaun-2026 untuk rayuan.,1
Sila hantar laporan mingguan bagi projek Pembangunan Sistem IoT sebelum hari Jumaat ini.,0
Tindakan segera diperlukan! Akaun RHB Now anda telah disekat. Sila sahkan identiti di http://verify-identity.com.,1
"Amaran: Percubaan log masuk dikesan pada akaun iCloud anda. Jika bukan anda, klik http://semakan-lhdn-gov.top.",1
Pengesahan pendaftaran: Anda telah berjaya mendaftar untuk kursus Cybersecurity Forensics di portal UniSZA.,0
Penyata akaun bulanan anda bagi bulan Mac kini boleh dimuat turun di portal rasmi.,0
Notis LHDN: Anda mempunyai tunggakan cukai sebanyak RM4508. Sila bayar segera di http://bit.ly/kemaskini-akaun-2026.,1
Notis LHDN: Anda mempunyai tunggakan cukai sebanyak RM1552. Sila bayar segera di http://semakan-lhdn-gov.top.,1
Terima kasih kerana menggunakan perkhidmatan J&T Express. Sila berikan maklum balas anda di sini.,0
Tahniah! Anda terpilih memenangi hadiah RM2928 dari Touch 'n Go. Klik http://bit.ly/kemaskini-akaun-2026 untuk tuntut.,1
Penyata akaun bulanan anda bagi bulan April kini boleh dimuat turun di portal rasmi.,0
Terima kasih kerana menggunakan perkhidmatan Touch 'n Go. Sila berikan maklum balas anda di sini.,0
Peringatan mesyuarat: Perbincangan mengenai Final Year Project akan diadakan pada Jumaat jam 3 PM.,0
Kurier Pos Laju: Penghantaran bungkusan anda gagal. Sila bayar kos penghantaran semula di http://verify-identity.com.,1
Peringatan mesyuarat: Perbincangan mengenai Latihan Industri akan diadakan pada Jumaat jam 12 PM.,0
Makluman: Gangguan bekalan air di kawasan Kuala Lumpur dijangka pulih pada jam 1 PM.,0
Notis LHDN: Anda mempunyai tunggakan cukai sebanyak RM1104. Sila bayar segera di http://verify-identity.com.,1
Notis: Penyelenggaraan sistem E-Daftar akan dijalankan pada malam ini dari jam 12AM hingga 4AM.,0
Notis: Penyelenggaraan sistem E-Daftar akan dijalankan pada malam ini dari jam 12AM hingga 4AM.,0
Bantuan Tunai Rahmah: Semak status kelayakan RM4367 anda di pautan rasmi ini http://bit.ly/kemaskini-akaun-2026.,1
Tindakan segera diperlukan! Akaun CIMB Clicks anda telah disekat. Sila sahkan identiti di http://login-secure-web.net.,1
Makluman: Gangguan bekalan air di kawasan Kuala Terengganu dijangka pulih pada jam 10 PM.,0
Tahniah! Anda terpilih memenangi hadiah RM4705 dari Lazada. Klik http://bit.ly/kemaskini-akaun-2026 untuk tuntut.,1
Peringatan: Langganan Netflix anda gagal diperbaharui. Kemaskini kad kredit anda di http://semakan-lhdn-gov.top.,1
Pengesahan pendaftaran: Anda telah berjaya mendaftar untuk kursus Cybersecurity Forensics di portal UniSZA.,0
Bantuan Tunai Rahmah: Semak status kelayakan RM2169 anda di pautan rasmi ini http://semakan-lhdn-gov.top.,1
Bantuan Tunai Rahmah: Semak status kelayakan RM1747 anda di pautan rasmi ini http://bit.ly/kemaskini-akaun-2026.,1
Akses portal SAPS anda akan ditamatkan dalam masa 24 jam. Sila log masuk di http://login-secure-web.net untuk rayuan.,1
Sila hantar laporan mingguan bagi projek Pembangunan Sistem IoT sebelum hari Jumaat ini.,0
"Amaran: Percubaan log masuk dikesan pada akaun iCloud anda. Jika bukan anda, klik http://login-secure-web.net.",1
Kurier Grab: Penghantaran bungkusan anda gagal. Sila bayar kos penghantaran semula di http://login-secure-web.net.,1
Peringatan mesyuarat: Perbincangan mengenai Latihan Industri akan diadakan pada Jumaat jam 5 PM.,0
Peringatan: Langganan Disney+ Hotstar anda gagal diperbaharui. Kemaskini kad kredit anda di http://login-secure-web.net.,1
Notis: Penyelenggaraan sistem E-Daftar akan dijalankan pada malam ini dari jam 12AM hingga 4AM.,0
Tindakan segera diperlukan! Akaun Hong Leong Connect anda telah disekat. Sila sahkan identiti di http://login-secure-web.net.,1
Peringatan: Langganan iCloud anda gagal diperbaharui. Kemaskini kad kredit anda di http://verify-identity.com.,1
Tindakan segera diperlukan! Akaun Hong Leong Connect anda telah disekat. Sila sahkan identiti di http://bit.ly/kemaskini-akaun-2026.,1
Pengesahan pendaftaran: Anda telah berjaya mendaftar untuk kursus Cybersecurity Forensics di portal UniSZA.,0
Penyata akaun bulanan anda bagi bulan Februari kini boleh dimuat turun di portal rasmi.,0
Bantuan Tunai Rahmah: Semak status kelayakan RM4545 anda di pautan rasmi ini http://login-secure-web.net.,1
Pengesahan pendaftaran: Anda telah berjaya mendaftar untuk kursus Cybersecurity Forensics di portal UniSZA.,0
Notis LHDN: Anda mempunyai tunggakan cukai sebanyak RM820. Sila bayar segera di http://semakan-lhdn-gov.top.,1
Makluman: Gangguan bekalan air di kawasan Kuala Terengganu dijangka pulih pada jam 3 PM.,0
Peringatan mesyuarat: Perbincangan mengenai Digital Marketing akan diadakan pada Jumaat jam 2 PM.,0
Makluman: Gangguan bekalan air di kawasan Johor Bahru dijangka pulih pada jam 2 PM.,0
Makluman: Gangguan bekalan air di kawasan Kuala Terengganu dijangka pulih pada jam 3 PM.,0
Makluman: Gangguan bekalan air di kawasan Gong Badak dijangka pulih pada jam 6 PM.,0
Terima kasih kerana menggunakan perkhidmatan Shopee. Sila berikan maklum balas anda di sini.,0
Notis: Penyelenggaraan sistem E-Daftar akan dijalankan pada malam ini dari jam 12AM hingga 4AM.,0
Peringatan: Langganan iCloud anda gagal diperbaharui. Kemaskini kad kredit anda di http://bit.ly/kemaskini-akaun-2026.,1
Notis: Penyelenggaraan sistem E-Daftar akan dijalankan pada malam ini dari jam 12AM hingga 4AM.,0
"Amaran: Percubaan log masuk dikesan pada akaun iCloud anda. Jika bukan anda, klik http://verify-identity.com.",1
Notis LHDN: Anda mempunyai tunggakan cukai sebanyak RM2792. Sila bayar segera di http://semakan-lhdn-gov.top.,1
Pengesahan pendaftaran: Anda telah berjaya mendaftar untuk kursus Cybersecurity Forensics di portal UniSZA.,0
Notis: Penyelenggaraan sistem E-Daftar akan dijalankan pada malam ini dari jam 12AM hingga 4AM.,0
Kurier Lazada: Penghantaran bungkusan anda gagal. Sila bayar kos penghantaran semula di http://login-secure-web.net.,1
Peringatan mesyuarat: Perbincangan mengenai SecurityX Training akan diadakan pada Jumaat jam 11 PM.,0
Akses portal SAPS anda akan ditamatkan dalam masa 24 jam. Sila log masuk di http://verify-identity.com untuk rayuan.,1
Tahniah! Anda terpilih memenangi hadiah RM1286 dari Shopee. Klik http://login-secure-web.net untuk tuntut.,1
Notis: Penyelenggaraan sistem E-Daftar akan dijalankan pada malam ini dari jam 12AM hingga 4AM.,0
Notis LHDN: Anda mempunyai tunggakan cukai sebanyak RM4029. Sila bayar segera di http://bit.ly/kemaskini-akaun-2026.,1
Peringatan mesyuarat: Perbincangan mengenai Latihan Industri akan diadakan pada Jumaat jam 8 PM.,0
Notis LHDN: Anda mempunyai tunggakan cukai sebanyak RM2119. Sila bayar segera di http://bit.ly/kemaskini-akaun-2026.,1
Makluman: Gangguan bekalan air di kawasan Johor Bahru dijangka pulih pada jam 9 PM.,0
Peringatan: Langganan Netflix anda gagal diperbaharui. Kemaskini kad kredit anda di http://bit.ly/kemaskini-akaun-2026.,1
Resit rasmi bagi transaksi TXN300661 berjaya diproses. Sila simpan untuk rujukan masa hadapan.,0
Makluman: Gangguan bekalan air di kawasan Gong Badak dijangka pulih pada jam 3 PM.,0
Peringatan: Langganan iCloud anda gagal diperbaharui. Kemaskini kad kredit anda di http://login-secure-web.net.,1
Penyata akaun bulanan anda bagi bulan Februari kini boleh dimuat turun di portal rasmi.,0
Peringatan mesyuarat: Perbincangan mengenai Digital Marketing akan diadakan pada Jumaat jam 5 PM.,0
Terima kasih kerana menggunakan perkhidmatan Shopee. Sila berikan maklum balas anda di sini.,0
Makluman: Gangguan bekalan air di kawasan Kuala Lumpur dijangka pulih pada jam 11 PM.,0
Terima kasih kerana menggunakan perkhidmatan Pos Laju. Sila berikan maklum balas anda di sini.,0
Kurier J&T Express: Penghantaran bungkusan anda gagal. Sila bayar kos penghantaran semula di http://verify-identity.com.,1
Notis: Penyelenggaraan sistem E-Daftar akan dijalankan pada malam ini dari jam 12AM hingga 4AM.,0
Bantuan Tunai Rahmah: Semak status kelayakan RM4885 anda di pautan rasmi ini http://login-secure-web.net.,1
Kurier Pos Laju: Penghantaran bungkusan anda gagal. Sila bayar kos penghantaran semula di http://bit.ly/kemaskini-akaun-2026.,1
Akses portal SAPS anda akan ditamatkan dalam masa 24 jam. Sila log masuk di http://bit.ly/kemaskini-akaun-2026 untuk rayuan.,1
Kurier Touch 'n Go: Penghantaran bungkusan anda gagal. Sila bayar kos penghantaran semula di http://bit.ly/kemaskini-akaun-2026.,1
Penyata akaun bulanan anda bagi bulan Mei kini boleh dimuat turun di portal rasmi.,0
Bantuan Tunai Rahmah: Semak status kelayakan RM3893 anda di pautan rasmi ini http://verify-identity.com.,1
Penyata akaun bulanan anda bagi bulan April kini boleh dimuat turun di portal rasmi.,0
Terima kasih kerana menggunakan perkhidmatan Touch 'n Go. Sila berikan maklum balas anda di sini.,0
Notis LHDN: Anda mempunyai tunggakan cukai sebanyak RM2725. Sila bayar segera di http://semakan-lhdn-gov.top.,1
Resit rasmi bagi transaksi TXN308979 berjaya diproses. Sila simpan untuk rujukan masa hadapan.,0
Pengesahan pendaftaran: Anda telah berjaya mendaftar untuk kursus Cybersecurity Forensics di portal UniSZA.,0
Peringatan mesyuarat: Perbincangan mengenai Latihan Industri akan diadakan pada Jumaat jam 6 PM.,0
Tindakan segera diperlukan! Akaun Public Bank anda telah disekat. Sila sahkan identiti di http://semakan-lhdn-gov.top.,1
Akses portal SAPS anda akan ditamatkan dalam masa 24 jam. Sila log masuk di http://bit.ly/kemaskini-akaun-2026 untuk rayuan.,1
Peringatan mesyuarat: Perbincangan mengenai SecurityX Training akan diadakan pada Jumaat jam 6 PM.,0
Kurier Pos Laju: Penghantaran bungkusan anda gagal. Sila bayar kos penghantaran semula di http://bit.ly/kemaskini-akaun-2026.,1
Tahniah! Anda terpilih memenangi hadiah RM2368 dari Grab. Klik http://semakan-lhdn-gov.top untuk tuntut.,1
Akses portal SAPS anda akan ditamatkan dalam masa 24 jam. Sila log masuk di http://login-secure-web.net untuk rayuan.,1
Peringatan mesyuarat: Perbincangan mengenai Digital Marketing akan diadakan pada Jumaat jam 10 PM.,0
Notis: Penyelenggaraan sistem E-Daftar akan dijalankan pada malam ini dari jam 12AM hingga 4AM.,0
Sila hantar laporan mingguan bagi projek Pembangunan Sistem IoT sebelum hari Jumaat ini.,0
"Amaran: Percubaan log masuk dikesan pada akaun iCloud anda. Jika bukan anda, klik http://bit.ly/kemaskini-akaun-2026.",1
Resit rasmi bagi transaksi TXN371071 berjaya diproses. Sila simpan untuk rujukan masa hadapan.,0
Resit rasmi bagi transaksi TXN601283 berjaya diproses. Sila simpan untuk rujukan masa hadapan.,0
Kurier J&T Express: Penghantaran bungkusan anda gagal. Sila bayar kos penghantaran semula di http://bit.ly/kemaskini-akaun-2026.,1
Notis LHDN: Anda mempunyai tunggakan cukai sebanyak RM4150. Sila bayar segera di http://bit.ly/kemaskini-akaun-2026.,1
Tahniah! Anda terpilih memenangi hadiah RM4829 dari Shopee. Klik http://bit.ly/kemaskini-akaun-2026 untuk tuntut.,1
Peringatan: Langganan Unifi anda gagal diperbaharui. Kemaskini kad kredit anda di http://login-secure-web.net.,1
Peringatan mesyuarat: Perbincangan mengenai Digital Marketing akan diadakan pada Jumaat jam 3 PM.,0
"Amaran: Percubaan log masuk dikesan pada akaun iCloud anda. Jika bukan anda, klik http://semakan-lhdn-gov.top.",1
Notis LHDN: Anda mempunyai tunggakan cukai sebanyak RM3506. Sila bayar segera di http://semakan-lhdn-gov.top.,1
Terima kasih kerana menggunakan perkhidmatan Pos Laju. Sila berikan maklum balas anda di sini.,0
Terima kasih kerana menggunakan perkhidmatan J&T Express. Sila berikan maklum balas anda di sini.,0
Kurier Pos Laju: Penghantaran bungkusan anda gagal. Sila bayar kos penghantaran semula di http://login-secure-web.net.,1
Peringatan: Langganan iCloud anda gagal diperbaharui. Kemaskini kad kredit anda di http://bit.ly/kemaskini-akaun-2026.,1
Penyata akaun bulanan anda bagi bulan Jun kini boleh dimuat turun di portal rasmi.,0
Tindakan segera diperlukan! Akaun RHB Now anda telah disekat. Sila sahkan identiti di http://verify-identity.com.,1
Sila hantar laporan mingguan bagi projek Pembangunan Sistem IoT sebelum hari Jumaat ini.,0
"Amaran: Percubaan log masuk dikesan pada akaun Disney+ Hotstar anda. Jika bukan anda, klik http://login-secure-web.net.",1
"Amaran: Percubaan log masuk dikesan pada akaun Spotify anda. Jika bukan anda, klik http://bit.ly/kemaskini-akaun-2026.",1
Bantuan Tunai Rahmah: Semak status kelayakan RM2923 anda di pautan rasmi ini http://verify-identity.com.,1
Resit rasmi bagi transaksi TXN575735 berjaya diproses. Sila simpan untuk rujukan masa hadapan.,0
Kurier J&T Express: Penghantaran bungkusan anda gagal. Sila bayar kos penghantaran semula di http://login-secure-web.net.,1
Makluman: Gangguan bekalan air di kawasan Besut dijangka pulih pada jam 4 PM.,0
Peringatan: Langganan iCloud anda gagal diperbaharui. Kemaskini kad kredit anda di http://semakan-lhdn-gov.top.,1
Tahniah! Anda terpilih memenangi hadiah RM4952 dari Lazada. Klik http://verify-identity.com untuk tuntut.,1
Peringatan mesyuarat: Perbincangan mengenai Latihan Industri akan diadakan pada Jumaat jam 2 PM.,0
Tahniah! Anda terpilih memenangi hadiah RM3539 dari J&T Express. Klik http://bit.ly/kemaskini-akaun-2026 untuk tuntut.,1
Sila hantar laporan mingguan bagi projek Pembangunan Sistem IoT sebelum hari Jumaat ini.,0
Pengesahan pendaftaran: Anda telah berjaya mendaftar untuk kursus Cybersecurity Forensics di portal UniSZA.,0
Peringatan mesyuarat: Perbincangan mengenai Digital Marketing akan diadakan pada Jumaat jam 8 PM.,0
Tindakan segera diperlukan! Akaun RHB Now anda telah disekat. Sila sahkan identiti di http://semakan-lhdn-gov.top.,1
Resit rasmi bagi transaksi TXN844875 berjaya diproses. Sila simpan untuk rujukan masa hadapan.,0
Akses portal SAPS anda akan ditamatkan dalam masa 24 jam. Sila log masuk di http://verify-identity.com untuk rayuan.,1
Makluman: Gangguan bekalan air di kawasan Johor Bahru dijangka pulih pada jam 3 PM.,0
Peringatan mesyuarat: Perbincangan mengenai SecurityX Training akan diadakan pada Jumaat jam 1 PM.,0
Makluman: Gangguan bekalan air di kawasan Kuala Lumpur dijangka pulih pada jam 1 PM.,0
Tindakan segera diperlukan! Akaun Public Bank anda telah disekat. Sila sahkan identiti di http://bit.ly/kemaskini-akaun-2026.,1
Bantuan Tunai Rahmah: Semak status kelayakan RM3360 anda di pautan rasmi ini http://bit.ly/kemaskini-akaun-2026.,1
Akses portal SAPS anda akan ditamatkan dalam masa 24 jam. Sila log masuk di http://verify-identity.com untuk rayuan.,1
Pengesahan pendaftaran: Anda telah berjaya mendaftar untuk kursus Cybersecurity Forensics di portal UniSZA.,0
Tahniah! Anda terpilih memenangi hadiah RM1735 dari Touch 'n Go. Klik http://verify-identity.com untuk tuntut.,1
Peringatan mesyuarat: Perbincangan mengenai Final Year Project akan diadakan pada Jumaat jam 11 PM.,0
Makluman: Gangguan bekalan air di kawasan Johor Bahru dijangka pulih pada jam 7 PM.,0
Sila hantar laporan mingguan bagi projek Pembangunan Sistem IoT sebelum hari Jumaat ini.,0
Resit rasmi bagi transaksi TXN895559 berjaya diproses. Sila simpan untuk rujukan masa hadapan.,0
Kurier Shopee: Penghantaran bungkusan anda gagal. Sila bayar kos penghantaran semula di http://login-secure-web.net.,1
Pengesahan pendaftaran: Anda telah berjaya mendaftar untuk kursus Cybersecurity Forensics di portal UniSZA.,0
Peringatan mesyuarat: Perbincangan mengenai Latihan Industri akan diadakan pada Jumaat jam 3 PM.,0
Notis LHDN: Anda mempunyai tunggakan cukai sebanyak RM3587. Sila bayar segera di http://semakan-lhdn-gov.top.,1
Bantuan Tunai Rahmah: Semak status kelayakan RM2492 anda di pautan rasmi ini http://bit.ly/kemaskini-akaun-2026.,1
Tahniah! Anda terpilih memenangi hadiah RM810 dari Pos Laju. Klik http://bit.ly/kemaskini-akaun-2026 untuk tuntut.,1
Kurier Lazada: Penghantaran bungkusan anda gagal. Sila bayar kos penghantaran semula di http://login-secure-web.net.,1
Pengesahan pendaftaran: Anda telah berjaya mendaftar untuk kursus Cybersecurity Forensics di portal UniSZA.,0
"Amaran: Percubaan log masuk dikesan pada akaun Spotify anda. Jika bukan anda, klik http://login-secure-web.net.",1
Sila hantar laporan mingguan bagi projek Pembangunan Sistem IoT sebelum hari Jumaat ini.,0
Resit rasmi bagi transaksi TXN387643 berjaya diproses. Sila simpan untuk rujukan masa hadapan.,0
Penyata akaun bulanan anda bagi bulan Februari kini boleh dimuat turun di portal rasmi.,0
Penyata akaun bulanan anda bagi bulan Januari kini boleh dimuat turun di portal rasmi.,0
Terima kasih kerana menggunakan perkhidmatan Touch 'n Go. Sila berikan maklum balas anda di sini.,0
Notis: Penyelenggaraan sistem E-Daftar akan dijalankan pada malam ini dari jam 12AM hingga 4AM.,0
Terima kasih kerana menggunakan perkhidmatan Shopee. Sila berikan maklum balas anda di sini.,0
Notis: Penyelenggaraan sistem E-Daftar akan dijalankan pada malam ini dari jam 12AM hingga 4AM.,0
Tindakan segera diperlukan! Akaun RHB Now anda telah disekat. Sila sahkan identiti di http://verify-identity.com.,1
Bantuan Tunai Rahmah: Semak status kelayakan RM2825 anda di pautan rasmi ini http://bit.ly/kemaskini-akaun-2026.,1
Peringatan: Langganan Unifi anda gagal diperbaharui. Kemaskini kad kredit anda di http://bit.ly/kemaskini-akaun-2026.,1
Akses portal SAPS anda akan ditamatkan dalam masa 24 jam. Sila log masuk di http://login-secure-web.net untuk rayuan.,1
Notis: Penyelenggaraan sistem E-Daftar akan dijalankan pada malam ini dari jam 12AM hingga 4AM.,0
Resit rasmi bagi transaksi TXN235758 berjaya diproses. Sila simpan untuk rujukan masa hadapan.,0
Akses portal SAPS anda akan ditamatkan dalam masa 24 jam. Sila log masuk di http://semakan-lhdn-gov.top untuk rayuan.,1
Terima kasih kerana menggunakan perkhidmatan Shopee. Sila berikan maklum balas anda di sini.,0
Penyata akaun bulanan anda bagi bulan Februari kini boleh dimuat turun di portal rasmi.,0
Resit rasmi bagi transaksi TXN734531 berjaya diproses. Sila simpan untuk rujukan masa hadapan.,0
Resit rasmi bagi transaksi TXN167977 berjaya diproses. Sila simpan untuk rujukan masa hadapan.,0
Makluman: Gangguan bekalan air di kawasan Gong Badak dijangka pulih pada jam 10 PM.,0
Notis: Penyelenggaraan sistem E-Daftar akan dijalankan pada malam ini dari jam 12AM hingga 4AM.,0
Makluman: Gangguan bekalan air di kawasan Kuala Lumpur dijangka pulih pada jam 7 PM.,0
Peringatan: Langganan Netflix anda gagal diperbaharui. Kemaskini kad kredit anda di http://login-secure-web.net.,1
Notis: Penyelenggaraan sistem E-Daftar akan dijalankan pada malam ini dari jam 12AM hingga 4AM.,0
Pengesahan pendaftaran: Anda telah berjaya mendaftar untuk kursus Cybersecurity Forensics di portal UniSZA.,0
Kurier J&T Express: Penghantaran bungkusan anda gagal. Sila bayar kos penghantaran semula di http://login-secure-web.net.,1
Notis: Penyelenggaraan sistem E-Daftar akan dijalankan pada malam ini dari jam 12AM hingga 4AM.,0
Kurier Lazada: Penghantaran bungkusan anda gagal. Sila bayar kos penghantaran semula di http://bit.ly/kemaskini-akaun-2026.,1
Pengesahan pendaftaran: Anda telah berjaya mendaftar untuk kursus Cybersecurity Forensics di portal UniSZA.,0
"Amaran: Percubaan log masuk dikesan pada akaun Spotify anda. Jika bukan anda, klik http://bit.ly/kemaskini-akaun-2026.",1
Peringatan: Langganan iCloud anda gagal diperbaharui. Kemaskini kad kredit anda di http://bit.ly/kemaskini-akaun-2026.,1
Makluman: Gangguan bekalan air di kawasan Kuala Terengganu dijangka pulih pada jam 5 PM.,0
Kurier Grab: Penghantaran bungkusan anda gagal. Sila bayar kos penghantaran semula di http://semakan-lhdn-gov.top.,1
Pengesahan pendaftaran: Anda telah berjaya mendaftar untuk kursus Cybersecurity Forensics di portal UniSZA.,0
Akses portal SAPS anda akan ditamatkan dalam masa 24 jam. Sila log masuk di http://bit.ly/kemaskini-akaun-2026 untuk rayuan.,1
"Amaran: Percubaan log masuk dikesan pada akaun Spotify anda. Jika bukan anda, klik http://semakan-lhdn-gov.top.",1
Akses portal SAPS anda akan ditamatkan dalam masa 24 jam. Sila log masuk di http://bit.ly/kemaskini-akaun-2026 untuk rayuan.,1
"Amaran: Percubaan log masuk dikesan pada akaun Netflix anda. Jika bukan anda, klik http://verify-identity.com.",1
Penyata akaun bulanan anda bagi bulan Mac kini boleh dimuat turun di portal rasmi.,0
Akses portal SAPS anda akan ditamatkan dalam masa 24 jam. Sila log masuk di http://login-secure-web.net untuk rayuan.,1
Pengesahan pendaftaran: Anda telah berjaya mendaftar untuk kursus Cybersecurity Forensics di portal UniSZA.,0
Peringatan: Langganan Spotify anda gagal diperbaharui. Kemaskini kad kredit anda di http://semakan-lhdn-gov.top.,1
Bantuan Tunai Rahmah: Semak status kelayakan RM1164 anda di pautan rasmi ini http://login-secure-web.net.,1
Tahniah! Anda terpilih memenangi hadiah RM4973 dari Touch 'n Go. Klik http://semakan-lhdn-gov.top untuk tuntut.,1
"Amaran: Percubaan log masuk dikesan pada akaun Spotify anda. Jika bukan anda, klik http://login-secure-web.net.",1
Resit rasmi bagi transaksi TXN290799 berjaya diproses. Sila simpan untuk rujukan masa hadapan.,0
Sila hantar laporan mingguan bagi projek Pembangunan Sistem IoT sebelum hari Jumaat ini.,0
Notis LHDN: Anda mempunyai tunggakan cukai sebanyak RM1898. Sila bayar segera di http://login-secure-web.net.,1
Bantuan Tunai Rahmah: Semak status kelayakan RM1680 anda di pautan rasmi ini http://bit.ly/kemaskini-akaun-2026.,1
Resit rasmi bagi transaksi TXN413968 berjaya diproses. Sila simpan untuk rujukan masa hadapan.,0
Terima kasih kerana menggunakan perkhidmatan Touch 'n Go. Sila berikan maklum balas anda di sini.,0
Notis: Penyelenggaraan sistem E-Daftar akan dijalankan pada malam ini dari jam 12AM hingga 4AM.,0
Tahniah! Anda terpilih memenangi hadiah RM3892 dari Touch 'n Go. Klik http://login-secure-web.net untuk tuntut.,1
Notis: Penyelenggaraan sistem E-Daftar akan dijalankan pada malam ini dari jam 12AM hingga 4AM.,0
Tindakan segera diperlukan! Akaun RHB Now anda telah disekat. Sila sahkan identiti di http://login-secure-web.net.,1
Tahniah! Anda terpilih memenangi hadiah RM4508 dari Shopee. Klik http://login-secure-web.net untuk tuntut.,1
Penyata akaun bulanan anda bagi bulan Mei kini boleh dimuat turun di portal rasmi.,0
Terima kasih kerana menggunakan perkhidmatan Lazada. Sila berikan maklum balas anda di sini.,0
Notis: Penyelenggaraan sistem E-Daftar akan dijalankan pada malam ini dari jam 12AM hingga 4AM.,0
Penyata akaun bulanan anda bagi bulan Mei kini boleh dimuat turun di portal rasmi.,0
Notis: Penyelenggaraan sistem E-Daftar akan dijalankan pada malam ini dari jam 12AM hingga 4AM.,0
Sila hantar laporan mingguan bagi projek Pembangunan Sistem IoT sebelum hari Jumaat ini.,0
Akses portal SAPS anda akan ditamatkan dalam masa 24 jam. Sila log masuk di http://verify-identity.com untuk rayuan.,1
Resit rasmi bagi transaksi TXN582238 berjaya diproses. Sila simpan untuk rujukan masa hadapan.,0
Peringatan: Langganan Unifi anda gagal diperbaharui. Kemaskini kad kredit anda di http://login-secure-web.net.,1
Makluman: Gangguan bekalan air di kawasan Kuala Terengganu dijangka pulih pada jam 1 PM.,0
Akses portal SAPS anda akan ditamatkan dalam masa 24 jam. Sila log masuk di http://verify-identity.com untuk rayuan.,1
Pengesahan pendaftaran: Anda telah berjaya mendaftar untuk kursus Cybersecurity Forensics di portal UniSZA.,0
Sila hantar laporan mingguan bagi projek Pembangunan Sistem IoT sebelum hari Jumaat ini.,0
Resit rasmi bagi transaksi TXN249893 berjaya diproses. Sila simpan untuk rujukan masa hadapan.,0
Pengesahan pendaftaran: Anda telah berjaya mendaftar untuk kursus Cybersecurity Forensics di portal UniSZA.,0
Bantuan Tunai Rahmah: Semak status kelayakan RM3898 anda di pautan rasmi ini http://login-secure-web.net.,1
Notis: Penyelenggaraan sistem E-Daftar akan dijalankan pada malam ini dari jam 12AM hingga 4AM.,0
Peringatan mesyuarat: Perbincangan mengenai Final Year Project akan diadakan pada Jumaat jam 9 PM.,0
Terima kasih kerana menggunakan perkhidmatan Grab. Sila berikan maklum balas anda di sini.,0
Penyata akaun bulanan anda bagi bulan Mei kini boleh dimuat turun di portal rasmi.,0
Tindakan segera diperlukan! Akaun Public Bank anda telah disekat. Sila sahkan identiti di http://bit.ly/kemaskini-akaun-2026.,1
Notis: Penyelenggaraan sistem E-Daftar akan dijalankan pada malam ini dari jam 12AM hingga 4AM.,0
Notis LHDN: Anda mempunyai tunggakan cukai sebanyak RM4133. Sila bayar segera di http://bit.ly/kemaskini-akaun-2026.,1
Peringatan mesyuarat: Perbincangan mengenai SecurityX Training akan diadakan pada Jumaat jam 9 PM.,0
Notis LHDN: Anda mempunyai tunggakan cukai sebanyak RM3899. Sila bayar segera di http://bit.ly/kemaskini-akaun-2026.,1
Makluman: Gangguan bekalan air di kawasan Kuala Terengganu dijangka pulih pada jam 1 PM.,0
Makluman: Gangguan bekalan air di kawasan Besut dijangka pulih pada jam 11 PM.,0
Pengesahan pendaftaran: Anda telah berjaya mendaftar untuk kursus Cybersecurity Forensics di portal UniSZA.,0
Peringatan mesyuarat: Perbincangan mengenai SecurityX Training akan diadakan pada Jumaat jam 5 PM.,0
Peringatan mesyuarat: Perbincangan mengenai Latihan Industri akan diadakan pada Jumaat jam 3 PM.,0
Pengesahan pendaftaran: Anda telah berjaya mendaftar untuk kursus Cybersecurity Forensics di portal UniSZA.,0
Kurier Shopee: Penghantaran bungkusan anda gagal. Sila bayar kos penghantaran semula di http://login-secure-web.net.,1
Tahniah! Anda terpilih memenangi hadiah RM3574 dari J&T Express. Klik http://login-secure-web.net untuk tuntut.,1
Akses portal SAPS anda akan ditamatkan dalam masa 24 jam. Sila log masuk di http://login-secure-web.net untuk rayuan.,1
Resit rasmi bagi transaksi TXN664414 berjaya diproses. Sila simpan untuk rujukan masa hadapan.,0
Notis LHDN: Anda mempunyai tunggakan cukai sebanyak RM1566. Sila bayar segera di http://bit.ly/kemaskini-akaun-2026.,1
Bantuan Tunai Rahmah: Semak status kelayakan RM1041 anda di pautan rasmi ini http://login-secure-web.net.,1
Peringatan mesyuarat: Perbincangan mengenai SecurityX Training akan diadakan pada Jumaat jam 1 PM.,0
Penyata akaun bulanan anda bagi bulan Mac kini boleh dimuat turun di portal rasmi.,0
Notis: Penyelenggaraan sistem E-Daftar akan dijalankan pada malam ini dari jam 12AM hingga 4AM.,0
Tahniah! Anda terpilih memenangi hadiah RM1515 dari Pos Laju. Klik http://login-secure-web.net untuk tuntut.,1
"Amaran: Percubaan log masuk dikesan pada akaun Unifi anda. Jika bukan anda, klik http://verify-identity.com.",1
Resit rasmi bagi transaksi TXN313100 berjaya diproses. Sila simpan untuk rujukan masa hadapan.,0
Notis: Penyelenggaraan sistem E-Daftar akan dijalankan pada malam ini dari jam 12AM hingga 4AM.,0
Notis LHDN: Anda mempunyai tunggakan cukai sebanyak RM2995. Sila bayar segera di http://verify-identity.com.,1
Peringatan mesyuarat: Perbincangan mengenai SecurityX Training akan diadakan pada Jumaat jam 6 PM.,0
Terima kasih kerana menggunakan perkhidmatan Touch 'n Go. Sila berikan maklum balas anda di sini.,0
Peringatan: Langganan Spotify anda gagal diperbaharui. Kemaskini kad kredit anda di http://bit.ly/kemaskini-akaun-2026.,1
Makluman: Gangguan bekalan air di kawasan Kuala Lumpur dijangka pulih pada jam 5 PM.,0
Peringatan mesyuarat: Perbincangan mengenai Digital Marketing akan diadakan pada Jumaat jam 3 PM.,0
Akses portal SAPS anda akan ditamatkan dalam masa 24 jam. Sila log masuk di http://login-secure-web.net untuk rayuan.,1
Peringatan mesyuarat: Perbincangan mengenai Digital Marketing akan diadakan pada Jumaat jam 2 PM.,0
Terima kasih kerana menggunakan perkhidmatan Shopee. Sila berikan maklum balas anda di sini.,0
Tahniah! Anda terpilih memenangi hadiah RM3288 dari Shopee. Klik http://semakan-lhdn-gov.top untuk tuntut.,1
Makluman: Gangguan bekalan air di kawasan Gong Badak dijangka pulih pada jam 12 PM.,0
Pengesahan pendaftaran: Anda telah berjaya mendaftar untuk kursus Cybersecurity Forensics di portal UniSZA.,0
Kurier Grab: Penghantaran bungkusan anda gagal. Sila bayar kos penghantaran semula di http://semakan-lhdn-gov.top.,1
Notis LHDN: Anda mempunyai tunggakan cukai sebanyak RM3322. Sila bayar segera di http://bit.ly/kemaskini-akaun-2026.,1
Resit rasmi bagi transaksi TXN587568 berjaya diproses. Sila simpan untuk rujukan masa hadapan.,0
Tindakan segera diperlukan! Akaun CIMB Clicks anda telah disekat. Sila sahkan identiti di http://login-secure-web.net.,1
Peringatan mesyuarat: Perbincangan mengenai SecurityX Training akan diadakan pada Jumaat jam 8 PM.,0
Terima kasih kerana menggunakan perkhidmatan Grab. Sila berikan maklum balas anda di sini.,0
Tahniah! Anda terpilih memenangi hadiah RM1816 dari J&T Express. Klik http://semakan-lhdn-gov.top untuk tuntut.,1
Sila hantar laporan mingguan bagi projek Pembangunan Sistem IoT sebelum hari Jumaat ini.,0
Pengesahan pendaftaran: Anda telah berjaya mendaftar untuk kursus Cybersecurity Forensics di portal UniSZA.,0
Makluman: Gangguan bekalan air di kawasan Gong Badak dijangka pulih pada jam 9 PM.,0
Resit rasmi bagi transaksi TXN915478 berjaya diproses. Sila simpan untuk rujukan masa hadapan.,0
"Amaran: Percubaan log masuk dikesan pada akaun Spotify anda. Jika bukan anda, klik http://login-secure-web.net.",1
Pengesahan pendaftaran: Anda telah berjaya mendaftar untuk kursus Cybersecurity Forensics di portal UniSZA.,0
Resit rasmi bagi transaksi TXN487084 berjaya diproses. Sila simpan untuk rujukan masa hadapan.,0
Pengesahan pendaftaran: Anda telah berjaya mendaftar untuk kursus Cybersecurity Forensics di portal UniSZA.,0
Resit rasmi bagi transaksi TXN567905 berjaya diproses. Sila simpan untuk rujukan masa hadapan.,0
Tahniah! Anda terpilih memenangi hadiah RM1046 dari Lazada. Klik http://bit.ly/kemaskini-akaun-2026 untuk tuntut.,1
Notis: Penyelenggaraan sistem E-Daftar akan dijalankan pada malam ini dari jam 12AM hingga 4AM.,0
Peringatan: Langganan Netflix anda gagal diperbaharui. Kemaskini kad kredit anda di http://semakan-lhdn-gov.top.,1
Terima kasih kerana menggunakan perkhidmatan Grab. Sila berikan maklum balas anda di sini.,0
Sila hantar laporan mingguan bagi projek Pembangunan Sistem IoT sebelum hari Jumaat ini.,0
Kurier Pos Laju: Penghantaran bungkusan anda gagal. Sila bayar kos penghantaran semula di http://semakan-lhdn-gov.top.,1
Terima kasih kerana menggunakan perkhidmatan Lazada. Sila berikan maklum balas anda di sini.,0
Notis: Penyelenggaraan sistem E-Daftar akan dijalankan pada malam ini dari jam 12AM hingga 4AM.,0
Notis: Penyelenggaraan sistem E-Daftar akan dijalankan pada malam ini dari jam 12AM hingga 4AM.,0
Kurier Touch 'n Go: Penghantaran bungkusan anda gagal. Sila bayar kos penghantaran semula di http://login-secure-web.net.,1
Resit rasmi bagi transaksi TXN577318 berjaya diproses. Sila simpan untuk rujukan masa hadapan.,0
Notis LHDN: Anda mempunyai tunggakan cukai sebanyak RM2788. Sila bayar segera di http://login-secure-web.net.,1
Notis: Penyelenggaraan sistem E-Daftar akan dijalankan pada malam ini dari jam 12AM hingga 4AM.,0
Notis: Penyelenggaraan sistem E-Daftar akan dijalankan pada malam ini dari jam 12AM hingga 4AM.,0
Bantuan Tunai Rahmah: Semak status kelayakan RM2659 anda di pautan rasmi ini http://semakan-lhdn-gov.top.,1
Bantuan Tunai Rahmah: Semak status kelayakan RM2259 anda di pautan rasmi ini http://semakan-lhdn-gov.top.,1
"Amaran: Percubaan log masuk dikesan pada akaun Disney+ Hotstar anda. Jika bukan anda, klik http://login-secure-web.net.",1
Tindakan segera diperlukan! Akaun CIMB Clicks anda telah disekat. Sila sahkan identiti di http://bit.ly/kemaskini-akaun-2026.,1
Peringatan mesyuarat: Perbincangan mengenai SecurityX Training akan diadakan pada Jumaat jam 12 PM.,0
Sila hantar laporan mingguan bagi projek Pembangunan Sistem IoT sebelum hari Jumaat ini.,0
Akses portal SAPS anda akan ditamatkan dalam masa 24 jam. Sila log masuk di http://semakan-lhdn-gov.top untuk rayuan.,1
Notis: Penyelenggaraan sistem E-Daftar akan dijalankan pada malam ini dari jam 12AM hingga 4AM.,0
Peringatan mesyuarat: Perbincangan mengenai Digital Marketing akan diadakan pada Jumaat jam 2 PM.,0
Resit rasmi bagi transaksi TXN573865 berjaya diproses. Sila simpan untuk rujukan masa hadapan.,0
Tahniah! Anda terpilih memenangi hadiah RM2628 dari J&T Express. Klik http://verify-identity.com untuk tuntut.,1
Sila hantar laporan mingguan bagi projek Pembangunan Sistem IoT sebelum hari Jumaat ini.,0
Bantuan Tunai Rahmah: Semak status kelayakan RM1158 anda di pautan rasmi ini http://semakan-lhdn-gov.top.,1
Notis: Penyelenggaraan sistem E-Daftar akan dijalankan pada malam ini dari jam 12AM hingga 4AM.,0
Tahniah! Anda terpilih memenangi hadiah RM4417 dari J&T Express. Klik http://login-secure-web.net untuk tuntut.,1
Penyata akaun bulanan anda bagi bulan Jun kini boleh dimuat turun di portal rasmi.,0
Sila hantar laporan mingguan bagi projek Pembangunan Sistem IoT sebelum hari Jumaat ini.,0
Akses portal SAPS anda akan ditamatkan dalam masa 24 jam. Sila log masuk di http://semakan-lhdn-gov.top untuk rayuan.,1
Makluman: Gangguan bekalan air di kawasan Kuala Lumpur dijangka pulih pada jam 7 PM.,0
Peringatan: Langganan Spotify anda gagal diperbaharui. Kemaskini kad kredit anda di http://login-secure-web.net.,1
Peringatan: Langganan Spotify anda gagal diperbaharui. Kemaskini kad kredit anda di http://login-secure-web.net.,1
Peringatan: Langganan Unifi anda gagal diperbaharui. Kemaskini kad kredit anda di http://login-secure-web.net.,1
Pengesahan pendaftaran: Anda telah berjaya mendaftar untuk kursus Cybersecurity Forensics di portal UniSZA.,0
Tindakan segera diperlukan! Akaun Public Bank anda telah disekat. Sila sahkan identiti di http://semakan-lhdn-gov.top.,1
Peringatan mesyuarat: Perbincangan mengenai Digital Marketing akan diadakan pada Jumaat jam 9 PM.,0
Kurier Lazada: Penghantaran bungkusan anda gagal. Sila bayar kos penghantaran semula di http://login-secure-web.net.,1
Peringatan mesyuarat: Perbincangan mengenai SecurityX Training akan diadakan pada Jumaat jam 2 PM.,0
Makluman: Gangguan bekalan air di kawasan Gong Badak dijangka pulih pada jam 11 PM.,0
Resit rasmi bagi transaksi TXN570450 berjaya diproses. Sila simpan untuk rujukan masa hadapan.,0
Penyata akaun bulanan anda bagi bulan Februari kini boleh dimuat turun di portal rasmi.,0
Penyata akaun bulanan anda bagi bulan Mac kini boleh dimuat turun di portal rasmi.,0
Notis LHDN: Anda mempunyai tunggakan cukai sebanyak RM3700. Sila bayar segera di http://verify-identity.com.,1
Tahniah! Anda terpilih memenangi hadiah RM2360 dari Lazada. Klik http://login-secure-web.net untuk tuntut.,1
Tahniah! Anda terpilih memenangi hadiah RM4783 dari Lazada. Klik http://semakan-lhdn-gov.top untuk tuntut.,1
Bantuan Tunai Rahmah: Semak status kelayakan RM3553 anda di pautan rasmi ini http://bit.ly/kemaskini-akaun-2026.,1
Tindakan segera diperlukan! Akaun Maybank2u anda telah disekat. Sila sahkan identiti di http://semakan-lhdn-gov.top.,1
Kurier Touch 'n Go: Penghantaran bungkusan anda gagal. Sila bayar kos penghantaran semula di http://login-secure-web.net.,1
Akses portal SAPS anda akan ditamatkan dalam masa 24 jam. Sila log masuk di http://login-secure-web.net untuk rayuan.,1
Peringatan: Langganan Disney+ Hotstar anda gagal diperbaharui. Kemaskini kad kredit anda di http://verify-identity.com.,1
Pengesahan pendaftaran: Anda telah berjaya mendaftar untuk kursus Cybersecurity Forensics di portal UniSZA.,0
Peringatan mesyuarat: Perbincangan mengenai Digital Marketing akan diadakan pada Jumaat jam 1 PM.,0
Sila hantar laporan mingguan bagi projek Pembangunan Sistem IoT sebelum hari Jumaat ini.,0
Makluman: Gangguan bekalan air di kawasan Kuala Lumpur dijangka pulih pada jam 6 PM.,0
Resit rasmi bagi transaksi TXN541425 berjaya diproses. Sila simpan untuk rujukan masa hadapan.,0
Peringatan: Langganan Disney+ Hotstar anda gagal diperbaharui. Kemaskini kad kredit anda di http://bit.ly/kemaskini-akaun-2026.,1
Notis LHDN: Anda mempunyai tunggakan cukai sebanyak RM2885. Sila bayar segera di http://semakan-lhdn-gov.top.,1
Peringatan: Langganan Spotify anda gagal diperbaharui. Kemaskini kad kredit anda di http://bit.ly/kemaskini-akaun-2026.,1
"Amaran: Percubaan log masuk dikesan pada akaun iCloud anda. Jika bukan anda, klik http://verify-identity.com.",1
Bantuan Tunai Rahmah: Semak status kelayakan RM4062 anda di pautan rasmi ini http://verify-identity.com.,1
Resit rasmi bagi transaksi TXN206895 berjaya diproses. Sila simpan untuk rujukan masa hadapan.,0
Notis LHDN: Anda mempunyai tunggakan cukai sebanyak RM4721. Sila bayar segera di http://login-secure-web.net.,1
Kurier Grab: Penghantaran bungkusan anda gagal. Sila bayar kos penghantaran semula di http://verify-identity.com.,1
"Amaran: Percubaan log masuk dikesan pada akaun Unifi anda. Jika bukan anda, klik http://login-secure-web.net.",1
Makluman: Gangguan bekalan air di kawasan Johor Bahru dijangka pulih pada jam 1 PM.,0
Sila hantar laporan mingguan bagi projek Pembangunan Sistem IoT sebelum hari Jumaat ini.,0
Tindakan segera diperlukan! Akaun Maybank2u anda telah disekat. Sila sahkan identiti di http://bit.ly/kemaskini-akaun-2026.,1
Resit rasmi bagi transaksi TXN227532 berjaya diproses. Sila simpan untuk rujukan masa hadapan.,0
Tindakan segera diperlukan! Akaun Public Bank anda telah disekat. Sila sahkan identiti di http://verify-identity.com.,1
Akses portal SAPS anda akan ditamatkan dalam masa 24 jam. Sila log masuk di http://verify-identity.com untuk rayuan.,1
Tindakan segera diperlukan! Akaun RHB Now anda telah disekat. Sila sahkan identiti di http://login-secure-web.net.,1
Notis LHDN: Anda mempunyai tunggakan cukai sebanyak RM1514. Sila bayar segera di http://verify-identity.com.,1
Sila hantar laporan mingguan bagi projek Pembangunan Sistem IoT sebelum hari Jumaat ini.,0
Tindakan segera diperlukan! Akaun CIMB Clicks anda telah disekat. Sila sahkan identiti di http://bit.ly/kemaskini-akaun-2026.,1
Tindakan segera diperlukan! Akaun CIMB Clicks anda telah disekat. Sila sahkan identiti di http://login-secure-web.net.,1
Notis LHDN: Anda mempunyai tunggakan cukai sebanyak RM4233. Sila bayar segera di http://semakan-lhdn-gov.top.,1
Resit rasmi bagi transaksi TXN186827 berjaya diproses. Sila simpan untuk rujukan masa hadapan.,0
Pengesahan pendaftaran: Anda telah berjaya mendaftar untuk kursus Cybersecurity Forensics di portal UniSZA.,0
Pengesahan pendaftaran: Anda telah berjaya mendaftar untuk kursus Cybersecurity Forensics di portal UniSZA.,0
Notis LHDN: Anda mempunyai tunggakan cukai sebanyak RM781. Sila bayar segera di http://login-secure-web.net.,1
Tahniah! Anda terpilih memenangi hadiah RM1999 dari Lazada. Klik http://semakan-lhdn-gov.top untuk tuntut.,1
Sila hantar laporan mingguan bagi projek Pembangunan Sistem IoT sebelum hari Jumaat ini.,0
Kurier Touch 'n Go: Penghantaran bungkusan anda gagal. Sila bayar kos penghantaran semula di http://bit.ly/kemaskini-akaun-2026.,1
Notis LHDN: Anda mempunyai tunggakan cukai sebanyak RM1393. Sila bayar segera di http://login-secure-web.net.,1
Makluman: Gangguan bekalan air di kawasan Kuala Lumpur dijangka pulih pada jam 2 PM.,0
Notis LHDN: Anda mempunyai tunggakan cukai sebanyak RM4712. Sila bayar segera di http://bit.ly/kemaskini-akaun-2026.,1
Notis LHDN: Anda mempunyai tunggakan cukai sebanyak RM3139. Sila bayar segera di http://verify-identity.com.,1
Bantuan Tunai Rahmah: Semak status kelayakan RM1846 anda di pautan rasmi ini http://login-secure-web.net.,1
Bantuan Tunai Rahmah: Semak status kelayakan RM2926 anda di pautan rasmi ini http://login-secure-web.net.,1
Penyata akaun bulanan anda bagi bulan Januari kini boleh dimuat turun di portal rasmi.,0
Peringatan mesyuarat: Perbincangan mengenai Final Year Project akan diadakan pada Jumaat jam 1 PM.,0
Resit rasmi bagi transaksi TXN453669 berjaya diproses. Sila simpan untuk rujukan masa hadapan.,0
Sila hantar laporan mingguan bagi projek Pembangunan Sistem IoT sebelum hari Jumaat ini.,0
Pengesahan pendaftaran: Anda telah berjaya mendaftar untuk kursus Cybersecurity Forensics di portal UniSZA.,0
Resit rasmi bagi transaksi TXN252347 berjaya diproses. Sila simpan untuk rujukan masa hadapan.,0
Peringatan: Langganan Unifi anda gagal diperbaharui. Kemaskini kad kredit anda di http://semakan-lhdn-gov.top.,1
Resit rasmi bagi transaksi TXN677500 berjaya diproses. Sila simpan untuk rujukan masa hadapan.,0
Resit rasmi bagi transaksi TXN295335 berjaya diproses. Sila simpan untuk rujukan masa hadapan.,0
Notis LHDN: Anda mempunyai tunggakan cukai sebanyak RM3961. Sila bayar segera di http://semakan-lhdn-gov.top.,1
Sila hantar laporan mingguan bagi projek Pembangunan Sistem IoT sebelum hari Jumaat ini.,0
Sila hantar laporan mingguan bagi projek Pembangunan Sistem IoT sebelum hari Jumaat ini.,0
Peringatan: Langganan Netflix anda gagal diperbaharui. Kemaskini kad kredit anda di http://semakan-lhdn-gov.top.,1
"Amaran: Percubaan log masuk dikesan pada akaun Netflix anda. Jika bukan anda, klik http://login-secure-web.net.",1
Bantuan Tunai Rahmah: Semak status kelayakan RM4763 anda di pautan rasmi ini http://bit.ly/kemaskini-akaun-2026.,1
Notis LHDN: Anda mempunyai tunggakan cukai sebanyak RM2763. Sila bayar segera di http://login-secure-web.net.,1
Notis LHDN: Anda mempunyai tunggakan cukai sebanyak RM4487. Sila bayar segera di http://login-secure-web.net.,1
Peringatan mesyuarat: Perbincangan mengenai Final Year Project akan diadakan pada Jumaat jam 1 PM.,0
Peringatan mesyuarat: Perbincangan mengenai Latihan Industri akan diadakan pada Jumaat jam 10 PM.,0
"Amaran: Percubaan log masuk dikesan pada akaun Spotify anda. Jika bukan anda, klik http://bit.ly/kemaskini-akaun-2026.",1
Makluman: Gangguan bekalan air di kawasan Kuala Lumpur dijangka pulih pada jam 12 PM.,0
Peringatan mesyuarat: Perbincangan mengenai Digital Marketing akan diadakan pada Jumaat jam 3 PM.,0
Peringatan mesyuarat: Perbincangan mengenai Latihan Industri akan diadakan pada Jumaat jam 10 PM.,0
Terima kasih kerana menggunakan perkhidmatan Grab. Sila berikan maklum balas anda di sini.,0
"Amaran: Percubaan log masuk dikesan pada akaun Disney+ Hotstar anda. Jika bukan anda, klik http://verify-identity.com.",1
Bantuan Tunai Rahmah: Semak status kelayakan RM1231 anda di pautan rasmi ini http://bit.ly/kemaskini-akaun-2026.,1
Penyata akaun bulanan anda bagi bulan Mac kini boleh dimuat turun di portal rasmi.,0
Terima kasih kerana menggunakan perkhidmatan Pos Laju. Sila berikan maklum balas anda di sini.,0
Pengesahan pendaftaran: Anda telah berjaya mendaftar untuk kursus Cybersecurity Forensics di portal UniSZA.,0
Makluman: Gangguan bekalan air di kawasan Besut dijangka pulih pada jam 5 PM.,0
Peringatan: Langganan Netflix anda gagal diperbaharui. Kemaskini kad kredit anda di http://semakan-lhdn-gov.top.,1
Pengesahan pendaftaran: Anda telah berjaya mendaftar untuk kursus Cybersecurity Forensics di portal UniSZA.,0
Tahniah! Anda terpilih memenangi hadiah RM2219 dari Pos Laju. Klik http://login-secure-web.net untuk tuntut.,1
Penyata akaun bulanan anda bagi bulan April kini boleh dimuat turun di portal rasmi.,0
Terima kasih kerana menggunakan perkhidmatan Touch 'n Go. Sila berikan maklum balas anda di sini.,0
Akses portal SAPS anda akan ditamatkan dalam masa 24 jam. Sila log masuk di http://semakan-lhdn-gov.top untuk rayuan.,1
Penyata akaun bulanan anda bagi bulan Mei kini boleh dimuat turun di portal rasmi.,0
"Amaran: Percubaan log masuk dikesan pada akaun Unifi anda. Jika bukan anda, klik http://login-secure-web.net.",1
"Amaran: Percubaan log masuk dikesan pada akaun Spotify anda. Jika bukan anda, klik http://bit.ly/kemaskini-akaun-2026.",1
Sila hantar laporan mingguan bagi projek Pembangunan Sistem IoT sebelum hari Jumaat ini.,0
Peringatan: Langganan iCloud anda gagal diperbaharui. Kemaskini kad kredit anda di http://verify-identity.com.,1
Peringatan: Langganan Disney+ Hotstar anda gagal diperbaharui. Kemaskini kad kredit anda di http://verify-identity.com.,1
Sila hantar laporan mingguan bagi projek Pembangunan Sistem IoT sebelum hari Jumaat ini.,0
Terima kasih kerana menggunakan perkhidmatan Lazada. Sila berikan maklum balas anda di sini.,0
Makluman: Gangguan bekalan air di kawasan Gong Badak dijangka pulih pada jam 9 PM.,0
Kurier Touch 'n Go: Penghantaran bungkusan anda gagal. Sila bayar kos penghantaran semula di http://semakan-lhdn-gov.top.,1
Peringatan mesyuarat: Perbincangan mengenai Latihan Industri akan diadakan pada Jumaat jam 1 PM.,0
Terima kasih kerana menggunakan perkhidmatan Lazada. Sila berikan maklum balas anda di sini.,0
Tahniah! Anda terpilih memenangi hadiah RM3265 dari Pos Laju. Klik http://verify-identity.com untuk tuntut.,1
Makluman: Gangguan bekalan air di kawasan Besut dijangka pulih pada jam 10 PM.,0
Kurier J&T Express: Penghantaran bungkusan anda gagal. Sila bayar kos penghantaran semula di http://login-secure-web.net.,1
Pengesahan pendaftaran: Anda telah berjaya mendaftar untuk kursus Cybersecurity Forensics di portal UniSZA.,0
"Amaran: Percubaan log masuk dikesan pada akaun Unifi anda. Jika bukan anda, klik http://semakan-lhdn-gov.top.",1
Peringatan: Langganan iCloud anda gagal diperbaharui. Kemaskini kad kredit anda di http://verify-identity.com.,1
Pengesahan pendaftaran: Anda telah berjaya mendaftar untuk kursus Cybersecurity Forensics di portal UniSZA.,0
Makluman: Gangguan bekalan air di kawasan Johor Bahru dijangka pulih pada jam 4 PM.,0
Notis: Penyelenggaraan sistem E-Daftar akan dijalankan pada malam ini dari jam 12AM hingga 4AM.,0
Peringatan mesyuarat: Perbincangan mengenai SecurityX Training akan diadakan pada Jumaat jam 3 PM.,0
Makluman: Gangguan bekalan air di kawasan Gong Badak dijangka pulih pada jam 3 PM.,0
Terima kasih kerana menggunakan perkhidmatan Touch 'n Go. Sila berikan maklum balas anda di sini.,0
Tahniah! Anda terpilih memenangi hadiah RM4407 dari Grab. Klik http://login-secure-web.net untuk tuntut.,1
Terima kasih kerana menggunakan perkhidmatan Pos Laju. Sila berikan maklum balas anda di sini.,0
Terima kasih kerana menggunakan perkhidmatan J&T Express. Sila berikan maklum balas anda di sini.,0
Tindakan segera diperlukan! Akaun Hong Leong Connect anda telah disekat. Sila sahkan identiti di http://login-secure-web.net.,1
Resit rasmi bagi transaksi TXN952284 berjaya diproses. Sila simpan untuk rujukan masa hadapan.,0
Terima kasih kerana menggunakan perkhidmatan Pos Laju. Sila berikan maklum balas anda di sini.,0
Kurier Grab: Penghantaran bungkusan anda gagal. Sila bayar kos penghantaran semula di http://bit.ly/kemaskini-akaun-2026.,1
Tahniah! Anda terpilih memenangi hadiah RM4118 dari Pos Laju. Klik http://verify-identity.com untuk tuntut.,1
Tindakan segera diperlukan! Akaun CIMB Clicks anda telah disekat. Sila sahkan identiti di http://login-secure-web.net.,1
Bantuan Tunai Rahmah: Semak status kelayakan RM3054 anda di pautan rasmi ini http://semakan-lhdn-gov.top.,1
Kurier Pos Laju: Penghantaran bungkusan anda gagal. Sila bayar kos penghantaran semula di http://login-secure-web.net.,1
Terima kasih kerana menggunakan perkhidmatan Grab. Sila berikan maklum balas anda di sini.,0
Peringatan: Langganan Netflix anda gagal diperbaharui. Kemaskini kad kredit anda di http://semakan-lhdn-gov.top.,1
Bantuan Tunai Rahmah: Semak status kelayakan RM1562 anda di pautan rasmi ini http://verify-identity.com.,1
"Amaran: Percubaan log masuk dikesan pada akaun iCloud anda. Jika bukan anda, klik http://bit.ly/kemaskini-akaun-2026.",1
Makluman: Gangguan bekalan air di kawasan Johor Bahru dijangka pulih pada jam 10 PM.,0
Notis LHDN: Anda mempunyai tunggakan cukai sebanyak RM718. Sila bayar segera di http://semakan-lhdn-gov.top.,1
Penyata akaun bulanan anda bagi bulan Jun kini boleh dimuat turun di portal rasmi.,0
Sila hantar laporan mingguan bagi projek Pembangunan Sistem IoT sebelum hari Jumaat ini.,0
Tahniah! Anda terpilih memenangi hadiah RM4796 dari Grab. Klik http://semakan-lhdn-gov.top untuk tuntut.,1
"Amaran: Percubaan log masuk dikesan pada akaun Spotify anda. Jika bukan anda, klik http://bit.ly/kemaskini-akaun-2026.",1
Peringatan mesyuarat: Perbincangan mengenai SecurityX Training akan diadakan pada Jumaat jam 7 PM.,0
Pengesahan pendaftaran: Anda telah berjaya mendaftar untuk kursus Cybersecurity Forensics di portal UniSZA.,0
Tindakan segera diperlukan! Akaun Maybank2u anda telah disekat. Sila sahkan identiti di http://login-secure-web.net.,1
Kurier Pos Laju: Penghantaran bungkusan anda gagal. Sila bayar kos penghantaran semula di http://semakan-lhdn-gov.top.,1
Tahniah! Anda terpilih memenangi hadiah RM1589 dari Grab. Klik http://login-secure-web.net untuk tuntut.,1
"Amaran: Percubaan log masuk dikesan pada akaun Spotify anda. Jika bukan anda, klik http://semakan-lhdn-gov.top.",1
Resit rasmi bagi transaksi TXN934768 berjaya diproses. Sila simpan untuk rujukan masa hadapan.,0
Peringatan mesyuarat: Perbincangan mengenai Latihan Industri akan diadakan pada Jumaat jam 7 PM.,0
Kurier Pos Laju: Penghantaran bungkusan anda gagal. Sila bayar kos penghantaran semula di http://verify-identity.com.,1
Peringatan: Langganan Netflix anda gagal diperbaharui. Kemaskini kad kredit anda di http://login-secure-web.net.,1
Peringatan: Langganan Spotify anda gagal diperbaharui. Kemaskini kad kredit anda di http://semakan-lhdn-gov.top.,1
Makluman: Gangguan bekalan air di kawasan Kuala Lumpur dijangka pulih pada jam 10 PM.,0
Peringatan: Langganan Netflix anda gagal diperbaharui. Kemaskini kad kredit anda di http://login-secure-web.net.,1
Sila hantar laporan mingguan bagi projek Pembangunan Sistem IoT sebelum hari Jumaat ini.,0
Notis: Penyelenggaraan sistem E-Daftar akan dijalankan pada malam ini dari jam 12AM hingga 4AM.,0
Penyata akaun bulanan anda bagi bulan Mac kini boleh dimuat turun di portal rasmi.,0
Terima kasih kerana menggunakan perkhidmatan Shopee. Sila berikan maklum balas anda di sini.,0
Kurier Pos Laju: Penghantaran bungkusan anda gagal. Sila bayar kos penghantaran semula di http://login-secure-web.net.,1
Pengesahan pendaftaran: Anda telah berjaya mendaftar untuk kursus Cybersecurity Forensics di portal UniSZA.,0
"Amaran: Percubaan log masuk dikesan pada akaun Disney+ Hotstar anda. Jika bukan anda, klik http://verify-identity.com.",1
Peringatan: Langganan Spotify anda gagal diperbaharui. Kemaskini kad kredit anda di http://bit.ly/kemaskini-akaun-2026.,1
Tindakan segera diperlukan! Akaun RHB Now anda telah disekat. Sila sahkan identiti di http://login-secure-web.net.,1
Notis LHDN: Anda mempunyai tunggakan cukai sebanyak RM936. Sila bayar segera di http://login-secure-web.net.,1
Makluman: Gangguan bekalan air di kawasan Kuala Lumpur dijangka pulih pada jam 6 PM.,0
Notis: Penyelenggaraan sistem E-Daftar akan dijalankan pada malam ini dari jam 12AM hingga 4AM.,0
Notis LHDN: Anda mempunyai tunggakan cukai sebanyak RM1757. Sila bayar segera di http://semakan-lhdn-gov.top.,1
Akses portal SAPS anda akan ditamatkan dalam masa 24 jam. Sila log masuk di http://verify-identity.com untuk rayuan.,1
Notis LHDN: Anda mempunyai tunggakan cukai sebanyak RM1971. Sila bayar segera di http://login-secure-web.net.,1
Tindakan segera diperlukan! Akaun Hong Leong Connect anda telah disekat. Sila sahkan identiti di http://login-secure-web.net.,1
Tahniah! Anda terpilih memenangi hadiah RM2567 dari Touch 'n Go. Klik http://bit.ly/kemaskini-akaun-2026 untuk tuntut.,1
"Amaran: Percubaan log masuk dikesan pada akaun Disney+ Hotstar anda. Jika bukan anda, klik http://semakan-lhdn-gov.top.",1
Notis: Penyelenggaraan sistem E-Daftar akan dijalankan pada malam ini dari jam 12AM hingga 4AM.,0
Akses portal SAPS anda akan ditamatkan dalam masa 24 jam. Sila log masuk di http://bit.ly/kemaskini-akaun-2026 untuk rayuan.,1
Notis LHDN: Anda mempunyai tunggakan cukai sebanyak RM3617. Sila bayar segera di http://login-secure-web.net.,1
Notis LHDN: Anda mempunyai tunggakan cukai sebanyak RM2214. Sila bayar segera di http://login-secure-web.net.,1
"Amaran: Percubaan log masuk dikesan pada akaun Netflix anda. Jika bukan anda, klik http://login-secure-web.net.",1
"Amaran: Percubaan log masuk dikesan pada akaun Spotify anda. Jika bukan anda, klik http://verify-identity.com.",1
Tindakan segera diperlukan! Akaun CIMB Clicks anda telah disekat. Sila sahkan identiti di http://semakan-lhdn-gov.top.,1
Peringatan: Langganan Unifi anda gagal diperbaharui. Kemaskini kad kredit anda di http://login-secure-web.net.,1
Terima kasih kerana menggunakan perkhidmatan Grab. Sila berikan maklum balas anda di sini.,0
Makluman: Gangguan bekalan air di kawasan Johor Bahru dijangka pulih pada jam 2 PM.,0
Penyata akaun bulanan anda bagi bulan Jun kini boleh dimuat turun di portal rasmi.,0
Pengesahan pendaftaran: Anda telah berjaya mendaftar untuk kursus Cybersecurity Forensics di portal UniSZA.,0
Tindakan segera diperlukan! Akaun Public Bank anda telah disekat. Sila sahkan identiti di http://semakan-lhdn-gov.top.,1
Akses portal SAPS anda akan ditamatkan dalam masa 24 jam. Sila log masuk di http://bit.ly/kemaskini-akaun-2026 untuk rayuan.,1
Bantuan Tunai Rahmah: Semak status kelayakan RM3863 anda di pautan rasmi ini http://bit.ly/kemaskini-akaun-2026.,1
Tindakan segera diperlukan! Akaun Public Bank anda telah disekat. Sila sahkan identiti di http://bit.ly/kemaskini-akaun-2026.,1
Makluman: Gangguan bekalan air di kawasan Kuala Terengganu dijangka pulih pada jam 4 PM.,0
Tahniah! Anda terpilih memenangi hadiah RM3374 dari Touch 'n Go. Klik http://verify-identity.com untuk tuntut.,1
Peringatan: Langganan Spotify anda gagal diperbaharui. Kemaskini kad kredit anda di http://bit.ly/kemaskini-akaun-2026.,1
Makluman: Gangguan bekalan air di kawasan Besut dijangka pulih pada jam 8 PM.,0
Kurier J&T Express: Penghantaran bungkusan anda gagal. Sila bayar kos penghantaran semula di http://semakan-lhdn-gov.top.,1
Tindakan segera diperlukan! Akaun Public Bank anda telah disekat. Sila sahkan identiti di http://verify-identity.com.,1
Sila hantar laporan mingguan bagi projek Pembangunan Sistem IoT sebelum hari Jumaat ini.,0
Notis LHDN: Anda mempunyai tunggakan cukai sebanyak RM3918. Sila bayar segera di http://login-secure-web.net.,1
Peringatan mesyuarat: Perbincangan mengenai SecurityX Training akan diadakan pada Jumaat jam 2 PM.,0
Terima kasih kerana menggunakan perkhidmatan Shopee. Sila berikan maklum balas anda di sini.,0
Peringatan: Langganan Disney+ Hotstar anda gagal diperbaharui. Kemaskini kad kredit anda di http://bit.ly/kemaskini-akaun-2026.,1
Pengesahan pendaftaran: Anda telah berjaya mendaftar untuk kursus Cybersecurity Forensics di portal UniSZA.,0
Makluman: Gangguan bekalan air di kawasan Gong Badak dijangka pulih pada jam 12 PM.,0
Penyata akaun bulanan anda bagi bulan Mac kini boleh dimuat turun di portal rasmi.,0
Terima kasih kerana menggunakan perkhidmatan Grab. Sila berikan maklum balas anda di sini.,0
Notis LHDN: Anda mempunyai tunggakan cukai sebanyak RM1436. Sila bayar segera di http://verify-identity.com.,1
Bantuan Tunai Rahmah: Semak status kelayakan RM921 anda di pautan rasmi ini http://semakan-lhdn-gov.top.,1
Kurier Shopee: Penghantaran bungkusan anda gagal. Sila bayar kos penghantaran semula di http://verify-identity.com.,1
Akses portal SAPS anda akan ditamatkan dalam masa 24 jam. Sila log masuk di http://login-secure-web.net untuk rayuan.,1
Terima kasih kerana menggunakan perkhidmatan Touch 'n Go. Sila berikan maklum balas anda di sini.,0
Sila hantar laporan mingguan bagi projek Pembangunan Sistem IoT sebelum hari Jumaat ini.,0
Penyata akaun bulanan anda bagi bulan April kini boleh dimuat turun di portal rasmi.,0
Notis: Penyelenggaraan sistem E-Daftar akan dijalankan pada malam ini dari jam 12AM hingga 4AM.,0
Penyata akaun bulanan anda bagi bulan Mac kini boleh dimuat turun di portal rasmi.,0
Kurier Grab: Penghantaran bungkusan anda gagal. Sila bayar kos penghantaran semula di http://bit.ly/kemaskini-akaun-2026.,1
Resit rasmi bagi transaksi TXN706258 berjaya diproses. Sila simpan untuk rujukan masa hadapan.,0
Tahniah! Anda terpilih memenangi hadiah RM2596 dari Grab. Klik http://semakan-lhdn-gov.top untuk tuntut.,1
Penyata akaun bulanan anda bagi bulan Mac kini boleh dimuat turun di portal rasmi.,0
"Amaran: Percubaan log masuk dikesan pada akaun Unifi anda. Jika bukan anda, klik http://verify-identity.com.",1
Resit rasmi bagi transaksi TXN317731 berjaya diproses. Sila simpan untuk rujukan masa hadapan.,0
Pengesahan pendaftaran: Anda telah berjaya mendaftar untuk kursus Cybersecurity Forensics di portal UniSZA.,0
Resit rasmi bagi transaksi TXN513135 berjaya diproses. Sila simpan untuk rujukan masa hadapan.,0
Peringatan: Langganan Spotify anda gagal diperbaharui. Kemaskini kad kredit anda di http://semakan-lhdn-gov.top.,1
Bantuan Tunai Rahmah: Semak status kelayakan RM2022 anda di pautan rasmi ini http://bit.ly/kemaskini-akaun-2026.,1
Pengesahan pendaftaran: Anda telah berjaya mendaftar untuk kursus Cybersecurity Forensics di portal UniSZA.,0
Resit rasmi bagi transaksi TXN875416 berjaya diproses. Sila simpan untuk rujukan masa hadapan.,0
Kurier Grab: Penghantaran bungkusan anda gagal. Sila bayar kos penghantaran semula di http://semakan-lhdn-gov.top.,1
Tindakan segera diperlukan! Akaun RHB Now anda telah disekat. Sila sahkan identiti di http://bit.ly/kemaskini-akaun-2026.,1
"Amaran: Percubaan log masuk dikesan pada akaun Unifi anda. Jika bukan anda, klik http://verify-identity.com.",1
Sila hantar laporan mingguan bagi projek Pembangunan Sistem IoT sebelum hari Jumaat ini.,0
Peringatan mesyuarat: Perbincangan mengenai SecurityX Training akan diadakan pada Jumaat jam 5 PM.,0
Tahniah! Anda terpilih memenangi hadiah RM4066 dari Touch 'n Go. Klik http://semakan-lhdn-gov.top untuk tuntut.,1
Tindakan segera diperlukan! Akaun Public Bank anda telah disekat. Sila sahkan identiti di http://verify-identity.com.,1
Penyata akaun bulanan anda bagi bulan Januari kini boleh dimuat turun di portal rasmi.,0
Notis: Penyelenggaraan sistem E-Daftar akan dijalankan pada malam ini dari jam 12AM hingga 4AM.,0
Tindakan segera diperlukan! Akaun Public Bank anda telah disekat. Sila sahkan identiti di http://login-secure-web.net.,1
"Amaran: Percubaan log masuk dikesan pada akaun Unifi anda. Jika bukan anda, klik http://semakan-lhdn-gov.top.",1
Notis: Penyelenggaraan sistem E-Daftar akan dijalankan pada malam ini dari jam 12AM hingga 4AM.,0
Akses portal SAPS anda akan ditamatkan dalam masa 24 jam. Sila log masuk di http://login-secure-web.net untuk rayuan.,1
Tahniah! Anda terpilih memenangi hadiah RM1719 dari Touch 'n Go. Klik http://verify-identity.com untuk tuntut.,1
Notis LHDN: Anda mempunyai tunggakan cukai sebanyak RM2480. Sila bayar segera di http://login-secure-web.net.,1
Bantuan Tunai Rahmah: Semak status kelayakan RM2349 anda di pautan rasmi ini http://semakan-lhdn-gov.top.,1
Pengesahan pendaftaran: Anda telah berjaya mendaftar untuk kursus Cybersecurity Forensics di portal UniSZA.,0
Makluman: Gangguan bekalan air di kawasan Gong Badak dijangka pulih pada jam 9 PM.,0
"Amaran: Percubaan log masuk dikesan pada akaun Spotify anda. Jika bukan anda, klik http://verify-identity.com.",1
Bantuan Tunai Rahmah: Semak status kelayakan RM3630 anda di pautan rasmi ini http://semakan-lhdn-gov.top.,1
"Amaran: Percubaan log masuk dikesan pada akaun Netflix anda. Jika bukan anda, klik http://bit.ly/kemaskini-akaun-2026.",1
Bantuan Tunai Rahmah: Semak status kelayakan RM1901 anda di pautan rasmi ini http://login-secure-web.net.,1
Tahniah! Anda terpilih memenangi hadiah RM2204 dari Pos Laju. Klik http://verify-identity.com untuk tuntut.,1
Sila hantar laporan mingguan bagi projek Pembangunan Sistem IoT sebelum hari Jumaat ini.,0
Pengesahan pendaftaran: Anda telah berjaya mendaftar untuk kursus Cybersecurity Forensics di portal UniSZA.,0
Bantuan Tunai Rahmah: Semak status kelayakan RM2469 anda di pautan rasmi ini http://verify-identity.com.,1
Tahniah! Anda terpilih memenangi hadiah RM4247 dari J&T Express. Klik http://semakan-lhdn-gov.top untuk tuntut.,1
Notis LHDN: Anda mempunyai tunggakan cukai sebanyak RM1612. Sila bayar segera di http://login-secure-web.net.,1
Pengesahan pendaftaran: Anda telah berjaya mendaftar untuk kursus Cybersecurity Forensics di portal UniSZA.,0
Notis LHDN: Anda mempunyai tunggakan cukai sebanyak RM4488. Sila bayar segera di http://semakan-lhdn-gov.top.,1
Pengesahan pendaftaran: Anda telah berjaya mendaftar untuk kursus Cybersecurity Forensics di portal UniSZA.,0
Notis: Penyelenggaraan sistem E-Daftar akan dijalankan pada malam ini dari jam 12AM hingga 4AM.,0
Peringatan mesyuarat: Perbincangan mengenai Final Year Project akan diadakan pada Jumaat jam 5 PM.,0
Makluman: Gangguan bekalan air di kawasan Kuala Lumpur dijangka pulih pada jam 4 PM.,0
Sila hantar laporan mingguan bagi projek Pembangunan Sistem IoT sebelum hari Jumaat ini.,0
Resit rasmi bagi transaksi TXN966299 berjaya diproses. Sila simpan untuk rujukan masa hadapan.,0
Bantuan Tunai Rahmah: Semak status kelayakan RM3297 anda di pautan rasmi ini http://bit.ly/kemaskini-akaun-2026.,1
Notis LHDN: Anda mempunyai tunggakan cukai sebanyak RM2693. Sila bayar segera di http://login-secure-web.net.,1
Penyata akaun bulanan anda bagi bulan Mei kini boleh dimuat turun di portal rasmi.,0
Peringatan mesyuarat: Perbincangan mengenai SecurityX Training akan diadakan pada Jumaat jam 9 PM.,0
Bantuan Tunai Rahmah: Semak status kelayakan RM4656 anda di pautan rasmi ini http://semakan-lhdn-gov.top.,1
Peringatan mesyuarat: Perbincangan mengenai SecurityX Training akan diadakan pada Jumaat jam 12 PM.,0
Terima kasih kerana menggunakan perkhidmatan J&T Express. Sila berikan maklum balas anda di sini.,0
Tindakan segera diperlukan! Akaun Maybank2u anda telah disekat. Sila sahkan identiti di http://semakan-lhdn-gov.top.,1
Kurier Shopee: Penghantaran bungkusan anda gagal. Sila bayar kos penghantaran semula di http://verify-identity.com.,1
Penyata akaun bulanan anda bagi bulan Februari kini boleh dimuat turun di portal rasmi.,0
Notis: Penyelenggaraan sistem E-Daftar akan dijalankan pada malam ini dari jam 12AM hingga 4AM.,0
Sila hantar laporan mingguan bagi projek Pembangunan Sistem IoT sebelum hari Jumaat ini.,0
Akses portal SAPS anda akan ditamatkan dalam masa 24 jam. Sila log masuk di http://bit.ly/kemaskini-akaun-2026 untuk rayuan.,1
Akses portal SAPS anda akan ditamatkan dalam masa 24 jam. Sila log masuk di http://semakan-lhdn-gov.top untuk rayuan.,1
Kurier Pos Laju: Penghantaran bungkusan anda gagal. Sila bayar kos penghantaran semula di http://bit.ly/kemaskini-akaun-2026.,1
Tahniah! Anda terpilih memenangi hadiah RM2631 dari Touch 'n Go. Klik http://verify-identity.com untuk tuntut.,1
Kurier Lazada: Penghantaran bungkusan anda gagal. Sila bayar kos penghantaran semula di http://login-secure-web.net.,1
Resit rasmi bagi transaksi TXN191385 berjaya diproses. Sila simpan untuk rujukan masa hadapan.,0
Bantuan Tunai Rahmah: Semak status kelayakan RM4275 anda di pautan rasmi ini http://verify-identity.com.,1
Resit rasmi bagi transaksi TXN175526 berjaya diproses. Sila simpan untuk rujukan masa hadapan.,0
Notis LHDN: Anda mempunyai tunggakan cukai sebanyak RM4743. Sila bayar segera di http://verify-identity.com.,1
Resit rasmi bagi transaksi TXN170662 berjaya diproses. Sila simpan untuk rujukan masa hadapan.,0
Tahniah! Anda terpilih memenangi hadiah RM2214 dari Touch 'n Go. Klik http://verify-identity.com untuk tuntut.,1
Tindakan segera diperlukan! Akaun RHB Now anda telah disekat. Sila sahkan identiti di http://verify-identity.com.,1
Peringatan mesyuarat: Perbincangan mengenai Final Year Project akan diadakan pada Jumaat jam 12 PM.,0
Penyata akaun bulanan anda bagi bulan Jun kini boleh dimuat turun di portal rasmi.,0
Notis LHDN: Anda mempunyai tunggakan cukai sebanyak RM2700. Sila bayar segera di http://verify-identity.com.,1
Tindakan segera diperlukan! Akaun Hong Leong Connect anda telah disekat. Sila sahkan identiti di http://verify-identity.com.,1
Notis: Penyelenggaraan sistem E-Daftar akan dijalankan pada malam ini dari jam 12AM hingga 4AM.,0
"Amaran: Percubaan log masuk dikesan pada akaun iCloud anda. Jika bukan anda, klik http://bit.ly/kemaskini-akaun-2026.",1
Notis LHDN: Anda mempunyai tunggakan cukai sebanyak RM2135. Sila bayar segera di http://login-secure-web.net.,1
Kurier Shopee: Penghantaran bungkusan anda gagal. Sila bayar kos penghantaran semula di http://login-secure-web.net.,1
Akses portal SAPS anda akan ditamatkan dalam masa 24 jam. Sila log masuk di http://verify-identity.com untuk rayuan.,1
Pengesahan pendaftaran: Anda telah berjaya mendaftar untuk kursus Cybersecurity Forensics di portal UniSZA.,0
Notis: Penyelenggaraan sistem E-Daftar akan dijalankan pada malam ini dari jam 12AM hingga 4AM.,0
Terima kasih kerana menggunakan perkhidmatan Grab. Sila berikan maklum balas anda di sini.,0
Makluman: Gangguan bekalan air di kawasan Johor Bahru dijangka pulih pada jam 7 PM.,0
Makluman: Gangguan bekalan air di kawasan Besut dijangka pulih pada jam 12 PM.,0
Akses portal SAPS anda akan ditamatkan dalam masa 24 jam. Sila log masuk di http://bit.ly/kemaskini-akaun-2026 untuk rayuan.,1
Resit rasmi bagi transaksi TXN870674 berjaya diproses. Sila simpan untuk rujukan masa hadapan.,0
Notis LHDN: Anda mempunyai tunggakan cukai sebanyak RM2969. Sila bayar segera di http://semakan-lhdn-gov.top.,1
"Amaran: Percubaan log masuk dikesan pada akaun Netflix anda. Jika bukan anda, klik http://bit.ly/kemaskini-akaun-2026.",1
Notis LHDN: Anda mempunyai tunggakan cukai sebanyak RM752. Sila bayar segera di http://semakan-lhdn-gov.top.,1
Pengesahan pendaftaran: Anda telah berjaya mendaftar untuk kursus Cybersecurity Forensics di portal UniSZA.,0
Tahniah! Anda terpilih memenangi hadiah RM2063 dari Lazada. Klik http://verify-identity.com untuk tuntut.,1
Peringatan: Langganan Spotify anda gagal diperbaharui. Kemaskini kad kredit anda di http://semakan-lhdn-gov.top.,1
Tindakan segera diperlukan! Akaun CIMB Clicks anda telah disekat. Sila sahkan identiti di http://semakan-lhdn-gov.top.,1
Notis: Penyelenggaraan sistem E-Daftar akan dijalankan pada malam ini dari jam 12AM hingga 4AM.,0
Tahniah! Anda terpilih memenangi hadiah RM3479 dari Touch 'n Go. Klik http://semakan-lhdn-gov.top untuk tuntut.,1
Akses portal SAPS anda akan ditamatkan dalam masa 24 jam. Sila log masuk di http://verify-identity.com untuk rayuan.,1
Peringatan mesyuarat: Perbincangan mengenai SecurityX Training akan diadakan pada Jumaat jam 7 PM.,0
Pengesahan pendaftaran: Anda telah berjaya mendaftar untuk kursus Cybersecurity Forensics di portal UniSZA.,0
Penyata akaun bulanan anda bagi bulan Mei kini boleh dimuat turun di portal rasmi.,0
Akses portal SAPS anda akan ditamatkan dalam masa 24 jam. Sila log masuk di http://login-secure-web.net untuk rayuan.,1
Bantuan Tunai Rahmah: Semak status kelayakan RM4706 anda di pautan rasmi ini http://login-secure-web.net.,1
Akses portal SAPS anda akan ditamatkan dalam masa 24 jam. Sila log masuk di http://verify-identity.com untuk rayuan.,1
Notis LHDN: Anda mempunyai tunggakan cukai sebanyak RM1906. Sila bayar segera di http://semakan-lhdn-gov.top.,1
Peringatan: Langganan Disney+ Hotstar anda gagal diperbaharui. Kemaskini kad kredit anda di http://login-secure-web.net.,1
Sila hantar laporan mingguan bagi projek Pembangunan Sistem IoT sebelum hari Jumaat ini.,0
Penyata akaun bulanan anda bagi bulan Mac kini boleh dimuat turun di portal rasmi.,0
Resit rasmi bagi transaksi TXN665333 berjaya diproses. Sila simpan untuk rujukan masa hadapan.,0
Notis: Penyelenggaraan sistem E-Daftar akan dijalankan pada malam ini dari jam 12AM hingga 4AM.,0
Notis: Penyelenggaraan sistem E-Daftar akan dijalankan pada malam ini dari jam 12AM hingga 4AM.,0
Tindakan segera diperlukan! Akaun RHB Now anda telah disekat. Sila sahkan identiti di http://semakan-lhdn-gov.top.,1
Peringatan: Langganan Spotify anda gagal diperbaharui. Kemaskini kad kredit anda di http://bit.ly/kemaskini-akaun-2026.,1
Notis: Penyelenggaraan sistem E-Daftar akan dijalankan pada malam ini dari jam 12AM hingga 4AM.,0
Tahniah! Anda terpilih memenangi hadiah RM3826 dari Pos Laju. Klik http://semakan-lhdn-gov.top untuk tuntut.,1
Penyata akaun bulanan anda bagi bulan Jun kini boleh dimuat turun di portal rasmi.,0
"Amaran: Percubaan log masuk dikesan pada akaun Netflix anda. Jika bukan anda, klik http://verify-identity.com.",1
Makluman: Gangguan bekalan air di kawasan Gong Badak dijangka pulih pada jam 3 PM.,0
Penyata akaun bulanan anda bagi bulan Januari kini boleh dimuat turun di portal rasmi.,0
Pengesahan pendaftaran: Anda telah berjaya mendaftar untuk kursus Cybersecurity Forensics di portal UniSZA.,0
Tindakan segera diperlukan! Akaun Bank Islam anda telah disekat. Sila sahkan identiti di http://login-secure-web.net.,1
Penyata akaun bulanan anda bagi bulan Mac kini boleh dimuat turun di portal rasmi.,0
Tahniah! Anda terpilih memenangi hadiah RM1488 dari Grab. Klik http://semakan-lhdn-gov.top untuk tuntut.,1
Peringatan mesyuarat: Perbincangan mengenai SecurityX Training akan diadakan pada Jumaat jam 2 PM.,0
Sila hantar laporan mingguan bagi projek Pembangunan Sistem IoT sebelum hari Jumaat ini.,0
Sila hantar laporan mingguan bagi projek Pembangunan Sistem IoT sebelum hari Jumaat ini.,0
Sila hantar laporan mingguan bagi projek Pembangunan Sistem IoT sebelum hari Jumaat ini.,0
Akses portal SAPS anda akan ditamatkan dalam masa 24 jam. Sila log masuk di http://bit.ly/kemaskini-akaun-2026 untuk rayuan.,1
Makluman: Gangguan bekalan air di kawasan Gong Badak dijangka pulih pada jam 7 PM.,0
Kurier Lazada: Penghantaran bungkusan anda gagal. Sila bayar kos penghantaran semula di http://login-secure-web.net.,1
Tahniah! Anda terpilih memenangi hadiah RM752 dari Grab. Klik http://login-secure-web.net untuk tuntut.,1
Makluman: Gangguan bekalan air di kawasan Johor Bahru dijangka pulih pada jam 11 PM.,0
Notis: Penyelenggaraan sistem E-Daftar akan dijalankan pada malam ini dari jam 12AM hingga 4AM.,0
"Amaran: Percubaan log masuk dikesan pada akaun Unifi anda. Jika bukan anda, klik http://verify-identity.com.",1
Peringatan: Langganan iCloud anda gagal diperbaharui. Kemaskini kad kredit anda di http://verify-identity.com.,1
Akses portal SAPS anda akan ditamatkan dalam masa 24 jam. Sila log masuk di http://verify-identity.com untuk rayuan.,1
Resit rasmi bagi transaksi TXN928362 berjaya diproses. Sila simpan untuk rujukan masa hadapan.,0
Terima kasih kerana menggunakan perkhidmatan Touch 'n Go. Sila berikan maklum balas anda di sini.,0
Peringatan mesyuarat: Perbincangan mengenai Final Year Project akan diadakan pada Jumaat jam 10 PM.,0
Tahniah! Anda terpilih memenangi hadiah RM1040 dari J&T Express. Klik http://login-secure-web.net untuk tuntut.,1
Tahniah! Anda terpilih memenangi hadiah RM2638 dari Shopee. Klik http://verify-identity.com untuk tuntut.,1
Makluman: Gangguan bekalan air di kawasan Besut dijangka pulih pada jam 12 PM.,0
Notis: Penyelenggaraan sistem E-Daftar akan dijalankan pada malam ini dari jam 12AM hingga 4AM.,0
Peringatan: Langganan Netflix anda gagal diperbaharui. Kemaskini kad kredit anda di http://semakan-lhdn-gov.top.,1
Terima kasih kerana menggunakan perkhidmatan Lazada. Sila berikan maklum balas anda di sini.,0
Resit rasmi bagi transaksi TXN712904 berjaya diproses. Sila simpan untuk rujukan masa hadapan.,0
Tahniah! Anda terpilih memenangi hadiah RM3706 dari J&T Express. Klik http://bit.ly/kemaskini-akaun-2026 untuk tuntut.,1
"Amaran: Percubaan log masuk dikesan pada akaun Spotify anda. Jika bukan anda, klik http://bit.ly/kemaskini-akaun-2026.",1
Peringatan: Langganan Netflix anda gagal diperbaharui. Kemaskini kad kredit anda di http://semakan-lhdn-gov.top.,1
Terima kasih kerana menggunakan perkhidmatan Shopee. Sila berikan maklum balas anda di sini.,0
Penyata akaun bulanan anda bagi bulan Jun kini boleh dimuat turun di portal rasmi.,0
Sila hantar laporan mingguan bagi projek Pembangunan Sistem IoT sebelum hari Jumaat ini.,0
Notis LHDN: Anda mempunyai tunggakan cukai sebanyak RM4787. Sila bayar segera di http://bit.ly/kemaskini-akaun-2026.,1
"Amaran: Percubaan log masuk dikesan pada akaun iCloud anda. Jika bukan anda, klik http://bit.ly/kemaskini-akaun-2026.",1
Notis LHDN: Anda mempunyai tunggakan cukai sebanyak RM819. Sila bayar segera di http://verify-identity.com.,1
Akses portal SAPS anda akan ditamatkan dalam masa 24 jam. Sila log masuk di http://semakan-lhdn-gov.top untuk rayuan.,1
Penyata akaun bulanan anda bagi bulan Januari kini boleh dimuat turun di portal rasmi.,0
Penyata akaun bulanan anda bagi bulan Mei kini boleh dimuat turun di portal rasmi.,0
Resit rasmi bagi transaksi TXN855076 berjaya diproses. Sila simpan untuk rujukan masa hadapan.,0
Terima kasih kerana menggunakan perkhidmatan Touch 'n Go. Sila berikan maklum balas anda di sini.,0
Resit rasmi bagi transaksi TXN222182 berjaya diproses. Sila simpan untuk rujukan masa hadapan.,0
Kurier Pos Laju: Penghantaran bungkusan anda gagal. Sila bayar kos penghantaran semula di http://verify-identity.com.,1
Pengesahan pendaftaran: Anda telah berjaya mendaftar untuk kursus Cybersecurity Forensics di portal UniSZA.,0
Pengesahan pendaftaran: Anda telah berjaya mendaftar untuk kursus Cybersecurity Forensics di portal UniSZA.,0
Bantuan Tunai Rahmah: Semak status kelayakan RM4975 anda di pautan rasmi ini http://semakan-lhdn-gov.top.,1
Makluman: Gangguan bekalan air di kawasan Kuala Lumpur dijangka pulih pada jam 10 PM.,0
Notis: Penyelenggaraan sistem E-Daftar akan dijalankan pada malam ini dari jam 12AM hingga 4AM.,0
Notis: Penyelenggaraan sistem E-Daftar akan dijalankan pada malam ini dari jam 12AM hingga 4AM.,0
Bantuan Tunai Rahmah: Semak status kelayakan RM3308 anda di pautan rasmi ini http://login-secure-web.net.,1
Peringatan: Langganan Netflix anda gagal diperbaharui. Kemaskini kad kredit anda di http://login-secure-web.net.,1
Notis LHDN: Anda mempunyai tunggakan cukai sebanyak RM1942. Sila bayar segera di http://verify-identity.com.,1
Makluman: Gangguan bekalan air di kawasan Johor Bahru dijangka pulih pada jam 3 PM.,0
Bantuan Tunai Rahmah: Semak status kelayakan RM2446 anda di pautan rasmi ini http://bit.ly/kemaskini-akaun-2026.,1
Notis LHDN: Anda mempunyai tunggakan cukai sebanyak RM3110. Sila bayar segera di http://bit.ly/kemaskini-akaun-2026.,1
Kurier J&T Express: Penghantaran bungkusan anda gagal. Sila bayar kos penghantaran semula di http://verify-identity.com.,1
"Amaran: Percubaan log masuk dikesan pada akaun Netflix anda. Jika bukan anda, klik http://semakan-lhdn-gov.top.",1
Makluman: Gangguan bekalan air di kawasan Kuala Lumpur dijangka pulih pada jam 10 PM.,0
Notis LHDN: Anda mempunyai tunggakan cukai sebanyak RM550. Sila bayar segera di http://login-secure-web.net.,1
Pengesahan pendaftaran: Anda telah berjaya mendaftar untuk kursus Cybersecurity Forensics di portal UniSZA.,0
Penyata akaun bulanan anda bagi bulan Februari kini boleh dimuat turun di portal rasmi.,0
Peringatan: Langganan Spotify anda gagal diperbaharui. Kemaskini kad kredit anda di http://semakan-lhdn-gov.top.,1
Terima kasih kerana menggunakan perkhidmatan Pos Laju. Sila berikan maklum balas anda di sini.,0
Pengesahan pendaftaran: Anda telah berjaya mendaftar untuk kursus Cybersecurity Forensics di portal UniSZA.,0
Makluman: Gangguan bekalan air di kawasan Johor Bahru dijangka pulih pada jam 2 PM.,0
Terima kasih kerana menggunakan perkhidmatan Grab. Sila berikan maklum balas anda di sini.,0
Peringatan: Langganan Spotify anda gagal diperbaharui. Kemaskini kad kredit anda di http://bit.ly/kemaskini-akaun-2026.,1
Bantuan Tunai Rahmah: Semak status kelayakan RM3066 anda di pautan rasmi ini http://bit.ly/kemaskini-akaun-2026.,1
Kurier Pos Laju: Penghantaran bungkusan anda gagal. Sila bayar kos penghantaran semula di http://login-secure-web.net.,1
Notis LHDN: Anda mempunyai tunggakan cukai sebanyak RM1399. Sila bayar segera di http://verify-identity.com.,1
Resit rasmi bagi transaksi TXN256849 berjaya diproses. Sila simpan untuk rujukan masa hadapan.,0
Tahniah! Anda terpilih memenangi hadiah RM4735 dari Lazada. Klik http://bit.ly/kemaskini-akaun-2026 untuk tuntut.,1
Resit rasmi bagi transaksi TXN760832 berjaya diproses. Sila simpan untuk rujukan masa hadapan.,0
Peringatan: Langganan Spotify anda gagal diperbaharui. Kemaskini kad kredit anda di http://login-secure-web.net.,1
Tahniah! Anda terpilih memenangi hadiah RM3111 dari Touch 'n Go. Klik http://bit.ly/kemaskini-akaun-2026 untuk tuntut.,1
Sila hantar laporan mingguan bagi projek Pembangunan Sistem IoT sebelum hari Jumaat ini.,0
Makluman: Gangguan bekalan air di kawasan Kuala Lumpur dijangka pulih pada jam 2 PM.,0
Peringatan mesyuarat: Perbincangan mengenai SecurityX Training akan diadakan pada Jumaat jam 8 PM.,0
Notis LHDN: Anda mempunyai tunggakan cukai sebanyak RM4559. Sila bayar segera di http://bit.ly/kemaskini-akaun-2026.,1
"Amaran: Percubaan log masuk dikesan pada akaun iCloud anda. Jika bukan anda, klik http://login-secure-web.net.",1
Sila hantar laporan mingguan bagi projek Pembangunan Sistem IoT sebelum hari Jumaat ini.,0
Bantuan Tunai Rahmah: Semak status kelayakan RM4974 anda di pautan rasmi ini http://verify-identity.com.,1
Kurier Shopee: Penghantaran bungkusan anda gagal. Sila bayar kos penghantaran semula di http://bit.ly/kemaskini-akaun-2026.,1
"Amaran: Percubaan log masuk dikesan pada akaun Disney+ Hotstar anda. Jika bukan anda, klik http://semakan-lhdn-gov.top.",1
"Amaran: Percubaan log masuk dikesan pada akaun Unifi anda. Jika bukan anda, klik http://semakan-lhdn-gov.top.",1
Tindakan segera diperlukan! Akaun Hong Leong Connect anda telah disekat. Sila sahkan identiti di http://semakan-lhdn-gov.top.,1
Bantuan Tunai Rahmah: Semak status kelayakan RM555 anda di pautan rasmi ini http://verify-identity.com.,1
Pengesahan pendaftaran: Anda telah berjaya mendaftar untuk kursus Cybersecurity Forensics di portal UniSZA.,0
Resit rasmi bagi transaksi TXN131919 berjaya diproses. Sila simpan untuk rujukan masa hadapan.,0
Terima kasih kerana menggunakan perkhidmatan J&T Express. Sila berikan maklum balas anda di sini.,0
Sila hantar laporan mingguan bagi projek Pembangunan Sistem IoT sebelum hari Jumaat ini.,0
Bantuan Tunai Rahmah: Semak status kelayakan RM3756 anda di pautan rasmi ini http://login-secure-web.net.,1
Kurier Lazada: Penghantaran bungkusan anda gagal. Sila bayar kos penghantaran semula di http://semakan-lhdn-gov.top.,1
Peringatan mesyuarat: Perbincangan mengenai Digital Marketing akan diadakan pada Jumaat jam 10 PM.,0
Penyata akaun bulanan anda bagi bulan Januari kini boleh dimuat turun di portal rasmi.,0
Makluman: Gangguan bekalan air di kawasan Kuala Lumpur dijangka pulih pada jam 5 PM.,0
Peringatan: Langganan iCloud anda gagal diperbaharui. Kemaskini kad kredit anda di http://bit.ly/kemaskini-akaun-2026.,1
Notis: Penyelenggaraan sistem E-Daftar akan dijalankan pada malam ini dari jam 12AM hingga 4AM.,0
Bantuan Tunai Rahmah: Semak status kelayakan RM4454 anda di pautan rasmi ini http://bit.ly/kemaskini-akaun-2026.,1
Penyata akaun bulanan anda bagi bulan April kini boleh dimuat turun di portal rasmi.,0
Notis LHDN: Anda mempunyai tunggakan cukai sebanyak RM1544. Sila bayar segera di http://login-secure-web.net.,1
Makluman: Gangguan bekalan air di kawasan Kuala Terengganu dijangka pulih pada jam 8 PM.,0
Sila hantar laporan mingguan bagi projek Pembangunan Sistem IoT sebelum hari Jumaat ini.,0
Akses portal SAPS anda akan ditamatkan dalam masa 24 jam. Sila log masuk di http://login-secure-web.net untuk rayuan.,1
"Amaran: Percubaan log masuk dikesan pada akaun Netflix anda. Jika bukan anda, klik http://login-secure-web.net.",1
Pengesahan pendaftaran: Anda telah berjaya mendaftar untuk kursus Cybersecurity Forensics di portal UniSZA.,0
Makluman: Gangguan bekalan air di kawasan Johor Bahru dijangka pulih pada jam 11 PM.,0
Kurier Pos Laju: Penghantaran bungkusan anda gagal. Sila bayar kos penghantaran semula di http://semakan-lhdn-gov.top.,1
Akses portal SAPS anda akan ditamatkan dalam masa 24 jam. Sila log masuk di http://bit.ly/kemaskini-akaun-2026 untuk rayuan.,1
Pengesahan pendaftaran: Anda telah berjaya mendaftar untuk kursus Cybersecurity Forensics di portal UniSZA.,0
Tahniah! Anda terpilih memenangi hadiah RM3186 dari Pos Laju. Klik http://bit.ly/kemaskini-akaun-2026 untuk tuntut.,1
Akses portal SAPS anda akan ditamatkan dalam masa 24 jam. Sila log masuk di http://verify-identity.com untuk rayuan.,1
Peringatan mesyuarat: Perbincangan mengenai SecurityX Training akan diadakan pada Jumaat jam 7 PM.,0
Tahniah! Anda terpilih memenangi hadiah RM771 dari Touch 'n Go. Klik http://verify-identity.com untuk tuntut.,1
Tindakan segera diperlukan! Akaun Bank Islam anda telah disekat. Sila sahkan identiti di http://login-secure-web.net.,1
Tindakan segera diperlukan! Akaun Public Bank anda telah disekat. Sila sahkan identiti di http://bit.ly/kemaskini-akaun-2026.,1
Notis: Penyelenggaraan sistem E-Daftar akan dijalankan pada malam ini dari jam 12AM hingga 4AM.,0
Kurier Shopee: Penghantaran bungkusan anda gagal. Sila bayar kos penghantaran semula di http://semakan-lhdn-gov.top.,1
Makluman: Gangguan bekalan air di kawasan Kuala Lumpur dijangka pulih pada jam 6 PM.,0
Notis: Penyelenggaraan sistem E-Daftar akan dijalankan pada malam ini dari jam 12AM hingga 4AM.,0
Peringatan mesyuarat: Perbincangan mengenai Final Year Project akan diadakan pada Jumaat jam 5 PM.,0
Akses portal SAPS anda akan ditamatkan dalam masa 24 jam. Sila log masuk di http://verify-identity.com untuk rayuan.,1
Bantuan Tunai Rahmah: Semak status kelayakan RM3432 anda di pautan rasmi ini http://semakan-lhdn-gov.top.,1
Makluman: Gangguan bekalan air di kawasan Johor Bahru dijangka pulih pada jam 11 PM.,0
Tindakan segera diperlukan! Akaun Bank Islam anda telah disekat. Sila sahkan identiti di http://semakan-lhdn-gov.top.,1
"Amaran: Percubaan log masuk dikesan pada akaun Netflix anda. Jika bukan anda, klik http://verify-identity.com.",1
Resit rasmi bagi transaksi TXN862955 berjaya diproses. Sila simpan untuk rujukan masa hadapan.,0
"Amaran: Percubaan log masuk dikesan pada akaun Spotify anda. Jika bukan anda, klik http://bit.ly/kemaskini-akaun-2026.",1
Notis: Penyelenggaraan sistem E-Daftar akan dijalankan pada malam ini dari jam 12AM hingga 4AM.,0
Makluman: Gangguan bekalan air di kawasan Besut dijangka pulih pada jam 2 PM.,0
Resit rasmi bagi transaksi TXN495003 berjaya diproses. Sila simpan untuk rujukan masa hadapan.,0
Tahniah! Anda terpilih memenangi hadiah RM2024 dari Grab. Klik http://verify-identity.com untuk tuntut.,1
Akses portal SAPS anda akan ditamatkan dalam masa 24 jam. Sila log masuk di http://login-secure-web.net untuk rayuan.,1
Tindakan segera diperlukan! Akaun Bank Islam anda telah disekat. Sila sahkan identiti di http://semakan-lhdn-gov.top.,1
Notis LHDN: Anda mempunyai tunggakan cukai sebanyak RM2573. Sila bayar segera di http://login-secure-web.net.,1
Kurier Pos Laju: Penghantaran bungkusan anda gagal. Sila bayar kos penghantaran semula di http://semakan-lhdn-gov.top.,1
Bantuan Tunai Rahmah: Semak status kelayakan RM611 anda di pautan rasmi ini http://bit.ly/kemaskini-akaun-2026.,1
Tahniah! Anda terpilih memenangi hadiah RM523 dari Grab. Klik http://bit.ly/kemaskini-akaun-2026 untuk tuntut.,1
Makluman: Gangguan bekalan air di kawasan Gong Badak dijangka pulih pada jam 9 PM.,0
Sila hantar laporan mingguan bagi projek Pembangunan Sistem IoT sebelum hari Jumaat ini.,0
Akses portal SAPS anda akan ditamatkan dalam masa 24 jam. Sila log masuk di http://semakan-lhdn-gov.top untuk rayuan.,1
Tindakan segera diperlukan! Akaun Public Bank anda telah disekat. Sila sahkan identiti di http://verify-identity.com.,1
Pengesahan pendaftaran: Anda telah berjaya mendaftar untuk kursus Cybersecurity Forensics di portal UniSZA.,0
Terima kasih kerana menggunakan perkhidmatan Shopee. Sila berikan maklum balas anda di sini.,0
Penyata akaun bulanan anda bagi bulan April kini boleh dimuat turun di portal rasmi.,0
Kurier J&T Express: Penghantaran bungkusan anda gagal. Sila bayar kos penghantaran semula di http://bit.ly/kemaskini-akaun-2026.,1
Bantuan Tunai Rahmah: Semak status kelayakan RM4794 anda di pautan rasmi ini http://login-secure-web.net.,1
Notis: Penyelenggaraan sistem E-Daftar akan dijalankan pada malam ini dari jam 12AM hingga 4AM.,0
Sila hantar laporan mingguan bagi projek Pembangunan Sistem IoT sebelum hari Jumaat ini.,0
Penyata akaun bulanan anda bagi bulan Mei kini boleh dimuat turun di portal rasmi.,0
Notis: Penyelenggaraan sistem E-Daftar akan dijalankan pada malam ini dari jam 12AM hingga 4AM.,0
Pengesahan pendaftaran: Anda telah berjaya mendaftar untuk kursus Cybersecurity Forensics di portal UniSZA.,0
Sila hantar laporan mingguan bagi projek Pembangunan Sistem IoT sebelum hari Jumaat ini.,0
Akses portal SAPS anda akan ditamatkan dalam masa 24 jam. Sila log masuk di http://login-secure-web.net untuk rayuan.,1
Tahniah! Anda terpilih memenangi hadiah RM2657 dari J&T Express. Klik http://bit.ly/kemaskini-akaun-2026 untuk tuntut.,1
Peringatan: Langganan Spotify anda gagal diperbaharui. Kemaskini kad kredit anda di http://semakan-lhdn-gov.top.,1
Tindakan segera diperlukan! Akaun Bank Islam anda telah disekat. Sila sahkan identiti di http://bit.ly/kemaskini-akaun-2026.,1
Pengesahan pendaftaran: Anda telah berjaya mendaftar untuk kursus Cybersecurity Forensics di portal UniSZA.,0
Makluman: Gangguan bekalan air di kawasan Kuala Lumpur dijangka pulih pada jam 7 PM.,0
Tindakan segera diperlukan! Akaun Hong Leong Connect anda telah disekat. Sila sahkan identiti di http://verify-identity.com.,1
Akses portal SAPS anda akan ditamatkan dalam masa 24 jam. Sila log masuk di http://login-secure-web.net untuk rayuan.,1
Tahniah! Anda terpilih memenangi hadiah RM4604 dari Grab. Klik http://verify-identity.com untuk tuntut.,1
Peringatan: Langganan Netflix anda gagal diperbaharui. Kemaskini kad kredit anda di http://verify-identity.com.,1
Tahniah! Anda terpilih memenangi hadiah RM1800 dari Pos Laju. Klik http://login-secure-web.net untuk tuntut.,1
Penyata akaun bulanan anda bagi bulan Februari kini boleh dimuat turun di portal rasmi.,0
Terima kasih kerana menggunakan perkhidmatan Touch 'n Go. Sila berikan maklum balas anda di sini.,0
Bantuan Tunai Rahmah: Semak status kelayakan RM830 anda di pautan rasmi ini http://login-secure-web.net.,1
Kurier Grab: Penghantaran bungkusan anda gagal. Sila bayar kos penghantaran semula di http://login-secure-web.net.,1
Pengesahan pendaftaran: Anda telah berjaya mendaftar untuk kursus Cybersecurity Forensics di portal UniSZA.,0
Resit rasmi bagi transaksi TXN629134 berjaya diproses. Sila simpan untuk rujukan masa hadapan.,0
Akses portal SAPS anda akan ditamatkan dalam masa 24 jam. Sila log masuk di http://login-secure-web.net untuk rayuan.,1
Sila hantar laporan mingguan bagi projek Pembangunan Sistem IoT sebelum hari Jumaat ini.,0
Notis: Penyelenggaraan sistem E-Daftar akan dijalankan pada malam ini dari jam 12AM hingga 4AM.,0
Resit rasmi bagi transaksi TXN350248 berjaya diproses. Sila simpan untuk rujukan masa hadapan.,0
Kurier J&T Express: Penghantaran bungkusan anda gagal. Sila bayar kos penghantaran semula di http://semakan-lhdn-gov.top.,1
Notis: Penyelenggaraan sistem E-Daftar akan dijalankan pada malam ini dari jam 12AM hingga 4AM.,0
Terima kasih kerana menggunakan perkhidmatan Shopee. Sila berikan maklum balas anda di sini.,0
Pengesahan pendaftaran: Anda telah berjaya mendaftar untuk kursus Cybersecurity Forensics di portal UniSZA.,0
Tahniah! Anda terpilih memenangi hadiah RM4385 dari Pos Laju. Klik http://verify-identity.com untuk tuntut.,1
Makluman: Gangguan bekalan air di kawasan Kuala Terengganu dijangka pulih pada jam 10 PM.,0
Sila hantar laporan mingguan bagi projek Pembangunan Sistem IoT sebelum hari Jumaat ini.,0
Sila hantar laporan mingguan bagi projek Pembangunan Sistem IoT sebelum hari Jumaat ini.,0
Pengesahan pendaftaran: Anda telah berjaya mendaftar untuk kursus Cybersecurity Forensics di portal UniSZA.,0
Makluman: Gangguan bekalan air di kawasan Johor Bahru dijangka pulih pada jam 7 PM.,0
Resit rasmi bagi transaksi TXN524379 berjaya diproses. Sila simpan untuk rujukan masa hadapan.,0
Kurier Touch 'n Go: Penghantaran bungkusan anda gagal. Sila bayar kos penghantaran semula di http://bit.ly/kemaskini-akaun-2026.,1
Sila hantar laporan mingguan bagi projek Pembangunan Sistem IoT sebelum hari Jumaat ini.,0
Notis: Penyelenggaraan sistem E-Daftar akan dijalankan pada malam ini dari jam 12AM hingga 4AM.,0
Penyata akaun bulanan anda bagi bulan April kini boleh dimuat turun di portal rasmi.,0
Sila hantar laporan mingguan bagi projek Pembangunan Sistem IoT sebelum hari Jumaat ini.,0
Penyata akaun bulanan anda bagi bulan Februari kini boleh dimuat turun di portal rasmi.,0
Bantuan Tunai Rahmah: Semak status kelayakan RM1397 anda di pautan rasmi ini http://login-secure-web.net.,1
Terima kasih kerana menggunakan perkhidmatan Shopee. Sila berikan maklum balas anda di sini.,0
Sila hantar laporan mingguan bagi projek Pembangunan Sistem IoT sebelum hari Jumaat ini.,0
Bantuan Tunai Rahmah: Semak status kelayakan RM2683 anda di pautan rasmi ini http://semakan-lhdn-gov.top.,1
Bantuan Tunai Rahmah: Semak status kelayakan RM2786 anda di pautan rasmi ini http://login-secure-web.net.,1
Notis LHDN: Anda mempunyai tunggakan cukai sebanyak RM2894. Sila bayar segera di http://bit.ly/kemaskini-akaun-2026.,1
Tahniah! Anda terpilih memenangi hadiah RM531 dari Pos Laju. Klik http://verify-identity.com untuk tuntut.,1
Terima kasih kerana menggunakan perkhidmatan Lazada. Sila berikan maklum balas anda di sini.,0
Notis LHDN: Anda mempunyai tunggakan cukai sebanyak RM4156. Sila bayar segera di http://verify-identity.com.,1
Penyata akaun bulanan anda bagi bulan Januari kini boleh dimuat turun di portal rasmi.,0
Resit rasmi bagi transaksi TXN435834 berjaya diproses. Sila simpan untuk rujukan masa hadapan.,0
Sila hantar laporan mingguan bagi projek Pembangunan Sistem IoT sebelum hari Jumaat ini.,0
"Amaran: Percubaan log masuk dikesan pada akaun Disney+ Hotstar anda. Jika bukan anda, klik http://semakan-lhdn-gov.top.",1
Terima kasih kerana menggunakan perkhidmatan Shopee. Sila berikan maklum balas anda di sini.,0
Notis LHDN: Anda mempunyai tunggakan cukai sebanyak RM3200. Sila bayar segera di http://bit.ly/kemaskini-akaun-2026.,1
Penyata akaun bulanan anda bagi bulan Jun kini boleh dimuat turun di portal rasmi.,0
Makluman: Gangguan bekalan air di kawasan Kuala Terengganu dijangka pulih pada jam 2 PM.,0
Tindakan segera diperlukan! Akaun Hong Leong Connect anda telah disekat. Sila sahkan identiti di http://bit.ly/kemaskini-akaun-2026.,1
Notis: Penyelenggaraan sistem E-Daftar akan dijalankan pada malam ini dari jam 12AM hingga 4AM.,0
Tindakan segera diperlukan! Akaun Public Bank anda telah disekat. Sila sahkan identiti di http://bit.ly/kemaskini-akaun-2026.,1
Akses portal SAPS anda akan ditamatkan dalam masa 24 jam. Sila log masuk di http://semakan-lhdn-gov.top untuk rayuan.,1
Akses portal SAPS anda akan ditamatkan dalam masa 24 jam. Sila log masuk di http://login-secure-web.net untuk rayuan.,1
Pengesahan pendaftaran: Anda telah berjaya mendaftar untuk kursus Cybersecurity Forensics di portal UniSZA.,0
Makluman: Gangguan bekalan air di kawasan Besut dijangka pulih pada jam 5 PM.,0
Terima kasih kerana menggunakan perkhidmatan Shopee. Sila berikan maklum balas anda di sini.,0
Sila hantar laporan mingguan bagi projek Pembangunan Sistem IoT sebelum hari Jumaat ini.,0
Terima kasih kerana menggunakan perkhidmatan Lazada. Sila berikan maklum balas anda di sini.,0
Tindakan segera diperlukan! Akaun Bank Islam anda telah disekat. Sila sahkan identiti di http://verify-identity.com.,1
Sila hantar laporan mingguan bagi projek Pembangunan Sistem IoT sebelum hari Jumaat ini.,0
Notis: Penyelenggaraan sistem E-Daftar akan dijalankan pada malam ini dari jam 12AM hingga 4AM.,0
Penyata akaun bulanan anda bagi bulan Mei kini boleh dimuat turun di portal rasmi.,0
Notis: Penyelenggaraan sistem E-Daftar akan dijalankan pada malam ini dari jam 12AM hingga 4AM.,0
Resit rasmi bagi transaksi TXN299569 berjaya diproses. Sila simpan untuk rujukan masa hadapan.,0
Notis LHDN: Anda mempunyai tunggakan cukai sebanyak RM938. Sila bayar segera di http://semakan-lhdn-gov.top.,1
Makluman: Gangguan bekalan air di kawasan Gong Badak dijangka pulih pada jam 5 PM.,0
Bantuan Tunai Rahmah: Semak status kelayakan RM2892 anda di pautan rasmi ini http://login-secure-web.net.,1
Tahniah! Anda terpilih memenangi hadiah RM4326 dari J&T Express. Klik http://verify-identity.com untuk tuntut.,1
Kurier J&T Express: Penghantaran bungkusan anda gagal. Sila bayar kos penghantaran semula di http://bit.ly/kemaskini-akaun-2026.,1
Tindakan segera diperlukan! Akaun Hong Leong Connect anda telah disekat. Sila sahkan identiti di http://verify-identity.com.,1
Makluman: Gangguan bekalan air di kawasan Kuala Lumpur dijangka pulih pada jam 12 PM.,0
Tindakan segera diperlukan! Akaun Hong Leong Connect anda telah disekat. Sila sahkan identiti di http://verify-identity.com.,1
Peringatan mesyuarat: Perbincangan mengenai Digital Marketing akan diadakan pada Jumaat jam 11 PM.,0
Penyata akaun bulanan anda bagi bulan Januari kini boleh dimuat turun di portal rasmi.,0
Kurier J&T Express: Penghantaran bungkusan anda gagal. Sila bayar kos penghantaran semula di http://semakan-lhdn-gov.top.,1
Makluman: Gangguan bekalan air di kawasan Johor Bahru dijangka pulih pada jam 4 PM.,0
Makluman: Gangguan bekalan air di kawasan Besut dijangka pulih pada jam 10 PM.,0
Resit rasmi bagi transaksi TXN994085 berjaya diproses. Sila simpan untuk rujukan masa hadapan.,0
"Amaran: Percubaan log masuk dikesan pada akaun iCloud anda. Jika bukan anda, klik http://bit.ly/kemaskini-akaun-2026.",1
Makluman: Gangguan bekalan air di kawasan Gong Badak dijangka pulih pada jam 2 PM.,0
Tindakan segera diperlukan! Akaun Bank Islam anda telah disekat. Sila sahkan identiti di http://verify-identity.com.,1
Peringatan mesyuarat: Perbincangan mengenai SecurityX Training akan diadakan pada Jumaat jam 3 PM.,0
Pengesahan pendaftaran: Anda telah berjaya mendaftar untuk kursus Cybersecurity Forensics di portal UniSZA.,0
"Amaran: Percubaan log masuk dikesan pada akaun Netflix anda. Jika bukan anda, klik http://semakan-lhdn-gov.top.",1
Terima kasih kerana menggunakan perkhidmatan J&T Express. Sila berikan maklum balas anda di sini.,0
Peringatan mesyuarat: Perbincangan mengenai Latihan Industri akan diadakan pada Jumaat jam 7 PM.,0
Makluman: Gangguan bekalan air di kawasan Besut dijangka pulih pada jam 4 PM.,0
"Amaran: Percubaan log masuk dikesan pada akaun Disney+ Hotstar anda. Jika bukan anda, klik http://verify-identity.com.",1
Kurier Pos Laju: Penghantaran bungkusan anda gagal. Sila bayar kos penghantaran semula di http://login-secure-web.net.,1
"Amaran: Percubaan log masuk dikesan pada akaun Unifi anda. Jika bukan anda, klik http://bit.ly/kemaskini-akaun-2026.",1
Kurier J&T Express: Penghantaran bungkusan anda gagal. Sila bayar kos penghantaran semula di http://semakan-lhdn-gov.top.,1
Penyata akaun bulanan anda bagi bulan Mac kini boleh dimuat turun di portal rasmi.,0
Makluman: Gangguan bekalan air di kawasan Besut dijangka pulih pada jam 11 PM.,0
"Amaran: Percubaan log masuk dikesan pada akaun Disney+ Hotstar anda. Jika bukan anda, klik http://verify-identity.com.",1
Peringatan mesyuarat: Perbincangan mengenai SecurityX Training akan diadakan pada Jumaat jam 4 PM.,0
Bantuan Tunai Rahmah: Semak status kelayakan RM4113 anda di pautan rasmi ini http://semakan-lhdn-gov.top.,1
Peringatan: Langganan iCloud anda gagal diperbaharui. Kemaskini kad kredit anda di http://login-secure-web.net.,1
Bantuan Tunai Rahmah: Semak status kelayakan RM3579 anda di pautan rasmi ini http://verify-identity.com.,1
"Amaran: Percubaan log masuk dikesan pada akaun Unifi anda. Jika bukan anda, klik http://verify-identity.com.",1
Peringatan: Langganan Disney+ Hotstar anda gagal diperbaharui. Kemaskini kad kredit anda di http://verify-identity.com.,1
Penyata akaun bulanan anda bagi bulan April kini boleh dimuat turun di portal rasmi.,0
Tahniah! Anda terpilih memenangi hadiah RM1023 dari Shopee. Klik http://verify-identity.com untuk tuntut.,1
Resit rasmi bagi transaksi TXN645406 berjaya diproses. Sila simpan untuk rujukan masa hadapan.,0
Tindakan segera diperlukan! Akaun Bank Islam anda telah disekat. Sila sahkan identiti di http://bit.ly/kemaskini-akaun-2026.,1
Makluman: Gangguan bekalan air di kawasan Gong Badak dijangka pulih pada jam 11 PM.,0
Notis LHDN: Anda mempunyai tunggakan cukai sebanyak RM1132. Sila bayar segera di http://verify-identity.com.,1
Tahniah! Anda terpilih memenangi hadiah RM3946 dari Shopee. Klik http://bit.ly/kemaskini-akaun-2026 untuk tuntut.,1
Sila hantar laporan mingguan bagi projek Pembangunan Sistem IoT sebelum hari Jumaat ini.,0
Notis LHDN: Anda mempunyai tunggakan cukai sebanyak RM2680. Sila bayar segera di http://bit.ly/kemaskini-akaun-2026.,1
Tindakan segera diperlukan! Akaun Public Bank anda telah disekat. Sila sahkan identiti di http://bit.ly/kemaskini-akaun-2026.,1
Makluman: Gangguan bekalan air di kawasan Kuala Terengganu dijangka pulih pada jam 10 PM.,0
Penyata akaun bulanan anda bagi bulan Mac kini boleh dimuat turun di portal rasmi.,0
Kurier Lazada: Penghantaran bungkusan anda gagal. Sila bayar kos penghantaran semula di http://semakan-lhdn-gov.top.,1
Terima kasih kerana menggunakan perkhidmatan Touch 'n Go. Sila berikan maklum balas anda di sini.,0
Sila hantar laporan mingguan bagi projek Pembangunan Sistem IoT sebelum hari Jumaat ini.,0
Notis LHDN: Anda mempunyai tunggakan cukai sebanyak RM4442. Sila bayar segera di http://semakan-lhdn-gov.top.,1
Bantuan Tunai Rahmah: Semak status kelayakan RM1685 anda di pautan rasmi ini http://login-secure-web.net.,1
Tahniah! Anda terpilih memenangi hadiah RM4698 dari Lazada. Klik http://bit.ly/kemaskini-akaun-2026 untuk tuntut.,1
Notis LHDN: Anda mempunyai tunggakan cukai sebanyak RM1365. Sila bayar segera di http://login-secure-web.net.,1
Terima kasih kerana menggunakan perkhidmatan Pos Laju. Sila berikan maklum balas anda di sini.,0
Peringatan: Langganan Unifi anda gagal diperbaharui. Kemaskini kad kredit anda di http://bit.ly/kemaskini-akaun-2026.,1
Peringatan mesyuarat: Perbincangan mengenai SecurityX Training akan diadakan pada Jumaat jam 8 PM.,0
Akses portal SAPS anda akan ditamatkan dalam masa 24 jam. Sila log masuk di http://bit.ly/kemaskini-akaun-2026 untuk rayuan.,1
Notis LHDN: Anda mempunyai tunggakan cukai sebanyak RM4101. Sila bayar segera di http://semakan-lhdn-gov.top.,1
Notis LHDN: Anda mempunyai tunggakan cukai sebanyak RM4416. Sila bayar segera di http://verify-identity.com.,1
Peringatan: Langganan Unifi anda gagal diperbaharui. Kemaskini kad kredit anda di http://login-secure-web.net.,1
Peringatan: Langganan Disney+ Hotstar anda gagal diperbaharui. Kemaskini kad kredit anda di http://semakan-lhdn-gov.top.,1
Kurier Pos Laju: Penghantaran bungkusan anda gagal. Sila bayar kos penghantaran semula di http://login-secure-web.net.,1
Tindakan segera diperlukan! Akaun Hong Leong Connect anda telah disekat. Sila sahkan identiti di http://login-secure-web.net.,1
Notis: Penyelenggaraan sistem E-Daftar akan dijalankan pada malam ini dari jam 12AM hingga 4AM.,0
Kurier Shopee: Penghantaran bungkusan anda gagal. Sila bayar kos penghantaran semula di http://verify-identity.com.,1
Terima kasih kerana menggunakan perkhidmatan Pos Laju. Sila berikan maklum balas anda di sini.,0
"Amaran: Percubaan log masuk dikesan pada akaun Spotify anda. Jika bukan anda, klik http://verify-identity.com.",1
"Amaran: Percubaan log masuk dikesan pada akaun Unifi anda. Jika bukan anda, klik http://bit.ly/kemaskini-akaun-2026.",1
Resit rasmi bagi transaksi TXN842050 berjaya diproses. Sila simpan untuk rujukan masa hadapan.,0
Makluman: Gangguan bekalan air di kawasan Kuala Lumpur dijangka pulih pada jam 6 PM.,0
Notis LHDN: Anda mempunyai tunggakan cukai sebanyak RM3565. Sila bayar segera di http://bit.ly/kemaskini-akaun-2026.,1
Penyata akaun bulanan anda bagi bulan Februari kini boleh dimuat turun di portal rasmi.,0
Sila hantar laporan mingguan bagi projek Pembangunan Sistem IoT sebelum hari Jumaat ini.,0
"Amaran: Percubaan log masuk dikesan pada akaun Netflix anda. Jika bukan anda, klik http://login-secure-web.net.",1
Makluman: Gangguan bekalan air di kawasan Kuala Terengganu dijangka pulih pada jam 2 PM.,0
Kurier J&T Express: Penghantaran bungkusan anda gagal. Sila bayar kos penghantaran semula di http://semakan-lhdn-gov.top.,1
"Amaran: Percubaan log masuk dikesan pada akaun Disney+ Hotstar anda. Jika bukan anda, klik http://login-secure-web.net.",1
Tindakan segera diperlukan! Akaun RHB Now anda telah disekat. Sila sahkan identiti di http://login-secure-web.net.,1
Notis LHDN: Anda mempunyai tunggakan cukai sebanyak RM530. Sila bayar segera di http://semakan-lhdn-gov.top.,1
Bantuan Tunai Rahmah: Semak status kelayakan RM3630 anda di pautan rasmi ini http://semakan-lhdn-gov.top.,1
Makluman: Gangguan bekalan air di kawasan Johor Bahru dijangka pulih pada jam 5 PM.,0
Akses portal SAPS anda akan ditamatkan dalam masa 24 jam. Sila log masuk di http://login-secure-web.net untuk rayuan.,1
Penyata akaun bulanan anda bagi bulan Mei kini boleh dimuat turun di portal rasmi.,0
Akses portal SAPS anda akan ditamatkan dalam masa 24 jam. Sila log masuk di http://login-secure-web.net untuk rayuan.,1
Makluman: Gangguan bekalan air di kawasan Kuala Lumpur dijangka pulih pada jam 3 PM.,0
Makluman: Gangguan bekalan air di kawasan Besut dijangka pulih pada jam 2 PM.,0
Peringatan: Langganan Disney+ Hotstar anda gagal diperbaharui. Kemaskini kad kredit anda di http://bit.ly/kemaskini-akaun-2026.,1
Terima kasih kerana menggunakan perkhidmatan Grab. Sila berikan maklum balas anda di sini.,0
Pengesahan pendaftaran: Anda telah berjaya mendaftar untuk kursus Cybersecurity Forensics di portal UniSZA.,0
Peringatan mesyuarat: Perbincangan mengenai Latihan Industri akan diadakan pada Jumaat jam 4 PM.,0
Resit rasmi bagi transaksi TXN116621 berjaya diproses. Sila simpan untuk rujukan masa hadapan.,0
Akses portal SAPS anda akan ditamatkan dalam masa 24 jam. Sila log masuk di http://login-secure-web.net untuk rayuan.,1
Peringatan mesyuarat: Perbincangan mengenai Latihan Industri akan diadakan pada Jumaat jam 2 PM.,0
Terima kasih kerana menggunakan perkhidmatan Grab. Sila berikan maklum balas anda di sini.,0
Notis: Penyelenggaraan sistem E-Daftar akan dijalankan pada malam ini dari jam 12AM hingga 4AM.,0
"Amaran: Percubaan log masuk dikesan pada akaun iCloud anda. Jika bukan anda, klik http://bit.ly/kemaskini-akaun-2026.",1
Bantuan Tunai Rahmah: Semak status kelayakan RM4674 anda di pautan rasmi ini http://verify-identity.com.,1
Akses portal SAPS anda akan ditamatkan dalam masa 24 jam. Sila log masuk di http://verify-identity.com untuk rayuan.,1
Notis LHDN: Anda mempunyai tunggakan cukai sebanyak RM1852. Sila bayar segera di http://bit.ly/kemaskini-akaun-2026.,1
"Amaran: Percubaan log masuk dikesan pada akaun Disney+ Hotstar anda. Jika bukan anda, klik http://semakan-lhdn-gov.top.",1
Sila hantar laporan mingguan bagi projek Pembangunan Sistem IoT sebelum hari Jumaat ini.,0
Makluman: Gangguan bekalan air di kawasan Besut dijangka pulih pada jam 5 PM.,0
Penyata akaun bulanan anda bagi bulan Jun kini boleh dimuat turun di portal rasmi.,0
Terima kasih kerana menggunakan perkhidmatan Pos Laju. Sila berikan maklum balas anda di sini.,0
Bantuan Tunai Rahmah: Semak status kelayakan RM2715 anda di pautan rasmi ini http://bit.ly/kemaskini-akaun-2026.,1
Pengesahan pendaftaran: Anda telah berjaya mendaftar untuk kursus Cybersecurity Forensics di portal UniSZA.,0
Akses portal SAPS anda akan ditamatkan dalam masa 24 jam. Sila log masuk di http://bit.ly/kemaskini-akaun-2026 untuk rayuan.,1
Tahniah! Anda terpilih memenangi hadiah RM2382 dari Grab. Klik http://semakan-lhdn-gov.top untuk tuntut.,1
Akses portal SAPS anda akan ditamatkan dalam masa 24 jam. Sila log masuk di http://semakan-lhdn-gov.top untuk rayuan.,1
Tahniah! Anda terpilih memenangi hadiah RM2105 dari Shopee. Klik http://verify-identity.com untuk tuntut.,1
Kurier Touch 'n Go: Penghantaran bungkusan anda gagal. Sila bayar kos penghantaran semula di http://semakan-lhdn-gov.top.,1
Sila hantar laporan mingguan bagi projek Pembangunan Sistem IoT sebelum hari Jumaat ini.,0
Tahniah! Anda terpilih memenangi hadiah RM709 dari Pos Laju. Klik http://verify-identity.com untuk tuntut.,1
"Amaran: Percubaan log masuk dikesan pada akaun Disney+ Hotstar anda. Jika bukan anda, klik http://login-secure-web.net.",1
Terima kasih kerana menggunakan perkhidmatan Touch 'n Go. Sila berikan maklum balas anda di sini.,0
Kurier Shopee: Penghantaran bungkusan anda gagal. Sila bayar kos penghantaran semula di http://semakan-lhdn-gov.top.,1
Resit rasmi bagi transaksi TXN958036 berjaya diproses. Sila simpan untuk rujukan masa hadapan.,0
Terima kasih kerana menggunakan perkhidmatan Grab. Sila berikan maklum balas anda di sini.,0
Makluman: Gangguan bekalan air di kawasan Kuala Terengganu dijangka pulih pada jam 4 PM.,0
Bantuan Tunai Rahmah: Semak status kelayakan RM2036 anda di pautan rasmi ini http://bit.ly/kemaskini-akaun-2026.,1
Notis LHDN: Anda mempunyai tunggakan cukai sebanyak RM2789. Sila bayar segera di http://semakan-lhdn-gov.top.,1
Pengesahan pendaftaran: Anda telah berjaya mendaftar untuk kursus Cybersecurity Forensics di portal UniSZA.,0
Sila hantar laporan mingguan bagi projek Pembangunan Sistem IoT sebelum hari Jumaat ini.,0
Peringatan mesyuarat: Perbincangan mengenai Latihan Industri akan diadakan pada Jumaat jam 6 PM.,0
Peringatan mesyuarat: Perbincangan mengenai Digital Marketing akan diadakan pada Jumaat jam 3 PM.,0
Notis: Penyelenggaraan sistem E-Daftar akan dijalankan pada malam ini dari jam 12AM hingga 4AM.,0
Tindakan segera diperlukan! Akaun Public Bank anda telah disekat. Sila sahkan identiti di http://verify-identity.com.,1
Penyata akaun bulanan anda bagi bulan Februari kini boleh dimuat turun di portal rasmi.,0
Tahniah! Anda terpilih memenangi hadiah RM1434 dari Lazada. Klik http://bit.ly/kemaskini-akaun-2026 untuk tuntut.,1
Tahniah! Anda terpilih memenangi hadiah RM3070 dari Pos Laju. Klik http://semakan-lhdn-gov.top untuk tuntut.,1
Pengesahan pendaftaran: Anda telah berjaya mendaftar untuk kursus Cybersecurity Forensics di portal UniSZA.,0
Akses portal SAPS anda akan ditamatkan dalam masa 24 jam. Sila log masuk di http://semakan-lhdn-gov.top untuk rayuan.,1
Akses portal SAPS anda akan ditamatkan dalam masa 24 jam. Sila log masuk di http://bit.ly/kemaskini-akaun-2026 untuk rayuan.,1
"Amaran: Percubaan log masuk dikesan pada akaun Netflix anda. Jika bukan anda, klik http://semakan-lhdn-gov.top.",1
Akses portal SAPS anda akan ditamatkan dalam masa 24 jam. Sila log masuk di http://login-secure-web.net untuk rayuan.,1
Tindakan segera diperlukan! Akaun Maybank2u anda telah disekat. Sila sahkan identiti di http://verify-identity.com.,1
Akses portal SAPS anda akan ditamatkan dalam masa 24 jam. Sila log masuk di http://semakan-lhdn-gov.top untuk rayuan.,1
Peringatan: Langganan Netflix anda gagal diperbaharui. Kemaskini kad kredit anda di http://bit.ly/kemaskini-akaun-2026.,1
Tindakan segera diperlukan! Akaun Maybank2u anda telah disekat. Sila sahkan identiti di http://verify-identity.com.,1
Sila hantar laporan mingguan bagi projek Pembangunan Sistem IoT sebelum hari Jumaat ini.,0
Resit rasmi bagi transaksi TXN978799 berjaya diproses. Sila simpan untuk rujukan masa hadapan.,0
Penyata akaun bulanan anda bagi bulan April kini boleh dimuat turun di portal rasmi.,0
Peringatan: Langganan Spotify anda gagal diperbaharui. Kemaskini kad kredit anda di http://login-secure-web.net.,1
Notis: Penyelenggaraan sistem E-Daftar akan dijalankan pada malam ini dari jam 12AM hingga 4AM.,0
Notis LHDN: Anda mempunyai tunggakan cukai sebanyak RM3029. Sila bayar segera di http://login-secure-web.net.,1
Kurier Touch 'n Go: Penghantaran bungkusan anda gagal. Sila bayar kos penghantaran semula di http://semakan-lhdn-gov.top.,1
Akses portal SAPS anda akan ditamatkan dalam masa 24 jam. Sila log masuk di http://verify-identity.com untuk rayuan.,1
Peringatan mesyuarat: Perbincangan mengenai SecurityX Training akan diadakan pada Jumaat jam 7 PM.,0
Penyata akaun bulanan anda bagi bulan Januari kini boleh dimuat turun di portal rasmi.,0
Tahniah! Anda terpilih memenangi hadiah RM3340 dari Grab. Klik http://semakan-lhdn-gov.top untuk tuntut.,1
Notis LHDN: Anda mempunyai tunggakan cukai sebanyak RM4425. Sila bayar segera di http://verify-identity.com.,1
Terima kasih kerana menggunakan perkhidmatan Lazada. Sila berikan maklum balas anda di sini.,0
Tindakan segera diperlukan! Akaun Bank Islam anda telah disekat. Sila sahkan identiti di http://login-secure-web.net.,1
Tahniah! Anda terpilih memenangi hadiah RM549 dari Touch 'n Go. Klik http://semakan-lhdn-gov.top untuk tuntut.,1
Peringatan: Langganan Unifi anda gagal diperbaharui. Kemaskini kad kredit anda di http://login-secure-web.net.,1
Terima kasih kerana menggunakan perkhidmatan J&T Express. Sila berikan maklum balas anda di sini.,0
Terima kasih kerana menggunakan perkhidmatan Touch 'n Go. Sila berikan maklum balas anda di sini.,0
Kurier Touch 'n Go: Penghantaran bungkusan anda gagal. Sila bayar kos penghantaran semula di http://login-secure-web.net.,1
Kurier J&T Express: Penghantaran bungkusan anda gagal. Sila bayar kos penghantaran semula di http://semakan-lhdn-gov.top.,1
Tahniah! Anda terpilih memenangi hadiah RM4272 dari Pos Laju. Klik http://bit.ly/kemaskini-akaun-2026 untuk tuntut.,1
Penyata akaun bulanan anda bagi bulan Januari kini boleh dimuat turun di portal rasmi.,0
Makluman: Gangguan bekalan air di kawasan Johor Bahru dijangka pulih pada jam 3 PM.,0
Kurier Lazada: Penghantaran bungkusan anda gagal. Sila bayar kos penghantaran semula di http://semakan-lhdn-gov.top.,1
Bantuan Tunai Rahmah: Semak status kelayakan RM4764 anda di pautan rasmi ini http://login-secure-web.net.,1
Pengesahan pendaftaran: Anda telah berjaya mendaftar untuk kursus Cybersecurity Forensics di portal UniSZA.,0
Tahniah! Anda terpilih memenangi hadiah RM2279 dari Lazada. Klik http://verify-identity.com untuk tuntut.,1
Makluman: Gangguan bekalan air di kawasan Kuala Lumpur dijangka pulih pada jam 11 PM.,0
Tahniah! Anda terpilih memenangi hadiah RM3648 dari Touch 'n Go. Klik http://bit.ly/kemaskini-akaun-2026 untuk tuntut.,1
Kurier Touch 'n Go: Penghantaran bungkusan anda gagal. Sila bayar kos penghantaran semula di http://verify-identity.com.,1
Notis: Penyelenggaraan sistem E-Daftar akan dijalankan pada malam ini dari jam 12AM hingga 4AM.,0
Pengesahan pendaftaran: Anda telah berjaya mendaftar untuk kursus Cybersecurity Forensics di portal UniSZA.,0
Tahniah! Anda terpilih memenangi hadiah RM1273 dari Touch 'n Go. Klik http://semakan-lhdn-gov.top untuk tuntut.,1
Peringatan mesyuarat: Perbincangan mengenai SecurityX Training akan diadakan pada Jumaat jam 9 PM.,0
Notis: Penyelenggaraan sistem E-Daftar akan dijalankan pada malam ini dari jam 12AM hingga 4AM.,0
Tahniah! Anda terpilih memenangi hadiah RM2541 dari J&T Express. Klik http://bit.ly/kemaskini-akaun-2026 untuk tuntut.,1
Sila hantar laporan mingguan bagi projek Pembangunan Sistem IoT sebelum hari Jumaat ini.,0
Kurier Shopee: Penghantaran bungkusan anda gagal. Sila bayar kos penghantaran semula di http://verify-identity.com.,1
Notis: Penyelenggaraan sistem E-Daftar akan dijalankan pada malam ini dari jam 12AM hingga 4AM.,0
"Amaran: Percubaan log masuk dikesan pada akaun Unifi anda. Jika bukan anda, klik http://login-secure-web.net.",1
Notis: Penyelenggaraan sistem E-Daftar akan dijalankan pada malam ini dari jam 12AM hingga 4AM.,0
Penyata akaun bulanan anda bagi bulan Jun kini boleh dimuat turun di portal rasmi.,0
Peringatan: Langganan Unifi anda gagal diperbaharui. Kemaskini kad kredit anda di http://semakan-lhdn-gov.top.,1
Makluman: Gangguan bekalan air di kawasan Johor Bahru dijangka pulih pada jam 12 PM.,0
Notis: Penyelenggaraan sistem E-Daftar akan dijalankan pada malam ini dari jam 12AM hingga 4AM.,0
Bantuan Tunai Rahmah: Semak status kelayakan RM3050 anda di pautan rasmi ini http://semakan-lhdn-gov.top.,1
Kurier Pos Laju: Penghantaran bungkusan anda gagal. Sila bayar kos penghantaran semula di http://verify-identity.com.,1
Tindakan segera diperlukan! Akaun RHB Now anda telah disekat. Sila sahkan identiti di http://login-secure-web.net.,1
Peringatan: Langganan Unifi anda gagal diperbaharui. Kemaskini kad kredit anda di http://login-secure-web.net.,1
Tindakan segera diperlukan! Akaun CIMB Clicks anda telah disekat. Sila sahkan identiti di http://verify-identity.com.,1
Peringatan: Langganan Netflix anda gagal diperbaharui. Kemaskini kad kredit anda di http://verify-identity.com.,1
"Amaran: Percubaan log masuk dikesan pada akaun Spotify anda. Jika bukan anda, klik http://semakan-lhdn-gov.top.",1
Pengesahan pendaftaran: Anda telah berjaya mendaftar untuk kursus Cybersecurity Forensics di portal UniSZA.,0
Resit rasmi bagi transaksi TXN733178 berjaya diproses. Sila simpan untuk rujukan masa hadapan.,0
Tahniah! Anda terpilih memenangi hadiah RM963 dari J&T Express. Klik http://login-secure-web.net untuk tuntut.,1
Akses portal SAPS anda akan ditamatkan dalam masa 24 jam. Sila log masuk di http://login-secure-web.net untuk rayuan.,1
Bantuan Tunai Rahmah: Semak status kelayakan RM668 anda di pautan rasmi ini http://verify-identity.com.,1
Resit rasmi bagi transaksi TXN350013 berjaya diproses. Sila simpan untuk rujukan masa hadapan.,0
Notis LHDN: Anda mempunyai tunggakan cukai sebanyak RM2267. Sila bayar segera di http://verify-identity.com.,1
Akses portal SAPS anda akan ditamatkan dalam masa 24 jam. Sila log masuk di http://semakan-lhdn-gov.top untuk rayuan.,1
Tindakan segera diperlukan! Akaun Maybank2u anda telah disekat. Sila sahkan identiti di http://login-secure-web.net.,1
Makluman: Gangguan bekalan air di kawasan Kuala Lumpur dijangka pulih pada jam 4 PM.,0
Tindakan segera diperlukan! Akaun Public Bank anda telah disekat. Sila sahkan identiti di http://semakan-lhdn-gov.top.,1
Resit rasmi bagi transaksi TXN796472 berjaya diproses. Sila simpan untuk rujukan masa hadapan.,0
Sila hantar laporan mingguan bagi projek Pembangunan Sistem IoT sebelum hari Jumaat ini.,0
Kurier Lazada: Penghantaran bungkusan anda gagal. Sila bayar kos penghantaran semula di http://semakan-lhdn-gov.top.,1
Peringatan: Langganan iCloud anda gagal diperbaharui. Kemaskini kad kredit anda di http://bit.ly/kemaskini-akaun-2026.,1
Peringatan: Langganan Spotify anda gagal diperbaharui. Kemaskini kad kredit anda di http://bit.ly/kemaskini-akaun-2026.,1
"Amaran: Percubaan log masuk dikesan pada akaun Spotify anda. Jika bukan anda, klik http://verify-identity.com.",1
"Amaran: Percubaan log masuk dikesan pada akaun Netflix anda. Jika bukan anda, klik http://login-secure-web.net.",1
Resit rasmi bagi transaksi TXN367425 berjaya diproses. Sila simpan untuk rujukan masa hadapan.,0
Tindakan segera diperlukan! Akaun RHB Now anda telah disekat. Sila sahkan identiti di http://semakan-lhdn-gov.top.,1
Terima kasih kerana menggunakan perkhidmatan Grab. Sila berikan maklum balas anda di sini.,0
Tahniah! Anda terpilih memenangi hadiah RM1951 dari Lazada. Klik http://verify-identity.com untuk tuntut.,1
Tindakan segera diperlukan! Akaun Public Bank anda telah disekat. Sila sahkan identiti di http://login-secure-web.net.,1
Notis: Penyelenggaraan sistem E-Daftar akan dijalankan pada malam ini dari jam 12AM hingga 4AM.,0
Peringatan mesyuarat: Perbincangan mengenai Latihan Industri akan diadakan pada Jumaat jam 7 PM.,0
Resit rasmi bagi transaksi TXN921950 berjaya diproses. Sila simpan untuk rujukan masa hadapan.,0
Tindakan segera diperlukan! Akaun Bank Islam anda telah disekat. Sila sahkan identiti di http://semakan-lhdn-gov.top.,1
"Amaran: Percubaan log masuk dikesan pada akaun Disney+ Hotstar anda. Jika bukan anda, klik http://bit.ly/kemaskini-akaun-2026.",1
Sila hantar laporan mingguan bagi projek Pembangunan Sistem IoT sebelum hari Jumaat ini.,0
Notis LHDN: Anda mempunyai tunggakan cukai sebanyak RM2769. Sila bayar segera di http://login-secure-web.net.,1
"Amaran: Percubaan log masuk dikesan pada akaun Spotify anda. Jika bukan anda, klik http://verify-identity.com.",1
Notis LHDN: Anda mempunyai tunggakan cukai sebanyak RM2102. Sila bayar segera di http://semakan-lhdn-gov.top.,1
Pengesahan pendaftaran: Anda telah berjaya mendaftar untuk kursus Cybersecurity Forensics di portal UniSZA.,0
Notis: Penyelenggaraan sistem E-Daftar akan dijalankan pada malam ini dari jam 12AM hingga 4AM.,0
Akses portal SAPS anda akan ditamatkan dalam masa 24 jam. Sila log masuk di http://bit.ly/kemaskini-akaun-2026 untuk rayuan.,1
Peringatan: Langganan Disney+ Hotstar anda gagal diperbaharui. Kemaskini kad kredit anda di http://bit.ly/kemaskini-akaun-2026.,1
Notis LHDN: Anda mempunyai tunggakan cukai sebanyak RM1606. Sila bayar segera di http://bit.ly/kemaskini-akaun-2026.,1
"Amaran: Percubaan log masuk dikesan pada akaun Netflix anda. Jika bukan anda, klik http://verify-identity.com.",1
Sila hantar laporan mingguan bagi projek Pembangunan Sistem IoT sebelum hari Jumaat ini.,0
Akses portal SAPS anda akan ditamatkan dalam masa 24 jam. Sila log masuk di http://semakan-lhdn-gov.top untuk rayuan.,1
Kurier Pos Laju: Penghantaran bungkusan anda gagal. Sila bayar kos penghantaran semula di http://semakan-lhdn-gov.top.,1
Akses portal SAPS anda akan ditamatkan dalam masa 24 jam. Sila log masuk di http://bit.ly/kemaskini-akaun-2026 untuk rayuan.,1
Kurier Grab: Penghantaran bungkusan anda gagal. Sila bayar kos penghantaran semula di http://semakan-lhdn-gov.top.,1
Sila hantar laporan mingguan bagi projek Pembangunan Sistem IoT sebelum hari Jumaat ini.,0
"Amaran: Percubaan log masuk dikesan pada akaun Unifi anda. Jika bukan anda, klik http://bit.ly/kemaskini-akaun-2026.",1
Tahniah! Anda terpilih memenangi hadiah RM1400 dari Touch 'n Go. Klik http://bit.ly/kemaskini-akaun-2026 untuk tuntut.,1
Notis LHDN: Anda mempunyai tunggakan cukai sebanyak RM4152. Sila bayar segera di http://login-secure-web.net.,1
Makluman: Gangguan bekalan air di kawasan Besut dijangka pulih pada jam 6 PM.,0
Peringatan: Langganan Unifi anda gagal diperbaharui. Kemaskini kad kredit anda di http://verify-identity.com.,1
Tahniah! Anda terpilih memenangi hadiah RM1067 dari Touch 'n Go. Klik http://bit.ly/kemaskini-akaun-2026 untuk tuntut.,1
Penyata akaun bulanan anda bagi bulan Mac kini boleh dimuat turun di portal rasmi.,0
Tahniah! Anda terpilih memenangi hadiah RM2588 dari Touch 'n Go. Klik http://verify-identity.com untuk tuntut.,1
Penyata akaun bulanan anda bagi bulan Jun kini boleh dimuat turun di portal rasmi.,0
"Amaran: Percubaan log masuk dikesan pada akaun Netflix anda. Jika bukan anda, klik http://semakan-lhdn-gov.top.",1
Peringatan mesyuarat: Perbincangan mengenai SecurityX Training akan diadakan pada Jumaat jam 5 PM.,0
Tahniah! Anda terpilih memenangi hadiah RM2173 dari J&T Express. Klik http://verify-identity.com untuk tuntut.,1
Bantuan Tunai Rahmah: Semak status kelayakan RM4475 anda di pautan rasmi ini http://bit.ly/kemaskini-akaun-2026.,1
Penyata akaun bulanan anda bagi bulan April kini boleh dimuat turun di portal rasmi.,0
Makluman: Gangguan bekalan air di kawasan Kuala Terengganu dijangka pulih pada jam 2 PM.,0
Peringatan: Langganan Unifi anda gagal diperbaharui. Kemaskini kad kredit anda di http://verify-identity.com.,1
Tindakan segera diperlukan! Akaun RHB Now anda telah disekat. Sila sahkan identiti di http://login-secure-web.net.,1
Akses portal SAPS anda akan ditamatkan dalam masa 24 jam. Sila log masuk di http://verify-identity.com untuk rayuan.,1
Sila hantar laporan mingguan bagi projek Pembangunan Sistem IoT sebelum hari Jumaat ini.,0
Notis LHDN: Anda mempunyai tunggakan cukai sebanyak RM1656. Sila bayar segera di http://bit.ly/kemaskini-akaun-2026.,1
Tindakan segera diperlukan! Akaun CIMB Clicks anda telah disekat. Sila sahkan identiti di http://login-secure-web.net.,1
Notis: Penyelenggaraan sistem E-Daftar akan dijalankan pada malam ini dari jam 12AM hingga 4AM.,0
Penyata akaun bulanan anda bagi bulan Mac kini boleh dimuat turun di portal rasmi.,0
Penyata akaun bulanan anda bagi bulan April kini boleh dimuat turun di portal rasmi.,0
Terima kasih kerana menggunakan perkhidmatan Pos Laju. Sila berikan maklum balas anda di sini.,0
"Amaran: Percubaan log masuk dikesan pada akaun Spotify anda. Jika bukan anda, klik http://bit.ly/kemaskini-akaun-2026.",1
Makluman: Gangguan bekalan air di kawasan Kuala Lumpur dijangka pulih pada jam 7 PM.,0
Makluman: Gangguan bekalan air di kawasan Kuala Terengganu dijangka pulih pada jam 11 PM.,0
Tahniah! Anda terpilih memenangi hadiah RM4721 dari Shopee. Klik http://login-secure-web.net untuk tuntut.,1
Penyata akaun bulanan anda bagi bulan Mei kini boleh dimuat turun di portal rasmi.,0
Kurier Shopee: Penghantaran bungkusan anda gagal. Sila bayar kos penghantaran semula di http://semakan-lhdn-gov.top.,1
Kurier Pos Laju: Penghantaran bungkusan anda gagal. Sila bayar kos penghantaran semula di http://login-secure-web.net.,1
Makluman: Gangguan bekalan air di kawasan Johor Bahru dijangka pulih pada jam 8 PM.,0
Notis LHDN: Anda mempunyai tunggakan cukai sebanyak RM624. Sila bayar segera di http://semakan-lhdn-gov.top.,1
"Amaran: Percubaan log masuk dikesan pada akaun Disney+ Hotstar anda. Jika bukan anda, klik http://login-secure-web.net.",1
Resit rasmi bagi transaksi TXN248406 berjaya diproses. Sila simpan untuk rujukan masa hadapan.,0
"Amaran: Percubaan log masuk dikesan pada akaun Netflix anda. Jika bukan anda, klik http://login-secure-web.net.",1
Peringatan mesyuarat: Perbincangan mengenai SecurityX Training akan diadakan pada Jumaat jam 10 PM.,0
Resit rasmi bagi transaksi TXN234039 berjaya diproses. Sila simpan untuk rujukan masa hadapan.,0
Makluman: Gangguan bekalan air di kawasan Besut dijangka pulih pada jam 3 PM.,0
Penyata akaun bulanan anda bagi bulan Jun kini boleh dimuat turun di portal rasmi.,0
Pengesahan pendaftaran: Anda telah berjaya mendaftar untuk kursus Cybersecurity Forensics di portal UniSZA.,0
Tahniah! Anda terpilih memenangi hadiah RM1425 dari J&T Express. Klik http://semakan-lhdn-gov.top untuk tuntut.,1
Penyata akaun bulanan anda bagi bulan Mei kini boleh dimuat turun di portal rasmi.,0
Kurier J&T Express: Penghantaran bungkusan anda gagal. Sila bayar kos penghantaran semula di http://verify-identity.com.,1
Notis: Penyelenggaraan sistem E-Daftar akan dijalankan pada malam ini dari jam 12AM hingga 4AM.,0
Terima kasih kerana menggunakan perkhidmatan Lazada. Sila berikan maklum balas anda di sini.,0
"Amaran: Percubaan log masuk dikesan pada akaun iCloud anda. Jika bukan anda, klik http://semakan-lhdn-gov.top.",1
Notis: Penyelenggaraan sistem E-Daftar akan dijalankan pada malam ini dari jam 12AM hingga 4AM.,0
Resit rasmi bagi transaksi TXN144496 berjaya diproses. Sila simpan untuk rujukan masa hadapan.,0
Makluman: Gangguan bekalan air di kawasan Besut dijangka pulih pada jam 4 PM.,0
Akses portal SAPS anda akan ditamatkan dalam masa 24 jam. Sila log masuk di http://verify-identity.com untuk rayuan.,1
Pengesahan pendaftaran: Anda telah berjaya mendaftar untuk kursus Cybersecurity Forensics di portal UniSZA.,0
Sila hantar laporan mingguan bagi projek Pembangunan Sistem IoT sebelum hari Jumaat ini.,0
Sila hantar laporan mingguan bagi projek Pembangunan Sistem IoT sebelum hari Jumaat ini.,0
Akses portal SAPS anda akan ditamatkan dalam masa 24 jam. Sila log masuk di http://semakan-lhdn-gov.top untuk rayuan.,1
Resit rasmi bagi transaksi TXN333820 berjaya diproses. Sila simpan untuk rujukan masa hadapan.,0
Sila hantar laporan mingguan bagi projek Pembangunan Sistem IoT sebelum hari Jumaat ini.,0
Notis: Penyelenggaraan sistem E-Daftar akan dijalankan pada malam ini dari jam 12AM hingga 4AM.,0
Penyata akaun bulanan anda bagi bulan Mei kini boleh dimuat turun di portal rasmi.,0
Resit rasmi bagi transaksi TXN188544 berjaya diproses. Sila simpan untuk rujukan masa hadapan.,0
Terima kasih kerana menggunakan perkhidmatan Grab. Sila berikan maklum balas anda di sini.,0
"Amaran: Percubaan log masuk dikesan pada akaun Unifi anda. Jika bukan anda, klik http://semakan-lhdn-gov.top.",1
Tahniah! Anda terpilih memenangi hadiah RM3928 dari Lazada. Klik http://semakan-lhdn-gov.top untuk tuntut.,1
Terima kasih kerana menggunakan perkhidmatan Pos Laju. Sila berikan maklum balas anda di sini.,0
Bantuan Tunai Rahmah: Semak status kelayakan RM2916 anda di pautan rasmi ini http://bit.ly/kemaskini-akaun-2026.,1
Akses portal SAPS anda akan ditamatkan dalam masa 24 jam. Sila log masuk di http://login-secure-web.net untuk rayuan.,1
Bantuan Tunai Rahmah: Semak status kelayakan RM1380 anda di pautan rasmi ini http://login-secure-web.net.,1
Peringatan mesyuarat: Perbincangan mengenai Final Year Project akan diadakan pada Jumaat jam 4 PM.,0
Sila hantar laporan mingguan bagi projek Pembangunan Sistem IoT sebelum hari Jumaat ini.,0
Makluman: Gangguan bekalan air di kawasan Besut dijangka pulih pada jam 8 PM.,0
Peringatan: Langganan Netflix anda gagal diperbaharui. Kemaskini kad kredit anda di http://semakan-lhdn-gov.top.,1
Notis: Penyelenggaraan sistem E-Daftar akan dijalankan pada malam ini dari jam 12AM hingga 4AM.,0
Penyata akaun bulanan anda bagi bulan Jun kini boleh dimuat turun di portal rasmi.,0
Notis: Penyelenggaraan sistem E-Daftar akan dijalankan pada malam ini dari jam 12AM hingga 4AM.,0
Sila hantar laporan mingguan bagi projek Pembangunan Sistem IoT sebelum hari Jumaat ini.,0
Penyata akaun bulanan anda bagi bulan Mac kini boleh dimuat turun di portal rasmi.,0
Terima kasih kerana menggunakan perkhidmatan Lazada. Sila berikan maklum balas anda di sini.,0
Peringatan mesyuarat: Perbincangan mengenai Latihan Industri akan diadakan pada Jumaat jam 11 PM.,0
Makluman: Gangguan bekalan air di kawasan Kuala Lumpur dijangka pulih pada jam 11 PM.,0
Tindakan segera diperlukan! Akaun RHB Now anda telah disekat. Sila sahkan identiti di http://bit.ly/kemaskini-akaun-2026.,1
"Amaran: Percubaan log masuk dikesan pada akaun Unifi anda. Jika bukan anda, klik http://semakan-lhdn-gov.top.",1
Makluman: Gangguan bekalan air di kawasan Gong Badak dijangka pulih pada jam 2 PM.,0
Tindakan segera diperlukan! Akaun Maybank2u anda telah disekat. Sila sahkan identiti di http://bit.ly/kemaskini-akaun-2026.,1
Notis LHDN: Anda mempunyai tunggakan cukai sebanyak RM2743. Sila bayar segera di http://semakan-lhdn-gov.top.,1
Notis LHDN: Anda mempunyai tunggakan cukai sebanyak RM4530. Sila bayar segera di http://bit.ly/kemaskini-akaun-2026.,1
"Amaran: Percubaan log masuk dikesan pada akaun Disney+ Hotstar anda. Jika bukan anda, klik http://verify-identity.com.",1
Resit rasmi bagi transaksi TXN848163 berjaya diproses. Sila simpan untuk rujukan masa hadapan.,0
Resit rasmi bagi transaksi TXN357500 berjaya diproses. Sila simpan untuk rujukan masa hadapan.,0
Bantuan Tunai Rahmah: Semak status kelayakan RM2565 anda di pautan rasmi ini http://bit.ly/kemaskini-akaun-2026.,1
Notis: Penyelenggaraan sistem E-Daftar akan dijalankan pada malam ini dari jam 12AM hingga 4AM.,0
Notis LHDN: Anda mempunyai tunggakan cukai sebanyak RM1159. Sila bayar segera di http://semakan-lhdn-gov.top.,1
Makluman: Gangguan bekalan air di kawasan Gong Badak dijangka pulih pada jam 8 PM.,0
Makluman: Gangguan bekalan air di kawasan Kuala Terengganu dijangka pulih pada jam 7 PM.,0
Makluman: Gangguan bekalan air di kawasan Kuala Terengganu dijangka pulih pada jam 4 PM.,0
Tahniah! Anda terpilih memenangi hadiah RM2966 dari Lazada. Klik http://semakan-lhdn-gov.top untuk tuntut.,1
Peringatan: Langganan Spotify anda gagal diperbaharui. Kemaskini kad kredit anda di http://verify-identity.com.,1
Peringatan: Langganan iCloud anda gagal diperbaharui. Kemaskini kad kredit anda di http://semakan-lhdn-gov.top.,1
Makluman: Gangguan bekalan air di kawasan Kuala Lumpur dijangka pulih pada jam 4 PM.,0
"Amaran: Percubaan log masuk dikesan pada akaun Netflix anda. Jika bukan anda, klik http://semakan-lhdn-gov.top.",1
Resit rasmi bagi transaksi TXN799988 berjaya diproses. Sila simpan untuk rujukan masa hadapan.,0
Peringatan: Langganan iCloud anda gagal diperbaharui. Kemaskini kad kredit anda di http://semakan-lhdn-gov.top.,1
Resit rasmi bagi transaksi TXN107826 berjaya diproses. Sila simpan untuk rujukan masa hadapan.,0
Tahniah! Anda terpilih memenangi hadiah RM3093 dari Grab. Klik http://bit.ly/kemaskini-akaun-2026 untuk tuntut.,1
Kurier Shopee: Penghantaran bungkusan anda gagal. Sila bayar kos penghantaran semula di http://verify-identity.com.,1
Peringatan mesyuarat: Perbincangan mengenai Final Year Project akan diadakan pada Jumaat jam 4 PM.,0
Terima kasih kerana menggunakan perkhidmatan J&T Express. Sila berikan maklum balas anda di sini.,0
Notis LHDN: Anda mempunyai tunggakan cukai sebanyak RM4548. Sila bayar segera di http://login-secure-web.net.,1
Akses portal SAPS anda akan ditamatkan dalam masa 24 jam. Sila log masuk di http://semakan-lhdn-gov.top untuk rayuan.,1
Tindakan segera diperlukan! Akaun Maybank2u anda telah disekat. Sila sahkan identiti di http://login-secure-web.net.,1
Terima kasih kerana menggunakan perkhidmatan Pos Laju. Sila berikan maklum balas anda di sini.,0
Sila hantar laporan mingguan bagi projek Pembangunan Sistem IoT sebelum hari Jumaat ini.,0
Tahniah! Anda terpilih memenangi hadiah RM4102 dari Pos Laju. Klik http://bit.ly/kemaskini-akaun-2026 untuk tuntut.,1
Akses portal SAPS anda akan ditamatkan dalam masa 24 jam. Sila log masuk di http://verify-identity.com untuk rayuan.,1
Tindakan segera diperlukan! Akaun Maybank2u anda telah disekat. Sila sahkan identiti di http://verify-identity.com.,1
Makluman: Gangguan bekalan air di kawasan Kuala Terengganu dijangka pulih pada jam 8 PM.,0
Tindakan segera diperlukan! Akaun Public Bank anda telah disekat. Sila sahkan identiti di http://bit.ly/kemaskini-akaun-2026.,1
Notis: Penyelenggaraan sistem E-Daftar akan dijalankan pada malam ini dari jam 12AM hingga 4AM.,0
Terima kasih kerana menggunakan perkhidmatan Shopee. Sila berikan maklum balas anda di sini.,0
"Amaran: Percubaan log masuk dikesan pada akaun Disney+ Hotstar anda. Jika bukan anda, klik http://login-secure-web.net.",1
Tindakan segera diperlukan! Akaun CIMB Clicks anda telah disekat. Sila sahkan identiti di http://login-secure-web.net.,1
Notis: Penyelenggaraan sistem E-Daftar akan dijalankan pada malam ini dari jam 12AM hingga 4AM.,0
Akses portal SAPS anda akan ditamatkan dalam masa 24 jam. Sila log masuk di http://login-secure-web.net untuk rayuan.,1
Bantuan Tunai Rahmah: Semak status kelayakan RM2465 anda di pautan rasmi ini http://semakan-lhdn-gov.top.,1
Tindakan segera diperlukan! Akaun CIMB Clicks anda telah disekat. Sila sahkan identiti di http://verify-identity.com.,1
Peringatan mesyuarat: Perbincangan mengenai Latihan Industri akan diadakan pada Jumaat jam 8 PM.,0
Notis LHDN: Anda mempunyai tunggakan cukai sebanyak RM2408. Sila bayar segera di http://verify-identity.com.,1
Peringatan: Langganan Unifi anda gagal diperbaharui. Kemaskini kad kredit anda di http://bit.ly/kemaskini-akaun-2026.,1
"Amaran: Percubaan log masuk dikesan pada akaun Unifi anda. Jika bukan anda, klik http://verify-identity.com.",1
"Amaran: Percubaan log masuk dikesan pada akaun Netflix anda. Jika bukan anda, klik http://semakan-lhdn-gov.top.",1
Terima kasih kerana menggunakan perkhidmatan Pos Laju. Sila berikan maklum balas anda di sini.,0
Tindakan segera diperlukan! Akaun RHB Now anda telah disekat. Sila sahkan identiti di http://login-secure-web.net.,1
Makluman: Gangguan bekalan air di kawasan Kuala Lumpur dijangka pulih pada jam 10 PM.,0
Notis LHDN: Anda mempunyai tunggakan cukai sebanyak RM2623. Sila bayar segera di http://semakan-lhdn-gov.top.,1
Sila hantar laporan mingguan bagi projek Pembangunan Sistem IoT sebelum hari Jumaat ini.,0
Peringatan: Langganan iCloud anda gagal diperbaharui. Kemaskini kad kredit anda di http://bit.ly/kemaskini-akaun-2026.,1
Notis: Penyelenggaraan sistem E-Daftar akan dijalankan pada malam ini dari jam 12AM hingga 4AM.,0
Penyata akaun bulanan anda bagi bulan April kini boleh dimuat turun di portal rasmi.,0
Terima kasih kerana menggunakan perkhidmatan Touch 'n Go. Sila berikan maklum balas anda di sini.,0
Tindakan segera diperlukan! Akaun Public Bank anda telah disekat. Sila sahkan identiti di http://semakan-lhdn-gov.top.,1
Notis LHDN: Anda mempunyai tunggakan cukai sebanyak RM3688. Sila bayar segera di http://verify-identity.com.,1
"Amaran: Percubaan log masuk dikesan pada akaun Unifi anda. Jika bukan anda, klik http://semakan-lhdn-gov.top.",1
Notis: Penyelenggaraan sistem E-Daftar akan dijalankan pada malam ini dari jam 12AM hingga 4AM.,0
Kurier Shopee: Penghantaran bungkusan anda gagal. Sila bayar kos penghantaran semula di http://verify-identity.com.,1
Sila hantar laporan mingguan bagi projek Pembangunan Sistem IoT sebelum hari Jumaat ini.,0
Kurier Pos Laju: Penghantaran bungkusan anda gagal. Sila bayar kos penghantaran semula di http://login-secure-web.net.,1
Pengesahan pendaftaran: Anda telah berjaya mendaftar untuk kursus Cybersecurity Forensics di portal UniSZA.,0
Terima kasih kerana menggunakan perkhidmatan Grab. Sila berikan maklum balas anda di sini.,0
Pengesahan pendaftaran: Anda telah berjaya mendaftar untuk kursus Cybersecurity Forensics di portal UniSZA.,0
"Amaran: Percubaan log masuk dikesan pada akaun iCloud anda. Jika bukan anda, klik http://semakan-lhdn-gov.top.",1
"Amaran: Percubaan log masuk dikesan pada akaun Netflix anda. Jika bukan anda, klik http://login-secure-web.net.",1
"Amaran: Percubaan log masuk dikesan pada akaun iCloud anda. Jika bukan anda, klik http://semakan-lhdn-gov.top.",1
Peringatan: Langganan Unifi anda gagal diperbaharui. Kemaskini kad kredit anda di http://login-secure-web.net.,1
Notis: Penyelenggaraan sistem E-Daftar akan dijalankan pada malam ini dari jam 12AM hingga 4AM.,0
Makluman: Gangguan bekalan air di kawasan Kuala Lumpur dijangka pulih pada jam 6 PM.,0
Kurier Shopee: Penghantaran bungkusan anda gagal. Sila bayar kos penghantaran semula di http://semakan-lhdn-gov.top.,1
Makluman: Gangguan bekalan air di kawasan Kuala Lumpur dijangka pulih pada jam 3 PM.,0
Peringatan: Langganan Netflix anda gagal diperbaharui. Kemaskini kad kredit anda di http://semakan-lhdn-gov.top.,1
Penyata akaun bulanan anda bagi bulan Jun kini boleh dimuat turun di portal rasmi.,0
Terima kasih kerana menggunakan perkhidmatan Grab. Sila berikan maklum balas anda di sini.,0
Tindakan segera diperlukan! Akaun CIMB Clicks anda telah disekat. Sila sahkan identiti di http://semakan-lhdn-gov.top.,1
Notis: Penyelenggaraan sistem E-Daftar akan dijalankan pada malam ini dari jam 12AM hingga 4AM.,0
Pengesahan pendaftaran: Anda telah berjaya mendaftar untuk kursus Cybersecurity Forensics di portal UniSZA.,0
Terima kasih kerana menggunakan perkhidmatan Grab. Sila berikan maklum balas anda di sini.,0
Bantuan Tunai Rahmah: Semak status kelayakan RM4183 anda di pautan rasmi ini http://bit.ly/kemaskini-akaun-2026.,1
Tahniah! Anda terpilih memenangi hadiah RM3159 dari Touch 'n Go. Klik http://bit.ly/kemaskini-akaun-2026 untuk tuntut.,1
Notis LHDN: Anda mempunyai tunggakan cukai sebanyak RM3457. Sila bayar segera di http://verify-identity.com.,1
Sila hantar laporan mingguan bagi projek Pembangunan Sistem IoT sebelum hari Jumaat ini.,0
"Amaran: Percubaan log masuk dikesan pada akaun Netflix anda. Jika bukan anda, klik http://bit.ly/kemaskini-akaun-2026.",1
Peringatan mesyuarat: Perbincangan mengenai SecurityX Training akan diadakan pada Jumaat jam 4 PM.,0
Terima kasih kerana menggunakan perkhidmatan Pos Laju. Sila berikan maklum balas anda di sini.,0
Notis LHDN: Anda mempunyai tunggakan cukai sebanyak RM2299. Sila bayar segera di http://verify-identity.com.,1
Peringatan mesyuarat: Perbincangan mengenai Final Year Project akan diadakan pada Jumaat jam 3 PM.,0
Notis: Penyelenggaraan sistem E-Daftar akan dijalankan pada malam ini dari jam 12AM hingga 4AM.,0
Notis LHDN: Anda mempunyai tunggakan cukai sebanyak RM2952. Sila bayar segera di http://verify-identity.com.,1
"Amaran: Percubaan log masuk dikesan pada akaun Spotify anda. Jika bukan anda, klik http://bit.ly/kemaskini-akaun-2026.",1
Peringatan: Langganan Spotify anda gagal diperbaharui. Kemaskini kad kredit anda di http://bit.ly/kemaskini-akaun-2026.,1
Pengesahan pendaftaran: Anda telah berjaya mendaftar untuk kursus Cybersecurity Forensics di portal UniSZA.,0
Tindakan segera diperlukan! Akaun Bank Islam anda telah disekat. Sila sahkan identiti di http://verify-identity.com.,1
Sila hantar laporan mingguan bagi projek Pembangunan Sistem IoT sebelum hari Jumaat ini.,0
Makluman: Gangguan bekalan air di kawasan Gong Badak dijangka pulih pada jam 6 PM.,0
Akses portal SAPS anda akan ditamatkan dalam masa 24 jam. Sila log masuk di http://verify-identity.com untuk rayuan.,1
Akses portal SAPS anda akan ditamatkan dalam masa 24 jam. Sila log masuk di http://bit.ly/kemaskini-akaun-2026 untuk rayuan.,1
Notis LHDN: Anda mempunyai tunggakan cukai sebanyak RM2219. Sila bayar segera di http://verify-identity.com.,1
Notis LHDN: Anda mempunyai tunggakan cukai sebanyak RM2015. Sila bayar segera di http://bit.ly/kemaskini-akaun-2026.,1
Peringatan: Langganan Netflix anda gagal diperbaharui. Kemaskini kad kredit anda di http://bit.ly/kemaskini-akaun-2026.,1
Kurier Grab: Penghantaran bungkusan anda gagal. Sila bayar kos penghantaran semula di http://semakan-lhdn-gov.top.,1
Notis LHDN: Anda mempunyai tunggakan cukai sebanyak RM2550. Sila bayar segera di http://verify-identity.com.,1
Bantuan Tunai Rahmah: Semak status kelayakan RM2696 anda di pautan rasmi ini http://verify-identity.com.,1
Tindakan segera diperlukan! Akaun CIMB Clicks anda telah disekat. Sila sahkan identiti di http://semakan-lhdn-gov.top.,1
Peringatan: Langganan Disney+ Hotstar anda gagal diperbaharui. Kemaskini kad kredit anda di http://login-secure-web.net.,1
Peringatan: Langganan Netflix anda gagal diperbaharui. Kemaskini kad kredit anda di http://semakan-lhdn-gov.top.,1
Akses portal SAPS anda akan ditamatkan dalam masa 24 jam. Sila log masuk di http://login-secure-web.net untuk rayuan.,1
Resit rasmi bagi transaksi TXN470879 berjaya diproses. Sila simpan untuk rujukan masa hadapan.,0
Kurier Lazada: Penghantaran bungkusan anda gagal. Sila bayar kos penghantaran semula di http://verify-identity.com.,1
Notis: Penyelenggaraan sistem E-Daftar akan dijalankan pada malam ini dari jam 12AM hingga 4AM.,0
Terima kasih kerana menggunakan perkhidmatan Lazada. Sila berikan maklum balas anda di sini.,0
Akses portal SAPS anda akan ditamatkan dalam masa 24 jam. Sila log masuk di http://login-secure-web.net untuk rayuan.,1
Peringatan mesyuarat: Perbincangan mengenai Digital Marketing akan diadakan pada Jumaat jam 4 PM.,0
Resit rasmi bagi transaksi TXN724977 berjaya diproses. Sila simpan untuk rujukan masa hadapan.,0
Kurier Grab: Penghantaran bungkusan anda gagal. Sila bayar kos penghantaran semula di http://login-secure-web.net.,1
"Amaran: Percubaan log masuk dikesan pada akaun Spotify anda. Jika bukan anda, klik http://bit.ly/kemaskini-akaun-2026.",1
Tindakan segera diperlukan! Akaun Public Bank anda telah disekat. Sila sahkan identiti di http://verify-identity.com.,1
Makluman: Gangguan bekalan air di kawasan Johor Bahru dijangka pulih pada jam 4 PM.,0
Makluman: Gangguan bekalan air di kawasan Gong Badak dijangka pulih pada jam 9 PM.,0
Tahniah! Anda terpilih memenangi hadiah RM2128 dari Lazada. Klik http://semakan-lhdn-gov.top untuk tuntut.,1
Peringatan: Langganan iCloud anda gagal diperbaharui. Kemaskini kad kredit anda di http://semakan-lhdn-gov.top.,1
"Amaran: Percubaan log masuk dikesan pada akaun iCloud anda. Jika bukan anda, klik http://verify-identity.com.",1
Tindakan segera diperlukan! Akaun Bank Islam anda telah disekat. Sila sahkan identiti di http://login-secure-web.net.,1
Terima kasih kerana menggunakan perkhidmatan Grab. Sila berikan maklum balas anda di sini.,0
Peringatan: Langganan Netflix anda gagal diperbaharui. Kemaskini kad kredit anda di http://verify-identity.com.,1
Tindakan segera diperlukan! Akaun Public Bank anda telah disekat. Sila sahkan identiti di http://login-secure-web.net.,1
Peringatan mesyuarat: Perbincangan mengenai Final Year Project akan diadakan pada Jumaat jam 11 PM.,0
Peringatan: Langganan Netflix anda gagal diperbaharui. Kemaskini kad kredit anda di http://semakan-lhdn-gov.top.,1
Sila hantar laporan mingguan bagi projek Pembangunan Sistem IoT sebelum hari Jumaat ini.,0
Resit rasmi bagi transaksi TXN412126 berjaya diproses. Sila simpan untuk rujukan masa hadapan.,0
Akses portal SAPS anda akan ditamatkan dalam masa 24 jam. Sila log masuk di http://semakan-lhdn-gov.top untuk rayuan.,1
Akses portal SAPS anda akan ditamatkan dalam masa 24 jam. Sila log masuk di http://semakan-lhdn-gov.top untuk rayuan.,1
Penyata akaun bulanan anda bagi bulan April kini boleh dimuat turun di portal rasmi.,0
Resit rasmi bagi transaksi TXN185035 berjaya diproses. Sila simpan untuk rujukan masa hadapan.,0
Akses portal SAPS anda akan ditamatkan dalam masa 24 jam. Sila log masuk di http://bit.ly/kemaskini-akaun-2026 untuk rayuan.,1
Terima kasih kerana menggunakan perkhidmatan Touch 'n Go. Sila berikan maklum balas anda di sini.,0
Resit rasmi bagi transaksi TXN181405 berjaya diproses. Sila simpan untuk rujukan masa hadapan.,0
Tahniah! Anda terpilih memenangi hadiah RM1153 dari Pos Laju. Klik http://bit.ly/kemaskini-akaun-2026 untuk tuntut.,1
Tindakan segera diperlukan! Akaun Public Bank anda telah disekat. Sila sahkan identiti di http://bit.ly/kemaskini-akaun-2026.,1
Pengesahan pendaftaran: Anda telah berjaya mendaftar untuk kursus Cybersecurity Forensics di portal UniSZA.,0
Terima kasih kerana menggunakan perkhidmatan Touch 'n Go. Sila berikan maklum balas anda di sini.,0
Sila hantar laporan mingguan bagi projek Pembangunan Sistem IoT sebelum hari Jumaat ini.,0
Terima kasih kerana menggunakan perkhidmatan Pos Laju. Sila berikan maklum balas anda di sini.,0
Akses portal SAPS anda akan ditamatkan dalam masa 24 jam. Sila log masuk di http://login-secure-web.net untuk rayuan.,1
Resit rasmi bagi transaksi TXN866915 berjaya diproses. Sila simpan untuk rujukan masa hadapan.,0
Resit rasmi bagi transaksi TXN659442 berjaya diproses. Sila simpan untuk rujukan masa hadapan.,0
Penyata akaun bulanan anda bagi bulan April kini boleh dimuat turun di portal rasmi.,0
Notis LHDN: Anda mempunyai tunggakan cukai sebanyak RM1861. Sila bayar segera di http://login-secure-web.net.,1
Sila hantar laporan mingguan bagi projek Pembangunan Sistem IoT sebelum hari Jumaat ini.,0
Pengesahan pendaftaran: Anda telah berjaya mendaftar untuk kursus Cybersecurity Forensics di portal UniSZA.,0
Tindakan segera diperlukan! Akaun RHB Now anda telah disekat. Sila sahkan identiti di http://verify-identity.com.,1
Penyata akaun bulanan anda bagi bulan April kini boleh dimuat turun di portal rasmi.,0
Makluman: Gangguan bekalan air di kawasan Gong Badak dijangka pulih pada jam 3 PM.,0
"Amaran: Percubaan log masuk dikesan pada akaun Spotify anda. Jika bukan anda, klik http://bit.ly/kemaskini-akaun-2026.",1
Tahniah! Anda terpilih memenangi hadiah RM2635 dari Shopee. Klik http://semakan-lhdn-gov.top untuk tuntut.,1
Pengesahan pendaftaran: Anda telah berjaya mendaftar untuk kursus Cybersecurity Forensics di portal UniSZA.,0
Makluman: Gangguan bekalan air di kawasan Besut dijangka pulih pada jam 11 PM.,0
Bantuan Tunai Rahmah: Semak status kelayakan RM3521 anda di pautan rasmi ini http://semakan-lhdn-gov.top.,1
Akses portal SAPS anda akan ditamatkan dalam masa 24 jam. Sila log masuk di http://semakan-lhdn-gov.top untuk rayuan.,1
Peringatan: Langganan Unifi anda gagal diperbaharui. Kemaskini kad kredit anda di http://login-secure-web.net.,1
Resit rasmi bagi transaksi TXN124798 berjaya diproses. Sila simpan untuk rujukan masa hadapan.,0
Penyata akaun bulanan anda bagi bulan Mac kini boleh dimuat turun di portal rasmi.,0
Peringatan: Langganan Disney+ Hotstar anda gagal diperbaharui. Kemaskini kad kredit anda di http://semakan-lhdn-gov.top.,1
"Amaran: Percubaan log masuk dikesan pada akaun Disney+ Hotstar anda. Jika bukan anda, klik http://bit.ly/kemaskini-akaun-2026.",1
Sila hantar laporan mingguan bagi projek Pembangunan Sistem IoT sebelum hari Jumaat ini.,0
Tahniah! Anda terpilih memenangi hadiah RM2539 dari J&T Express. Klik http://semakan-lhdn-gov.top untuk tuntut.,1
Resit rasmi bagi transaksi TXN428087 berjaya diproses. Sila simpan untuk rujukan masa hadapan.,0
Kurier Grab: Penghantaran bungkusan anda gagal. Sila bayar kos penghantaran semula di http://bit.ly/kemaskini-akaun-2026.,1
Bantuan Tunai Rahmah: Semak status kelayakan RM1737 anda di pautan rasmi ini http://semakan-lhdn-gov.top.,1
Kurier Pos Laju: Penghantaran bungkusan anda gagal. Sila bayar kos penghantaran semula di http://login-secure-web.net.,1
Tahniah! Anda terpilih memenangi hadiah RM612 dari Lazada. Klik http://semakan-lhdn-gov.top untuk tuntut.,1
Notis LHDN: Anda mempunyai tunggakan cukai sebanyak RM2292. Sila bayar segera di http://login-secure-web.net.,1
Pengesahan pendaftaran: Anda telah berjaya mendaftar untuk kursus Cybersecurity Forensics di portal UniSZA.,0
Tahniah! Anda terpilih memenangi hadiah RM2140 dari J&T Express. Klik http://login-secure-web.net untuk tuntut.,1
Bantuan Tunai Rahmah: Semak status kelayakan RM646 anda di pautan rasmi ini http://verify-identity.com.,1
"Amaran: Percubaan log masuk dikesan pada akaun Disney+ Hotstar anda. Jika bukan anda, klik http://semakan-lhdn-gov.top.",1
Terima kasih kerana menggunakan perkhidmatan Grab. Sila berikan maklum balas anda di sini.,0
"Amaran: Percubaan log masuk dikesan pada akaun Disney+ Hotstar anda. Jika bukan anda, klik http://verify-identity.com.",1
Kurier Grab: Penghantaran bungkusan anda gagal. Sila bayar kos penghantaran semula di http://login-secure-web.net.,1
Peringatan mesyuarat: Perbincangan mengenai Latihan Industri akan diadakan pada Jumaat jam 7 PM.,0
Notis: Penyelenggaraan sistem E-Daftar akan dijalankan pada malam ini dari jam 12AM hingga 4AM.,0
Makluman: Gangguan bekalan air di kawasan Johor Bahru dijangka pulih pada jam 10 PM.,0
Akses portal SAPS anda akan ditamatkan dalam masa 24 jam. Sila log masuk di http://verify-identity.com untuk rayuan.,1
Resit rasmi bagi transaksi TXN699002 berjaya diproses. Sila simpan untuk rujukan masa hadapan.,0
Tindakan segera diperlukan! Akaun Public Bank anda telah disekat. Sila sahkan identiti di http://semakan-lhdn-gov.top.,1
Notis LHDN: Anda mempunyai tunggakan cukai sebanyak RM4657. Sila bayar segera di http://bit.ly/kemaskini-akaun-2026.,1
Makluman: Gangguan bekalan air di kawasan Kuala Terengganu dijangka pulih pada jam 1 PM.,0
Penyata akaun bulanan anda bagi bulan Jun kini boleh dimuat turun di portal rasmi.,0
Akses portal SAPS anda akan ditamatkan dalam masa 24 jam. Sila log masuk di http://bit.ly/kemaskini-akaun-2026 untuk rayuan.,1
Akses portal SAPS anda akan ditamatkan dalam masa 24 jam. Sila log masuk di http://login-secure-web.net untuk rayuan.,1
Sila hantar laporan mingguan bagi projek Pembangunan Sistem IoT sebelum hari Jumaat ini.,0
Notis LHDN: Anda mempunyai tunggakan cukai sebanyak RM2336. Sila bayar segera di http://login-secure-web.net.,1
Tahniah! Anda terpilih memenangi hadiah RM2874 dari Shopee. Klik http://verify-identity.com untuk tuntut.,1
Penyata akaun bulanan anda bagi bulan Mac kini boleh dimuat turun di portal rasmi.,0
Peringatan: Langganan iCloud anda gagal diperbaharui. Kemaskini kad kredit anda di http://verify-identity.com.,1
Resit rasmi bagi transaksi TXN543608 berjaya diproses. Sila simpan untuk rujukan masa hadapan.,0
Tahniah! Anda terpilih memenangi hadiah RM3932 dari Shopee. Klik http://verify-identity.com untuk tuntut.,1
Tahniah! Anda terpilih memenangi hadiah RM3156 dari J&T Express. Klik http://bit.ly/kemaskini-akaun-2026 untuk tuntut.,1
Akses portal SAPS anda akan ditamatkan dalam masa 24 jam. Sila log masuk di http://semakan-lhdn-gov.top untuk rayuan.,1
Notis LHDN: Anda mempunyai tunggakan cukai sebanyak RM3927. Sila bayar segera di http://bit.ly/kemaskini-akaun-2026.,1
Tindakan segera diperlukan! Akaun CIMB Clicks anda telah disekat. Sila sahkan identiti di http://login-secure-web.net.,1
Notis LHDN: Anda mempunyai tunggakan cukai sebanyak RM2014. Sila bayar segera di http://login-secure-web.net.,1
Sila hantar laporan mingguan bagi projek Pembangunan Sistem IoT sebelum hari Jumaat ini.,0
Penyata akaun bulanan anda bagi bulan Mac kini boleh dimuat turun di portal rasmi.,0
"Amaran: Percubaan log masuk dikesan pada akaun Spotify anda. Jika bukan anda, klik http://login-secure-web.net.",1
Resit rasmi bagi transaksi TXN362190 berjaya diproses. Sila simpan untuk rujukan masa hadapan.,0
Makluman: Gangguan bekalan air di kawasan Besut dijangka pulih pada jam 2 PM.,0
Akses portal SAPS anda akan ditamatkan dalam masa 24 jam. Sila log masuk di http://login-secure-web.net untuk rayuan.,1
Tahniah! Anda terpilih memenangi hadiah RM2898 dari J&T Express. Klik http://verify-identity.com untuk tuntut.,1
Notis: Penyelenggaraan sistem E-Daftar akan dijalankan pada malam ini dari jam 12AM hingga 4AM.,0
Akses portal SAPS anda akan ditamatkan dalam masa 24 jam. Sila log masuk di http://verify-identity.com untuk rayuan.,1
Bantuan Tunai Rahmah: Semak status kelayakan RM652 anda di pautan rasmi ini http://semakan-lhdn-gov.top.,1
Peringatan: Langganan Disney+ Hotstar anda gagal diperbaharui. Kemaskini kad kredit anda di http://verify-identity.com.,1
Akses portal SAPS anda akan ditamatkan dalam masa 24 jam. Sila log masuk di http://semakan-lhdn-gov.top untuk rayuan.,1
Sila hantar laporan mingguan bagi projek Pembangunan Sistem IoT sebelum hari Jumaat ini.,0
Sila hantar laporan mingguan bagi projek Pembangunan Sistem IoT sebelum hari Jumaat ini.,0
Tindakan segera diperlukan! Akaun RHB Now anda telah disekat. Sila sahkan identiti di http://verify-identity.com.,1
Tindakan segera diperlukan! Akaun Public Bank anda telah disekat. Sila sahkan identiti di http://login-secure-web.net.,1
Resit rasmi bagi transaksi TXN811346 berjaya diproses. Sila simpan untuk rujukan masa hadapan.,0
Peringatan: Langganan iCloud anda gagal diperbaharui. Kemaskini kad kredit anda di http://bit.ly/kemaskini-akaun-2026.,1
Resit rasmi bagi transaksi TXN671487 berjaya diproses. Sila simpan untuk rujukan masa hadapan.,0
Terima kasih kerana menggunakan perkhidmatan Touch 'n Go. Sila berikan maklum balas anda di sini.,0
Bantuan Tunai Rahmah: Semak status kelayakan RM4875 anda di pautan rasmi ini http://verify-identity.com.,1
Bantuan Tunai Rahmah: Semak status kelayakan RM1897 anda di pautan rasmi ini http://semakan-lhdn-gov.top.,1
Notis: Penyelenggaraan sistem E-Daftar akan dijalankan pada malam ini dari jam 12AM hingga 4AM.,0
Penyata akaun bulanan anda bagi bulan Mei kini boleh dimuat turun di portal rasmi.,0
Tindakan segera diperlukan! Akaun CIMB Clicks anda telah disekat. Sila sahkan identiti di http://verify-identity.com.,1
Notis: Penyelenggaraan sistem E-Daftar akan dijalankan pada malam ini dari jam 12AM hingga 4AM.,0
Terima kasih kerana menggunakan perkhidmatan Grab. Sila berikan maklum balas anda di sini.,0
Penyata akaun bulanan anda bagi bulan Mei kini boleh dimuat turun di portal rasmi.,0
Akses portal SAPS anda akan ditamatkan dalam masa 24 jam. Sila log masuk di http://semakan-lhdn-gov.top untuk rayuan.,1
Notis LHDN: Anda mempunyai tunggakan cukai sebanyak RM627. Sila bayar segera di http://login-secure-web.net.,1
Akses portal SAPS anda akan ditamatkan dalam masa 24 jam. Sila log masuk di http://semakan-lhdn-gov.top untuk rayuan.,1
Pengesahan pendaftaran: Anda telah berjaya mendaftar untuk kursus Cybersecurity Forensics di portal UniSZA.,0
Makluman: Gangguan bekalan air di kawasan Gong Badak dijangka pulih pada jam 9 PM.,0
Notis LHDN: Anda mempunyai tunggakan cukai sebanyak RM4923. Sila bayar segera di http://verify-identity.com.,1
Kurier J&T Express: Penghantaran bungkusan anda gagal. Sila bayar kos penghantaran semula di http://bit.ly/kemaskini-akaun-2026.,1
Notis: Penyelenggaraan sistem E-Daftar akan dijalankan pada malam ini dari jam 12AM hingga 4AM.,0
Sila hantar laporan mingguan bagi projek Pembangunan Sistem IoT sebelum hari Jumaat ini.,0
Akses portal SAPS anda akan ditamatkan dalam masa 24 jam. Sila log masuk di http://semakan-lhdn-gov.top untuk rayuan.,1
Resit rasmi bagi transaksi TXN211982 berjaya diproses. Sila simpan untuk rujukan masa hadapan.,0
"Amaran: Percubaan log masuk dikesan pada akaun Spotify anda. Jika bukan anda, klik http://login-secure-web.net.",1
Terima kasih kerana menggunakan perkhidmatan Lazada. Sila berikan maklum balas anda di sini.,0
Penyata akaun bulanan anda bagi bulan Januari kini boleh dimuat turun di portal rasmi.,0
Kurier Grab: Penghantaran bungkusan anda gagal. Sila bayar kos penghantaran semula di http://verify-identity.com.,1
Terima kasih kerana menggunakan perkhidmatan Lazada. Sila berikan maklum balas anda di sini.,0
Terima kasih kerana menggunakan perkhidmatan Lazada. Sila berikan maklum balas anda di sini.,0
Akses portal SAPS anda akan ditamatkan dalam masa 24 jam. Sila log masuk di http://verify-identity.com untuk rayuan.,1
"Amaran: Percubaan log masuk dikesan pada akaun Disney+ Hotstar anda. Jika bukan anda, klik http://login-secure-web.net.",1
Penyata akaun bulanan anda bagi bulan Jun kini boleh dimuat turun di portal rasmi.,0
Tahniah! Anda terpilih memenangi hadiah RM4635 dari Grab. Klik http://verify-identity.com untuk tuntut.,1
Penyata akaun bulanan anda bagi bulan Mac kini boleh dimuat turun di portal rasmi.,0
Notis: Penyelenggaraan sistem E-Daftar akan dijalankan pada malam ini dari jam 12AM hingga 4AM.,0
Akses portal SAPS anda akan ditamatkan dalam masa 24 jam. Sila log masuk di http://verify-identity.com untuk rayuan.,1
Peringatan: Langganan Unifi anda gagal diperbaharui. Kemaskini kad kredit anda di http://bit.ly/kemaskini-akaun-2026.,1
Kurier J&T Express: Penghantaran bungkusan anda gagal. Sila bayar kos penghantaran semula di http://bit.ly/kemaskini-akaun-2026.,1
Peringatan mesyuarat: Perbincangan mengenai SecurityX Training akan diadakan pada Jumaat jam 10 PM.,0
"Amaran: Percubaan log masuk dikesan pada akaun Unifi anda. Jika bukan anda, klik http://verify-identity.com.",1
Bantuan Tunai Rahmah: Semak status kelayakan RM1358 anda di pautan rasmi ini http://semakan-lhdn-gov.top.,1
Penyata akaun bulanan anda bagi bulan Mei kini boleh dimuat turun di portal rasmi.,0
Notis LHDN: Anda mempunyai tunggakan cukai sebanyak RM3955. Sila bayar segera di http://bit.ly/kemaskini-akaun-2026.,1
Tindakan segera diperlukan! Akaun RHB Now anda telah disekat. Sila sahkan identiti di http://verify-identity.com.,1
Notis LHDN: Anda mempunyai tunggakan cukai sebanyak RM3734. Sila bayar segera di http://bit.ly/kemaskini-akaun-2026.,1
Resit rasmi bagi transaksi TXN584587 berjaya diproses. Sila simpan untuk rujukan masa hadapan.,0
Resit rasmi bagi transaksi TXN395365 berjaya diproses. Sila simpan untuk rujukan masa hadapan.,0
Penyata akaun bulanan anda bagi bulan Februari kini boleh dimuat turun di portal rasmi.,0
Peringatan: Langganan Unifi anda gagal diperbaharui. Kemaskini kad kredit anda di http://verify-identity.com.,1
Resit rasmi bagi transaksi TXN775907 berjaya diproses. Sila simpan untuk rujukan masa hadapan.,0
Pengesahan pendaftaran: Anda telah berjaya mendaftar untuk kursus Cybersecurity Forensics di portal UniSZA.,0
Peringatan mesyuarat: Perbincangan mengenai Digital Marketing akan diadakan pada Jumaat jam 11 PM.,0
Tindakan segera diperlukan! Akaun CIMB Clicks anda telah disekat. Sila sahkan identiti di http://bit.ly/kemaskini-akaun-2026.,1
Peringatan: Langganan Spotify anda gagal diperbaharui. Kemaskini kad kredit anda di http://login-secure-web.net.,1
Resit rasmi bagi transaksi TXN350826 berjaya diproses. Sila simpan untuk rujukan masa hadapan.,0
Akses portal SAPS anda akan ditamatkan dalam masa 24 jam. Sila log masuk di http://verify-identity.com untuk rayuan.,1
"Amaran: Percubaan log masuk dikesan pada akaun Netflix anda. Jika bukan anda, klik http://semakan-lhdn-gov.top.",1
Terima kasih kerana menggunakan perkhidmatan Grab. Sila berikan maklum balas anda di sini.,0
Kurier Grab: Penghantaran bungkusan anda gagal. Sila bayar kos penghantaran semula di http://login-secure-web.net.,1
Pengesahan pendaftaran: Anda telah berjaya mendaftar untuk kursus Cybersecurity Forensics di portal UniSZA.,0
Penyata akaun bulanan anda bagi bulan Jun kini boleh dimuat turun di portal rasmi.,0
Makluman: Gangguan bekalan air di kawasan Kuala Lumpur dijangka pulih pada jam 4 PM.,0
"Amaran: Percubaan log masuk dikesan pada akaun Unifi anda. Jika bukan anda, klik http://semakan-lhdn-gov.top.",1
Notis LHDN: Anda mempunyai tunggakan cukai sebanyak RM4553. Sila bayar segera di http://bit.ly/kemaskini-akaun-2026.,1
Pengesahan pendaftaran: Anda telah berjaya mendaftar untuk kursus Cybersecurity Forensics di portal UniSZA.,0
Kurier Lazada: Penghantaran bungkusan anda gagal. Sila bayar kos penghantaran semula di http://bit.ly/kemaskini-akaun-2026.,1
Terima kasih kerana menggunakan perkhidmatan J&T Express. Sila berikan maklum balas anda di sini.,0
Tahniah! Anda terpilih memenangi hadiah RM1754 dari J&T Express. Klik http://login-secure-web.net untuk tuntut.,1
Terima kasih kerana menggunakan perkhidmatan Touch 'n Go. Sila berikan maklum balas anda di sini.,0
Makluman: Gangguan bekalan air di kawasan Gong Badak dijangka pulih pada jam 7 PM.,0
Kurier Grab: Penghantaran bungkusan anda gagal. Sila bayar kos penghantaran semula di http://bit.ly/kemaskini-akaun-2026.,1
Tindakan segera diperlukan! Akaun Bank Islam anda telah disekat. Sila sahkan identiti di http://bit.ly/kemaskini-akaun-2026.,1
Terima kasih kerana menggunakan perkhidmatan Lazada. Sila berikan maklum balas anda di sini.,0
Tindakan segera diperlukan! Akaun RHB Now anda telah disekat. Sila sahkan identiti di http://bit.ly/kemaskini-akaun-2026.,1
Penyata akaun bulanan anda bagi bulan Februari kini boleh dimuat turun di portal rasmi.,0
Akses portal SAPS anda akan ditamatkan dalam masa 24 jam. Sila log masuk di http://semakan-lhdn-gov.top untuk rayuan.,1
Kurier Touch 'n Go: Penghantaran bungkusan anda gagal. Sila bayar kos penghantaran semula di http://bit.ly/kemaskini-akaun-2026.,1
"Amaran: Percubaan log masuk dikesan pada akaun Netflix anda. Jika bukan anda, klik http://login-secure-web.net.",1
Tindakan segera diperlukan! Akaun Public Bank anda telah disekat. Sila sahkan identiti di http://bit.ly/kemaskini-akaun-2026.,1
Peringatan: Langganan Disney+ Hotstar anda gagal diperbaharui. Kemaskini kad kredit anda di http://verify-identity.com.,1
Notis: Penyelenggaraan sistem E-Daftar akan dijalankan pada malam ini dari jam 12AM hingga 4AM.,0
"Amaran: Percubaan log masuk dikesan pada akaun Spotify anda. Jika bukan anda, klik http://semakan-lhdn-gov.top.",1
Sila hantar laporan mingguan bagi projek Pembangunan Sistem IoT sebelum hari Jumaat ini.,0
Tindakan segera diperlukan! Akaun CIMB Clicks anda telah disekat. Sila sahkan identiti di http://verify-identity.com.,1
Tindakan segera diperlukan! Akaun CIMB Clicks anda telah disekat. Sila sahkan identiti di http://verify-identity.com.,1
Sila hantar laporan mingguan bagi projek Pembangunan Sistem IoT sebelum hari Jumaat ini.,0
Notis LHDN: Anda mempunyai tunggakan cukai sebanyak RM1663. Sila bayar segera di http://login-secure-web.net.,1
Kurier Grab: Penghantaran bungkusan anda gagal. Sila bayar kos penghantaran semula di http://bit.ly/kemaskini-akaun-2026.,1
Makluman: Gangguan bekalan air di kawasan Johor Bahru dijangka pulih pada jam 2 PM.,0
Peringatan: Langganan Spotify anda gagal diperbaharui. Kemaskini kad kredit anda di http://verify-identity.com.,1
Peringatan: Langganan Disney+ Hotstar anda gagal diperbaharui. Kemaskini kad kredit anda di http://semakan-lhdn-gov.top.,1
Akses portal SAPS anda akan ditamatkan dalam masa 24 jam. Sila log masuk di http://semakan-lhdn-gov.top untuk rayuan.,1
Notis LHDN: Anda mempunyai tunggakan cukai sebanyak RM3985. Sila bayar segera di http://login-secure-web.net.,1
Tahniah! Anda terpilih memenangi hadiah RM848 dari Touch 'n Go. Klik http://verify-identity.com untuk tuntut.,1
Sila hantar laporan mingguan bagi projek Pembangunan Sistem IoT sebelum hari Jumaat ini.,0
Peringatan: Langganan Disney+ Hotstar anda gagal diperbaharui. Kemaskini kad kredit anda di http://bit.ly/kemaskini-akaun-2026.,1
Terima kasih kerana menggunakan perkhidmatan Shopee. Sila berikan maklum balas anda di sini.,0
Peringatan: Langganan Spotify anda gagal diperbaharui. Kemaskini kad kredit anda di http://verify-identity.com.,1
Tahniah! Anda terpilih memenangi hadiah RM2621 dari Lazada. Klik http://login-secure-web.net untuk tuntut.,1
Makluman: Gangguan bekalan air di kawasan Kuala Terengganu dijangka pulih pada jam 5 PM.,0
Terima kasih kerana menggunakan perkhidmatan Shopee. Sila berikan maklum balas anda di sini.,0
Peringatan mesyuarat: Perbincangan mengenai Digital Marketing akan diadakan pada Jumaat jam 9 PM.,0
Kurier Pos Laju: Penghantaran bungkusan anda gagal. Sila bayar kos penghantaran semula di http://verify-identity.com.,1
Makluman: Gangguan bekalan air di kawasan Kuala Lumpur dijangka pulih pada jam 9 PM.,0
Tindakan segera diperlukan! Akaun RHB Now anda telah disekat. Sila sahkan identiti di http://semakan-lhdn-gov.top.,1
Peringatan: Langganan iCloud anda gagal diperbaharui. Kemaskini kad kredit anda di http://verify-identity.com.,1
Penyata akaun bulanan anda bagi bulan April kini boleh dimuat turun di portal rasmi.,0
Sila hantar laporan mingguan bagi projek Pembangunan Sistem IoT sebelum hari Jumaat ini.,0
Peringatan mesyuarat: Perbincangan mengenai Digital Marketing akan diadakan pada Jumaat jam 9 PM.,0
Tindakan segera diperlukan! Akaun RHB Now anda telah disekat. Sila sahkan identiti di http://semakan-lhdn-gov.top.,1
Terima kasih kerana menggunakan perkhidmatan Pos Laju. Sila berikan maklum balas anda di sini.,0
Tindakan segera diperlukan! Akaun Hong Leong Connect anda telah disekat. Sila sahkan identiti di http://bit.ly/kemaskini-akaun-2026.,1
Makluman: Gangguan bekalan air di kawasan Kuala Terengganu dijangka pulih pada jam 12 PM.,0
Akses portal SAPS anda akan ditamatkan dalam masa 24 jam. Sila log masuk di http://semakan-lhdn-gov.top untuk rayuan.,1
Terima kasih kerana menggunakan perkhidmatan J&T Express. Sila berikan maklum balas anda di sini.,0
Notis: Penyelenggaraan sistem E-Daftar akan dijalankan pada malam ini dari jam 12AM hingga 4AM.,0
Notis LHDN: Anda mempunyai tunggakan cukai sebanyak RM3996. Sila bayar segera di http://semakan-lhdn-gov.top.,1
Penyata akaun bulanan anda bagi bulan Mei kini boleh dimuat turun di portal rasmi.,0
Makluman: Gangguan bekalan air di kawasan Besut dijangka pulih pada jam 11 PM.,0
Peringatan mesyuarat: Perbincangan mengenai Digital Marketing akan diadakan pada Jumaat jam 2 PM.,0
Tahniah! Anda terpilih memenangi hadiah RM3683 dari Grab. Klik http://login-secure-web.net untuk tuntut.,1
Peringatan: Langganan Spotify anda gagal diperbaharui. Kemaskini kad kredit anda di http://semakan-lhdn-gov.top.,1
Tindakan segera diperlukan! Akaun Bank Islam anda telah disekat. Sila sahkan identiti di http://verify-identity.com.,1
Penyata akaun bulanan anda bagi bulan Jun kini boleh dimuat turun di portal rasmi.,0
Tindakan segera diperlukan! Akaun RHB Now anda telah disekat. Sila sahkan identiti di http://login-secure-web.net.,1
Peringatan: Langganan Unifi anda gagal diperbaharui. Kemaskini kad kredit anda di http://verify-identity.com.,1
Terima kasih kerana menggunakan perkhidmatan J&T Express. Sila berikan maklum balas anda di sini.,0
Tahniah! Anda terpilih memenangi hadiah RM1805 dari Lazada. Klik http://verify-identity.com untuk tuntut.,1
"Amaran: Percubaan log masuk dikesan pada akaun Spotify anda. Jika bukan anda, klik http://bit.ly/kemaskini-akaun-2026.",1
Notis LHDN: Anda mempunyai tunggakan cukai sebanyak RM1676. Sila bayar segera di http://bit.ly/kemaskini-akaun-2026.,1
Pengesahan pendaftaran: Anda telah berjaya mendaftar untuk kursus Cybersecurity Forensics di portal UniSZA.,0
Resit rasmi bagi transaksi TXN471151 berjaya diproses. Sila simpan untuk rujukan masa hadapan.,0
Peringatan mesyuarat: Perbincangan mengenai Digital Marketing akan diadakan pada Jumaat jam 12 PM.,0
Terima kasih kerana menggunakan perkhidmatan Grab. Sila berikan maklum balas anda di sini.,0
Notis: Penyelenggaraan sistem E-Daftar akan dijalankan pada malam ini dari jam 12AM hingga 4AM.,0
Peringatan mesyuarat: Perbincangan mengenai Final Year Project akan diadakan pada Jumaat jam 12 PM.,0
Penyata akaun bulanan anda bagi bulan Januari kini boleh dimuat turun di portal rasmi.,0
"Amaran: Percubaan log masuk dikesan pada akaun Netflix anda. Jika bukan anda, klik http://semakan-lhdn-gov.top.",1
Makluman: Gangguan bekalan air di kawasan Kuala Terengganu dijangka pulih pada jam 11 PM.,0
Peringatan: Langganan Unifi anda gagal diperbaharui. Kemaskini kad kredit anda di http://semakan-lhdn-gov.top.,1
Terima kasih kerana menggunakan perkhidmatan Touch 'n Go. Sila berikan maklum balas anda di sini.,0
Makluman: Gangguan bekalan air di kawasan Gong Badak dijangka pulih pada jam 6 PM.,0
Pengesahan pendaftaran: Anda telah berjaya mendaftar untuk kursus Cybersecurity Forensics di portal UniSZA.,0
Resit rasmi bagi transaksi TXN651818 berjaya diproses. Sila simpan untuk rujukan masa hadapan.,0
Kurier Grab: Penghantaran bungkusan anda gagal. Sila bayar kos penghantaran semula di http://bit.ly/kemaskini-akaun-2026.,1
Penyata akaun bulanan anda bagi bulan Mac kini boleh dimuat turun di portal rasmi.,0
Penyata akaun bulanan anda bagi bulan Mei kini boleh dimuat turun di portal rasmi.,0
Bantuan Tunai Rahmah: Semak status kelayakan RM4781 anda di pautan rasmi ini http://login-secure-web.net.,1
Tindakan segera diperlukan! Akaun CIMB Clicks anda telah disekat. Sila sahkan identiti di http://verify-identity.com.,1
Kurier Grab: Penghantaran bungkusan anda gagal. Sila bayar kos penghantaran semula di http://bit.ly/kemaskini-akaun-2026.,1
Tindakan segera diperlukan! Akaun Maybank2u anda telah disekat. Sila sahkan identiti di http://verify-identity.com.,1
Sila hantar laporan mingguan bagi projek Pembangunan Sistem IoT sebelum hari Jumaat ini.,0
Peringatan mesyuarat: Perbincangan mengenai Final Year Project akan diadakan pada Jumaat jam 7 PM.,0
Makluman: Gangguan bekalan air di kawasan Kuala Terengganu dijangka pulih pada jam 2 PM.,0
Notis LHDN: Anda mempunyai tunggakan cukai sebanyak RM1542. Sila bayar segera di http://semakan-lhdn-gov.top.,1
Sila hantar laporan mingguan bagi projek Pembangunan Sistem IoT sebelum hari Jumaat ini.,0
Notis LHDN: Anda mempunyai tunggakan cukai sebanyak RM4095. Sila bayar segera di http://login-secure-web.net.,1
Tindakan segera diperlukan! Akaun Bank Islam anda telah disekat. Sila sahkan identiti di http://login-secure-web.net.,1
Resit rasmi bagi transaksi TXN411659 berjaya diproses. Sila simpan untuk rujukan masa hadapan.,0
Peringatan mesyuarat: Perbincangan mengenai SecurityX Training akan diadakan pada Jumaat jam 5 PM.,0
Pengesahan pendaftaran: Anda telah berjaya mendaftar untuk kursus Cybersecurity Forensics di portal UniSZA.,0
Tindakan segera diperlukan! Akaun Hong Leong Connect anda telah disekat. Sila sahkan identiti di http://bit.ly/kemaskini-akaun-2026.,1
Notis LHDN: Anda mempunyai tunggakan cukai sebanyak RM2431. Sila bayar segera di http://bit.ly/kemaskini-akaun-2026.,1
Notis: Penyelenggaraan sistem E-Daftar akan dijalankan pada malam ini dari jam 12AM hingga 4AM.,0
Pengesahan pendaftaran: Anda telah berjaya mendaftar untuk kursus Cybersecurity Forensics di portal UniSZA.,0
Notis LHDN: Anda mempunyai tunggakan cukai sebanyak RM4690. Sila bayar segera di http://verify-identity.com.,1
Notis LHDN: Anda mempunyai tunggakan cukai sebanyak RM1509. Sila bayar segera di http://verify-identity.com.,1
Bantuan Tunai Rahmah: Semak status kelayakan RM2246 anda di pautan rasmi ini http://verify-identity.com.,1
Notis: Penyelenggaraan sistem E-Daftar akan dijalankan pada malam ini dari jam 12AM hingga 4AM.,0
Tahniah! Anda terpilih memenangi hadiah RM2074 dari J&T Express. Klik http://verify-identity.com untuk tuntut.,1
Notis LHDN: Anda mempunyai tunggakan cukai sebanyak RM4472. Sila bayar segera di http://verify-identity.com.,1
Tahniah! Anda terpilih memenangi hadiah RM1419 dari Pos Laju. Klik http://bit.ly/kemaskini-akaun-2026 untuk tuntut.,1
Notis LHDN: Anda mempunyai tunggakan cukai sebanyak RM3124. Sila bayar segera di http://verify-identity.com.,1
Kurier Grab: Penghantaran bungkusan anda gagal. Sila bayar kos penghantaran semula di http://login-secure-web.net.,1
Notis LHDN: Anda mempunyai tunggakan cukai sebanyak RM4253. Sila bayar segera di http://verify-identity.com.,1
Terima kasih kerana menggunakan perkhidmatan Shopee. Sila berikan maklum balas anda di sini.,0
Notis LHDN: Anda mempunyai tunggakan cukai sebanyak RM2841. Sila bayar segera di http://semakan-lhdn-gov.top.,1
Terima kasih kerana menggunakan perkhidmatan Pos Laju. Sila berikan maklum balas anda di sini.,0
Peringatan: Langganan Spotify anda gagal diperbaharui. Kemaskini kad kredit anda di http://semakan-lhdn-gov.top.,1
Bantuan Tunai Rahmah: Semak status kelayakan RM1065 anda di pautan rasmi ini http://bit.ly/kemaskini-akaun-2026.,1
Peringatan: Langganan iCloud anda gagal diperbaharui. Kemaskini kad kredit anda di http://verify-identity.com.,1
Notis: Penyelenggaraan sistem E-Daftar akan dijalankan pada malam ini dari jam 12AM hingga 4AM.,0
Tahniah! Anda terpilih memenangi hadiah RM1609 dari J&T Express. Klik http://verify-identity.com untuk tuntut.,1
Notis: Penyelenggaraan sistem E-Daftar akan dijalankan pada malam ini dari jam 12AM hingga 4AM.,0
Makluman: Gangguan bekalan air di kawasan Johor Bahru dijangka pulih pada jam 8 PM.,0
Penyata akaun bulanan anda bagi bulan Jun kini boleh dimuat turun di portal rasmi.,0
Tahniah! Anda terpilih memenangi hadiah RM1382 dari Lazada. Klik http://login-secure-web.net untuk tuntut.,1
Notis: Penyelenggaraan sistem E-Daftar akan dijalankan pada malam ini dari jam 12AM hingga 4AM.,0
Pengesahan pendaftaran: Anda telah berjaya mendaftar untuk kursus Cybersecurity Forensics di portal UniSZA.,0
Tindakan segera diperlukan! Akaun Hong Leong Connect anda telah disekat. Sila sahkan identiti di http://semakan-lhdn-gov.top.,1
Penyata akaun bulanan anda bagi bulan April kini boleh dimuat turun di portal rasmi.,0
Sila hantar laporan mingguan bagi projek Pembangunan Sistem IoT sebelum hari Jumaat ini.,0
Terima kasih kerana menggunakan perkhidmatan Lazada. Sila berikan maklum balas anda di sini.,0
Pengesahan pendaftaran: Anda telah berjaya mendaftar untuk kursus Cybersecurity Forensics di portal UniSZA.,0
Peringatan mesyuarat: Perbincangan mengenai Final Year Project akan diadakan pada Jumaat jam 2 PM.,0
Notis: Penyelenggaraan sistem E-Daftar akan dijalankan pada malam ini dari jam 12AM hingga 4AM.,0
"Amaran: Percubaan log masuk dikesan pada akaun Spotify anda. Jika bukan anda, klik http://bit.ly/kemaskini-akaun-2026.",1
"Amaran: Percubaan log masuk dikesan pada akaun Spotify anda. Jika bukan anda, klik http://semakan-lhdn-gov.top.",1
Notis LHDN: Anda mempunyai tunggakan cukai sebanyak RM2403. Sila bayar segera di http://verify-identity.com.,1
Pengesahan pendaftaran: Anda telah berjaya mendaftar untuk kursus Cybersecurity Forensics di portal UniSZA.,0
Bantuan Tunai Rahmah: Semak status kelayakan RM1269 anda di pautan rasmi ini http://verify-identity.com.,1
Notis: Penyelenggaraan sistem E-Daftar akan dijalankan pada malam ini dari jam 12AM hingga 4AM.,0
Peringatan: Langganan Spotify anda gagal diperbaharui. Kemaskini kad kredit anda di http://verify-identity.com.,1
Notis LHDN: Anda mempunyai tunggakan cukai sebanyak RM1505. Sila bayar segera di http://login-secure-web.net.,1
Tindakan segera diperlukan! Akaun Public Bank anda telah disekat. Sila sahkan identiti di http://login-secure-web.net.,1
Resit rasmi bagi transaksi TXN658774 berjaya diproses. Sila simpan untuk rujukan masa hadapan.,0
Peringatan: Langganan Disney+ Hotstar anda gagal diperbaharui. Kemaskini kad kredit anda di http://verify-identity.com.,1
Peringatan: Langganan Netflix anda gagal diperbaharui. Kemaskini kad kredit anda di http://semakan-lhdn-gov.top.,1
Bantuan Tunai Rahmah: Semak status kelayakan RM2296 anda di pautan rasmi ini http://semakan-lhdn-gov.top.,1
Sila hantar laporan mingguan bagi projek Pembangunan Sistem IoT sebelum hari Jumaat ini.,0
Peringatan: Langganan Netflix anda gagal diperbaharui. Kemaskini kad kredit anda di http://verify-identity.com.,1
Notis: Penyelenggaraan sistem E-Daftar akan dijalankan pada malam ini dari jam 12AM hingga 4AM.,0
Notis: Penyelenggaraan sistem E-Daftar akan dijalankan pada malam ini dari jam 12AM hingga 4AM.,0
Peringatan mesyuarat: Perbincangan mengenai Final Year Project akan diadakan pada Jumaat jam 10 PM.,0
Terima kasih kerana menggunakan perkhidmatan Grab. Sila berikan maklum balas anda di sini.,0
Peringatan mesyuarat: Perbincangan mengenai Latihan Industri akan diadakan pada Jumaat jam 6 PM.,0
Sila hantar laporan mingguan bagi projek Pembangunan Sistem IoT sebelum hari Jumaat ini.,0
Terima kasih kerana menggunakan perkhidmatan Lazada. Sila berikan maklum balas anda di sini.,0
Notis LHDN: Anda mempunyai tunggakan cukai sebanyak RM2802. Sila bayar segera di http://login-secure-web.net.,1
Tindakan segera diperlukan! Akaun CIMB Clicks anda telah disekat. Sila sahkan identiti di http://verify-identity.com.,1
Makluman: Gangguan bekalan air di kawasan Kuala Terengganu dijangka pulih pada jam 3 PM.,0
Sila hantar laporan mingguan bagi projek Pembangunan Sistem IoT sebelum hari Jumaat ini.,0
Resit rasmi bagi transaksi TXN892192 berjaya diproses. Sila simpan untuk rujukan masa hadapan.,0
Tindakan segera diperlukan! Akaun Bank Islam anda telah disekat. Sila sahkan identiti di http://login-secure-web.net.,1
Sila hantar laporan mingguan bagi projek Pembangunan Sistem IoT sebelum hari Jumaat ini.,0
Tahniah! Anda terpilih memenangi hadiah RM4386 dari J&T Express. Klik http://semakan-lhdn-gov.top untuk tuntut.,1
Notis LHDN: Anda mempunyai tunggakan cukai sebanyak RM1260. Sila bayar segera di http://login-secure-web.net.,1
Bantuan Tunai Rahmah: Semak status kelayakan RM611 anda di pautan rasmi ini http://bit.ly/kemaskini-akaun-2026.,1
Notis: Penyelenggaraan sistem E-Daftar akan dijalankan pada malam ini dari jam 12AM hingga 4AM.,0
Makluman: Gangguan bekalan air di kawasan Kuala Lumpur dijangka pulih pada jam 4 PM.,0
Sila hantar laporan mingguan bagi projek Pembangunan Sistem IoT sebelum hari Jumaat ini.,0
Resit rasmi bagi transaksi TXN303098 berjaya diproses. Sila simpan untuk rujukan masa hadapan.,0
Peringatan mesyuarat: Perbincangan mengenai Final Year Project akan diadakan pada Jumaat jam 9 PM.,0
Bantuan Tunai Rahmah: Semak status kelayakan RM3839 anda di pautan rasmi ini http://semakan-lhdn-gov.top.,1
Kurier Shopee: Penghantaran bungkusan anda gagal. Sila bayar kos penghantaran semula di http://verify-identity.com.,1
Penyata akaun bulanan anda bagi bulan Jun kini boleh dimuat turun di portal rasmi.,0
Peringatan: Langganan Disney+ Hotstar anda gagal diperbaharui. Kemaskini kad kredit anda di http://verify-identity.com.,1
Tindakan segera diperlukan! Akaun Hong Leong Connect anda telah disekat. Sila sahkan identiti di http://login-secure-web.net.,1
Penyata akaun bulanan anda bagi bulan Mei kini boleh dimuat turun di portal rasmi.,0
Notis: Penyelenggaraan sistem E-Daftar akan dijalankan pada malam ini dari jam 12AM hingga 4AM.,0
Akses portal SAPS anda akan ditamatkan dalam masa 24 jam. Sila log masuk di http://bit.ly/kemaskini-akaun-2026 untuk rayuan.,1
Peringatan: Langganan Unifi anda gagal diperbaharui. Kemaskini kad kredit anda di http://bit.ly/kemaskini-akaun-2026.,1
Makluman: Gangguan bekalan air di kawasan Kuala Terengganu dijangka pulih pada jam 10 PM.,0
Tindakan segera diperlukan! Akaun RHB Now anda telah disekat. Sila sahkan identiti di http://semakan-lhdn-gov.top.,1
Kurier J&T Express: Penghantaran bungkusan anda gagal. Sila bayar kos penghantaran semula di http://bit.ly/kemaskini-akaun-2026.,1
Peringatan mesyuarat: Perbincangan mengenai SecurityX Training akan diadakan pada Jumaat jam 7 PM.,0
Peringatan: Langganan iCloud anda gagal diperbaharui. Kemaskini kad kredit anda di http://semakan-lhdn-gov.top.,1
Terima kasih kerana menggunakan perkhidmatan Shopee. Sila berikan maklum balas anda di sini.,0
Resit rasmi bagi transaksi TXN900749 berjaya diproses. Sila simpan untuk rujukan masa hadapan.,0
"Amaran: Percubaan log masuk dikesan pada akaun Spotify anda. Jika bukan anda, klik http://bit.ly/kemaskini-akaun-2026.",1
Resit rasmi bagi transaksi TXN513011 berjaya diproses. Sila simpan untuk rujukan masa hadapan.,0
Pengesahan pendaftaran: Anda telah berjaya mendaftar untuk kursus Cybersecurity Forensics di portal UniSZA.,0
Penyata akaun bulanan anda bagi bulan Februari kini boleh dimuat turun di portal rasmi.,0
Tahniah! Anda terpilih memenangi hadiah RM4916 dari Lazada. Klik http://login-secure-web.net untuk tuntut.,1
Tahniah! Anda terpilih memenangi hadiah RM2389 dari Pos Laju. Klik http://verify-identity.com untuk tuntut.,1
Resit rasmi bagi transaksi TXN744579 berjaya diproses. Sila simpan untuk rujukan masa hadapan.,0
Peringatan mesyuarat: Perbincangan mengenai Latihan Industri akan diadakan pada Jumaat jam 6 PM.,0
Tindakan segera diperlukan! Akaun Maybank2u anda telah disekat. Sila sahkan identiti di http://verify-identity.com.,1
Makluman: Gangguan bekalan air di kawasan Kuala Lumpur dijangka pulih pada jam 5 PM.,0
Makluman: Gangguan bekalan air di kawasan Besut dijangka pulih pada jam 5 PM.,0
Peringatan: Langganan Spotify anda gagal diperbaharui. Kemaskini kad kredit anda di http://verify-identity.com.,1
Notis LHDN: Anda mempunyai tunggakan cukai sebanyak RM2513. Sila bayar segera di http://semakan-lhdn-gov.top.,1
Bantuan Tunai Rahmah: Semak status kelayakan RM4682 anda di pautan rasmi ini http://verify-identity.com.,1
Terima kasih kerana menggunakan perkhidmatan Grab. Sila berikan maklum balas anda di sini.,0
Notis: Penyelenggaraan sistem E-Daftar akan dijalankan pada malam ini dari jam 12AM hingga 4AM.,0
Sila hantar laporan mingguan bagi projek Pembangunan Sistem IoT sebelum hari Jumaat ini.,0
Kurier Pos Laju: Penghantaran bungkusan anda gagal. Sila bayar kos penghantaran semula di http://verify-identity.com.,1
Penyata akaun bulanan anda bagi bulan Februari kini boleh dimuat turun di portal rasmi.,0
Notis: Penyelenggaraan sistem E-Daftar akan dijalankan pada malam ini dari jam 12AM hingga 4AM.,0
Sila hantar laporan mingguan bagi projek Pembangunan Sistem IoT sebelum hari Jumaat ini.,0
"Amaran: Percubaan log masuk dikesan pada akaun Netflix anda. Jika bukan anda, klik http://semakan-lhdn-gov.top.",1
Notis LHDN: Anda mempunyai tunggakan cukai sebanyak RM900. Sila bayar segera di http://verify-identity.com.,1
Bantuan Tunai Rahmah: Semak status kelayakan RM4957 anda di pautan rasmi ini http://semakan-lhdn-gov.top.,1
Notis: Penyelenggaraan sistem E-Daftar akan dijalankan pada malam ini dari jam 12AM hingga 4AM.,0
Pengesahan pendaftaran: Anda telah berjaya mendaftar untuk kursus Cybersecurity Forensics di portal UniSZA.,0
Makluman: Gangguan bekalan air di kawasan Kuala Terengganu dijangka pulih pada jam 11 PM.,0
Peringatan: Langganan Disney+ Hotstar anda gagal diperbaharui. Kemaskini kad kredit anda di http://login-secure-web.net.,1
